{
  "type": "FeatureCollection",
  "generator": "overpass-turbo",
  "copyright": "The data included in this document is from www.openstreetmap.org. The data is made available under ODbL.",
  "timestamp": "2026-08-25T03:49:23Z",
  "features": [
    {
      "type": "Feature",
      "properties": {
        "@id": "node/70753469",
        "name": "สามเสน",
        "name:en": "Sam Sen",
        "name:th": "สามเสน",
        "public_transport": "station",
        "railway": "station",
        "railway:ref": "สส",
        "railway:station_category": "1",
        "ref": "สส.",
        "ref:station": "1004",
        "source": "GPS;sign",
        "train": "yes",
        "wikidata": "Q6895741"
      },
      "geometry": {
        "type": "Point",
        "coordinates": [
          100.5299374,
          13.7794448
        ]
      },
      "id": "node/70753469"
    },
    {
      "type": "Feature",
      "properties": {
        "@id": "node/236480470",
        "name": "คลองพุทรา",
        "name:en": "Khlong Phutsa",
        "name:th": "คลองพุทรา",
        "network": "การรถไฟแห่งประเทศไทย",
        "network:en": "State Railway of Thailand",
        "network:th": "การรถไฟแห่งประเทศไทย",
        "network:wikidata": "Q2165702",
        "operator": "การรถไฟแห่งประเทศไทย",
        "public_transport": "station",
        "railway": "station",
        "railway:ref": "พซ",
        "railway:station_category": "3",
        "ref": "พซ.",
        "ref:station": "1026",
        "source": "GPS",
        "train": "yes",
        "wikidata": "Q13015621"
      },
      "geometry": {
        "type": "Point",
        "coordinates": [
          100.5782987,
          14.1858761
        ]
      },
      "id": "node/236480470"
    },
    {
      "type": "Feature",
      "properties": {
        "@id": "node/249644272",
        "name": "ศาลายา",
        "name:en": "Sala Ya",
        "name:th": "ศาลายา",
        "network": "การรถไฟแห่งประเทศไทย",
        "network:en": "State Railway of Thailand",
        "network:th": "การรถไฟแห่งประเทศไทย",
        "network:wikidata": "Q2165702",
        "operator": "การรถไฟแห่งประเทศไทย",
        "public_transport": "station",
        "railway": "station",
        "railway:ref": "ลย",
        "ref": "ลย.",
        "srt_code": "SLY",
        "train": "yes",
        "wikidata": "Q13021768",
        "wikipedia": "th:สถานีศาลายา"
      },
      "geometry": {
        "type": "Point",
        "coordinates": [
          100.3243341,
          13.8025019
        ]
      },
      "id": "node/249644272"
    },
    {
      "type": "Feature",
      "properties": {
        "@id": "node/257066779",
        "air_conditioning": "no",
        "name": "สุรศักดิ์",
        "name:en": "Surasak",
        "name:th": "สุรศักดิ์",
        "network": "BTS",
        "operator": "ระบบขนส่งมวลชนกรุงเทพ",
        "operator:en": "Bangkok Mass Transit System;BTSC",
        "public_transport": "station",
        "railway": "station",
        "ref": "S5",
        "station": "subway",
        "subway": "yes",
        "wheelchair": "limited",
        "wikidata": "Q1030152"
      },
      "geometry": {
        "type": "Point",
        "coordinates": [
          100.5214619,
          13.7192683
        ]
      },
      "id": "node/257066779"
    },
    {
      "type": "Feature",
      "properties": {
        "@id": "node/257066790",
        "name": "ช่องนนทรี",
        "name:en": "Chong Nonsi",
        "name:th": "ช่องนนทรี",
        "operator": "ระบบขนส่งมวลชนกรุงเทพ",
        "public_transport": "station",
        "railway": "station",
        "ref": "S3",
        "station": "subway",
        "subway": "yes",
        "wheelchair": "yes",
        "wikidata": "Q1030199",
        "wikipedia": "th:สถานีช่องนนทรี"
      },
      "geometry": {
        "type": "Point",
        "coordinates": [
          100.529325,
          13.7237969
        ]
      },
      "id": "node/257066790"
    },
    {
      "type": "Feature",
      "properties": {
        "@id": "node/257066809",
        "name": "ราชดำริ",
        "name:en": "Ratchadamri",
        "name:th": "ราชดำริ",
        "operator": "ระบบขนส่งมวลชนกรุงเทพ",
        "operator:en": "Bangkok Mass Transit System;BTSC",
        "public_transport": "station",
        "railway": "station",
        "ref": "S1",
        "station": "subway",
        "subway": "yes",
        "wheelchair": "yes",
        "wikidata": "Q1030185"
      },
      "geometry": {
        "type": "Point",
        "coordinates": [
          100.5394496,
          13.7394708
        ]
      },
      "id": "node/257066809"
    },
    {
      "type": "Feature",
      "properties": {
        "@id": "node/257067085",
        "addr:province": "กรุงเทพมหานคร",
        "country": "ไทย",
        "name": "สะพานตากสิน",
        "name:de": "Saphan Taksin",
        "name:en": "Saphan Taksin",
        "name:fr": "Saphan Taksin",
        "name:th": "สะพานตากสิน",
        "operator": "ระบบขนส่งมวลชนกรุงเทพ",
        "province": "Bangkok",
        "public_transport": "station",
        "railway": "station",
        "ref": "S6",
        "station": "subway",
        "subway": "yes",
        "wikidata": "Q1021944"
      },
      "geometry": {
        "type": "Point",
        "coordinates": [
          100.514223,
          13.7188128
        ]
      },
      "id": "node/257067085"
    },
    {
      "type": "Feature",
      "properties": {
        "@id": "node/259723390",
        "name": "เชียงรากน้อย",
        "name:en": "Chiang Rak Noi",
        "name:th": "เชียงรากน้อย",
        "network": "การรถไฟแห่งประเทศไทย",
        "network:en": "State Railway of Thailand",
        "network:th": "การรถไฟแห่งประเทศไทย",
        "network:wikidata": "Q2165702",
        "operator": "การรถไฟแห่งประเทศไทย",
        "public_transport": "station",
        "railway": "station",
        "railway:ref": "ชน",
        "railway:station_category": "2",
        "ref": "ชน.",
        "ref:station": "1023",
        "train": "yes",
        "wikidata": "Q13021807"
      },
      "geometry": {
        "type": "Point",
        "coordinates": [
          100.5820984,
          14.1305435
        ]
      },
      "id": "node/259723390"
    },
    {
      "type": "Feature",
      "properties": {
        "@id": "node/259723391",
        "name": "เชียงราก",
        "name:en": "Chiang Rak",
        "name:th": "เชียงราก",
        "network": "การรถไฟแห่งประเทศไทย",
        "network:en": "State Railway of Thailand",
        "network:th": "การรถไฟแห่งประเทศไทย",
        "network:wikidata": "Q2165702",
        "operator": "การรถไฟแห่งประเทศไทย",
        "public_transport": "station",
        "railway": "station",
        "railway:ref": "ชร",
        "railway:station_category": "2",
        "ref": "ชร.",
        "ref:station": "1022",
        "train": "yes",
        "wikidata": "Q15044034"
      },
      "geometry": {
        "type": "Point",
        "coordinates": [
          100.5923849,
          14.055337
        ]
      },
      "id": "node/259723391"
    },
    {
      "type": "Feature",
      "properties": {
        "@id": "node/259723396",
        "access": "no",
        "name": "จิตรลดา",
        "name:en": "Chitlada",
        "name:th": "จิตรลดา",
        "public_transport": "station",
        "railway": "station",
        "railway:ref": "จล",
        "railway:ref:en": "CLD",
        "railway:station_category": "พิเศษ",
        "ref": "จล.",
        "ref:station": "1003",
        "srt_code": "1003",
        "train": "yes",
        "wikidata": "Q6633293"
      },
      "geometry": {
        "type": "Point",
        "coordinates": [
          100.5247073,
          13.7665394
        ]
      },
      "id": "node/259723396"
    },
    {
      "type": "Feature",
      "properties": {
        "@id": "node/280179404",
        "addr:country": "Thailand",
        "addr:district": "ปทุมวัน",
        "addr:district:en": "Pathumwan",
        "addr:province": "กรุงเทพมหานคร",
        "addr:province:en": "Bangkok",
        "addr:subdistrict": "รองเมือง",
        "name": "หัวลำโพง",
        "name:en": "Hua Lamphong",
        "name:th": "หัวลำโพง",
        "name:zh": "華喃峰",
        "operator": "ทางด่วนและรถไฟฟ้ากรุงเทพ",
        "public_transport": "station",
        "railway": "station",
        "ref": "BL28",
        "station": "subway",
        "subway": "yes",
        "wikidata": "Q13021858",
        "wikipedia": "th:สถานีหัวลำโพง"
      },
      "geometry": {
        "type": "Point",
        "coordinates": [
          100.517135,
          13.7375708
        ]
      },
      "id": "node/280179404"
    },
    {
      "type": "Feature",
      "properties": {
        "@id": "node/280179427",
        "addr:province": "กรุงเทพมหานคร",
        "alt_name": "Phra Ram 9 Station",
        "country": "Thailand",
        "name": "พระราม 9",
        "name:en": "Phra Ram 9",
        "name:fr": "Phra Ram 9",
        "name:th": "พระราม 9",
        "name:zh": "帕蓝9站",
        "operator": "ทางด่วนและรถไฟฟ้ากรุงเทพ",
        "province": "Bangkok",
        "public_transport": "station",
        "railway": "station",
        "ref": "BL20",
        "station": "subway",
        "subway": "yes",
        "website": "https://www.mrta.co.th/en/mrt-chaloem-ratchamongkhon",
        "wheelchair": "yes",
        "wikidata": "Q1036857"
      },
      "geometry": {
        "type": "Point",
        "coordinates": [
          100.5652774,
          13.7578166
        ]
      },
      "id": "node/280179427"
    },
    {
      "type": "Feature",
      "properties": {
        "@id": "node/280179448",
        "name": "ศูนย์การประชุมแห่งชาติสิริกิติ์",
        "name:en": "Queen Sirikit National Convention Centre",
        "name:th": "ศูนย์การประชุมแห่งชาติสิริกิติ์",
        "operator": "ทางด่วนและรถไฟฟ้ากรุงเทพ",
        "public_transport": "station",
        "railway": "station",
        "ref": "BL23",
        "short_name": "ศูนย์สิริกิติ์",
        "short_name:en": "Sirikit Centre",
        "short_name:th": "ศูนย์สิริกิติ์",
        "station": "subway",
        "subway": "yes",
        "wheelchair": "yes",
        "wikidata": "Q4921067"
      },
      "geometry": {
        "type": "Point",
        "coordinates": [
          100.5599134,
          13.7226725
        ]
      },
      "id": "node/280179448"
    },
    {
      "type": "Feature",
      "properties": {
        "@id": "node/280222462",
        "addr:country": "Thailand",
        "addr:province": "กรุงเทพมหานคร",
        "addr:province:en": "ฺBangkok",
        "country": "ไทย",
        "name": "ลุมพินี",
        "name:en": "Lumphini",
        "name:th": "ลุมพินี",
        "operator": "ทางด่วนและรถไฟฟ้ากรุงเทพ",
        "province": "กรุงเทพมหานคร",
        "public_transport": "station",
        "railway": "station",
        "ref": "BL25",
        "station": "subway",
        "subway": "yes",
        "wikidata": "Q4923316"
      },
      "geometry": {
        "type": "Point",
        "coordinates": [
          100.5457249,
          13.7256066
        ]
      },
      "id": "node/280222462"
    },
    {
      "type": "Feature",
      "properties": {
        "@id": "node/280239009",
        "name": "ห้วยขวาง",
        "name:en": "Huai Khwang",
        "name:th": "ห้วยขวาง",
        "name:zh": "汇权",
        "operator": "ทางด่วนและรถไฟฟ้ากรุงเทพ",
        "public_transport": "station",
        "railway": "station",
        "ref": "BL18",
        "station": "subway",
        "subway": "yes",
        "wikidata": "Q13021853"
      },
      "geometry": {
        "type": "Point",
        "coordinates": [
          100.5735662,
          13.7786878
        ]
      },
      "id": "node/280239009"
    },
    {
      "type": "Feature",
      "properties": {
        "@id": "node/280239362",
        "name": "สุทธิสาร",
        "name:en": "Sutthisan",
        "name:th": "สุทธิสาร",
        "name:zh": "素铁讪",
        "operator": "ทางด่วนและรถไฟฟ้ากรุงเทพ",
        "public_transport": "station",
        "railway": "station",
        "ref": "BL17",
        "station": "subway",
        "subway": "yes",
        "wikidata": "Q4923841"
      },
      "geometry": {
        "type": "Point",
        "coordinates": [
          100.5740801,
          13.7894884
        ]
      },
      "id": "node/280239362"
    },
    {
      "type": "Feature",
      "properties": {
        "@id": "node/280239363",
        "name": "รัชดาภิเษก",
        "name:en": "Ratchadaphisek",
        "name:th": "รัชดาภิเษก",
        "name:zh": "叻猜拉披色",
        "operator": "ทางด่วนและรถไฟฟ้ากรุงเทพ",
        "public_transport": "station",
        "railway": "station",
        "ref": "BL16",
        "station": "subway",
        "subway": "yes",
        "wikidata": "Q4924317"
      },
      "geometry": {
        "type": "Point",
        "coordinates": [
          100.5745537,
          13.7989706
        ]
      },
      "id": "node/280239363"
    },
    {
      "type": "Feature",
      "properties": {
        "@id": "node/280240574",
        "name": "ศูนย์วัฒนธรรมแห่งประเทศไทย",
        "name:en": "Thailand Cultural Centre",
        "name:th": "ศูนย์วัฒนธรรมแห่งประเทศไทย",
        "name:zh": "泰国文化中心",
        "operator": "ทางด่วนและรถไฟฟ้ากรุงเทพ",
        "public_transport": "station",
        "railway": "station",
        "ref": "BL19",
        "station": "subway",
        "subway": "yes",
        "wikidata": "Q6633637"
      },
      "geometry": {
        "type": "Point",
        "coordinates": [
          100.5701188,
          13.7661576
        ]
      },
      "id": "node/280240574"
    },
    {
      "type": "Feature",
      "properties": {
        "@id": "node/280240577",
        "name": "ลาดพร้าว",
        "name:en": "Lat Phrao",
        "name:th": "ลาดพร้าว",
        "name:zh": "叻抛",
        "operator": "ทางด่วนและรถไฟฟ้ากรุงเทพ",
        "public_transport": "station",
        "railway": "station",
        "ref": "BL15",
        "station": "subway",
        "subway": "yes",
        "wikidata": "Q4923372"
      },
      "geometry": {
        "type": "Point",
        "coordinates": [
          100.5728701,
          13.806503
        ]
      },
      "id": "node/280240577"
    },
    {
      "type": "Feature",
      "properties": {
        "@id": "node/280240580",
        "addr:country": "Thailand",
        "addr:district": "จตุจักร",
        "addr:district:en": "Chatuchak",
        "addr:postcode": "10900",
        "addr:province": "กรุงเทพมหานคร",
        "addr:province:en": "Bangkok",
        "addr:street": "ถนนลาดพร้าว",
        "addr:street:en": "Ladprao road",
        "addr:subdistrict": "จตุจักร",
        "alt_name": "สถานีรถไฟพหลโยธิน",
        "description": "สถานีรถไฟพหลโยธิน Phahon Yothin Station ฺBangkok",
        "name": "พหลโยธิน",
        "name:en": "Phahon Yothin",
        "name:ja": "パホンヨーティン駅",
        "name:th": "พหลโยธิน",
        "name:zh": "帕凤裕庭",
        "operator": "ทางด่วนและรถไฟฟ้ากรุงเทพ",
        "public_transport": "station",
        "railway": "station",
        "ref": "BL14",
        "station": "subway",
        "subway": "yes",
        "wikidata": "Q4919752",
        "wikipedia": "th:สถานีพหลโยธิน (รถไฟฟ้ามหานคร)"
      },
      "geometry": {
        "type": "Point",
        "coordinates": [
          100.5614634,
          13.8128808
        ]
      },
      "id": "node/280240580"
    },
    {
      "type": "Feature",
      "properties": {
        "@id": "node/280240585",
        "name": "สวนจตุจักร",
        "name:en": "Chatuchak Park",
        "name:th": "สวนจตุจักร",
        "name:zh": "乍都节公园",
        "network": "MRT",
        "operator": "ทางด่วนและรถไฟฟ้ากรุงเทพ",
        "public_transport": "station",
        "railway": "station",
        "ref": "BL13",
        "station": "subway",
        "subway": "yes",
        "wikidata": "Q6633742"
      },
      "geometry": {
        "type": "Point",
        "coordinates": [
          100.5532845,
          13.8029643
        ]
      },
      "id": "node/280240585"
    },
    {
      "type": "Feature",
      "properties": {
        "@id": "node/280240589",
        "name": "กำแพงเพชร",
        "name:en": "Kamphaeng Phet",
        "name:th": "กำแพงเพชร",
        "name:zh": "甘烹碧车站",
        "operator": "ทางด่วนและรถไฟฟ้ากรุงเทพ",
        "public_transport": "station",
        "railway": "station",
        "ref": "BL12",
        "station": "subway",
        "subway": "yes",
        "wikidata": "Q13590884"
      },
      "geometry": {
        "type": "Point",
        "coordinates": [
          100.5478837,
          13.7979484
        ]
      },
      "id": "node/280240589"
    },
    {
      "type": "Feature",
      "properties": {
        "@id": "node/280729450",
        "name": "คลองเตย",
        "name:en": "Khlong Toei",
        "name:th": "คลองเตย",
        "operator": "ทางด่วนและรถไฟฟ้ากรุงเทพ",
        "public_transport": "station",
        "railway": "station",
        "ref": "BL24",
        "station": "subway",
        "subway": "yes",
        "wheelchair": "yes",
        "wikidata": "Q4920172"
      },
      "geometry": {
        "type": "Point",
        "coordinates": [
          100.5543696,
          13.7221264
        ]
      },
      "id": "node/280729450"
    },
    {
      "type": "Feature",
      "properties": {
        "@id": "node/305693940",
        "name": "โพธิ์นิมิตร",
        "name:en": "Pho Nimit",
        "name:th": "โพธิ์นิมิตร",
        "network": "BTS",
        "operator": "กรุงเทพธนาคม",
        "public_transport": "station",
        "railway": "station",
        "ref": "S9",
        "start_date": "2013-01-12",
        "station": "subway",
        "subway": "yes",
        "wheelchair": "yes",
        "wikidata": "Q18388309"
      },
      "geometry": {
        "type": "Point",
        "coordinates": [
          100.4859681,
          13.7192426
        ]
      },
      "id": "node/305693940"
    },
    {
      "type": "Feature",
      "properties": {
        "@id": "node/340133002",
        "name": "ตลาดพลู",
        "name:en": "Talat Phlu",
        "name:th": "ตลาดพลู",
        "network": "BTS",
        "operator": "กรุงเทพธนาคม",
        "public_transport": "station",
        "railway": "station",
        "ref": "S10",
        "start_date": "2013-01-12",
        "station": "subway",
        "subway": "yes",
        "wikidata": "Q18393239",
        "wikipedia": "th:สถานีตลาดพลู"
      },
      "geometry": {
        "type": "Point",
        "coordinates": [
          100.4766912,
          13.7142201
        ]
      },
      "id": "node/340133002"
    },
    {
      "type": "Feature",
      "properties": {
        "@id": "node/358613848",
        "name": "ยมราช",
        "name:en": "Yommarat",
        "name:th": "ยมราช",
        "public_transport": "station",
        "railway": "halt",
        "railway:ref": "ยช",
        "railway:station_category": "ป้ายหยุดรถ",
        "ref": "ยช.",
        "ref:station": "1002",
        "train": "yes",
        "wikidata": "Q13563190"
      },
      "geometry": {
        "type": "Point",
        "coordinates": [
          100.5214744,
          13.758628
        ]
      },
      "id": "node/358613848"
    },
    {
      "type": "Feature",
      "properties": {
        "@id": "node/360166991",
        "name": "โรงพยาบาลรามาธิบดี",
        "name:en": "Ramathibodi Hospital",
        "name:th": "โรงพยาบาลรามาธิบดี",
        "public_transport": "station",
        "railway": "halt",
        "railway:ref": "รธ",
        "railway:station_category": "ป้ายหยุดรถ",
        "ref": "รธ.",
        "ref:station": "1232",
        "train": "yes",
        "wikidata": "Q17057655"
      },
      "geometry": {
        "type": "Point",
        "coordinates": [
          100.5255047,
          13.7685073
        ]
      },
      "id": "node/360166991"
    },
    {
      "type": "Feature",
      "properties": {
        "@id": "node/443815142",
        "name": "วงเวียนใหญ่",
        "name:en": "Wongwian Yai",
        "name:th": "วงเวียนใหญ่",
        "network": "BTS",
        "operator": "ระบบขนส่งมวลชนกรุงเทพ",
        "operator:en": "Bangkok Mass Transit System;BTSC",
        "public_transport": "station",
        "railway": "station",
        "ref": "S8",
        "station": "subway",
        "subway": "yes",
        "wikidata": "Q13021824",
        "wikipedia": "th:สถานีวงเวียนใหญ่"
      },
      "geometry": {
        "type": "Point",
        "coordinates": [
          100.4951594,
          13.7210816
        ]
      },
      "id": "node/443815142"
    },
    {
      "type": "Feature",
      "properties": {
        "@id": "node/443815144",
        "name": "กรุงธนบุรี",
        "name:en": "Krung Thon Buri",
        "name:ja": "クルントンブリー",
        "name:th": "กรุงธนบุรี",
        "network": "BTS",
        "operator": "ระบบขนส่งมวลชนกรุงเทพ",
        "operator:en": "Bangkok Mass Transit System;BTSC",
        "public_transport": "station",
        "railway": "station",
        "ref": "S7",
        "short_name": "กรุงธน",
        "short_name:en": "Kring Thon",
        "short_name:th": "กรุงธน",
        "station": "subway",
        "subway": "yes",
        "wikidata": "Q11299499",
        "wikipedia": "th:สถานีกรุงธนบุรี"
      },
      "geometry": {
        "type": "Point",
        "coordinates": [
          100.5027176,
          13.7209307
        ]
      },
      "id": "node/443815144"
    },
    {
      "type": "Feature",
      "properties": {
        "@id": "node/444979563",
        "name": "บ้านทับช้าง",
        "name:en": "Ban Thap Chang",
        "name:th": "บ้านทับช้าง",
        "network": "การรถไฟแห่งประเทศไทย",
        "network:en": "State Railway of Thailand",
        "network:th": "การรถไฟแห่งประเทศไทย",
        "network:wikidata": "Q2165702",
        "operator": "การรถไฟแห่งประเทศไทย",
        "public_transport": "station",
        "railway": "station",
        "railway:ref": "ทช",
        "railway:ref:en": "BTC",
        "railway:station_category": "2",
        "ref": "ทช.",
        "ref:station": "3012",
        "train": "yes"
      },
      "geometry": {
        "type": "Point",
        "coordinates": [
          100.6887408,
          13.7329355
        ]
      },
      "id": "node/444979563"
    },
    {
      "type": "Feature",
      "properties": {
        "@id": "node/451697335",
        "addr:district": "บางรัก",
        "addr:postcode": "10500",
        "addr:province": "กรุงเทพมหานคร",
        "addr:street": "ถนนสีลม",
        "addr:subdistrict": "สีลม",
        "internet_access": "no",
        "name": "ศาลาแดง",
        "name:en": "Sala Daeng",
        "name:th": "ศาลาแดง",
        "operator": "ระบบขนส่งมวลชนกรุงเทพ",
        "operator:en": "Bangkok Mass Transit System;BTSC",
        "public_transport": "station",
        "railway": "station",
        "ref": "S2",
        "station": "subway",
        "subway": "yes",
        "wikidata": "Q13021833",
        "wikipedia": "th:สถานีศาลาแดง"
      },
      "geometry": {
        "type": "Point",
        "coordinates": [
          100.5343416,
          13.7285677
        ]
      },
      "id": "node/451697335"
    },
    {
      "type": "Feature",
      "properties": {
        "@id": "node/674670271",
        "addr:district": "เมืองสมุทรสาคร",
        "addr:postcode": "74000",
        "addr:province": "สมุทรสาคร",
        "addr:subdistrict": "โคกขาม",
        "internet_access": "no",
        "name": "บ้านขอม",
        "name:en": "Ban Khom",
        "name:th": "บ้านขอม",
        "operator": "การรถไฟแห่งประเทศไทย",
        "public_transport": "station",
        "railway": "halt",
        "railway:ref": "ขม",
        "ref": "ขม.",
        "train": "yes",
        "wikidata": "Q16307547"
      },
      "geometry": {
        "type": "Point",
        "coordinates": [
          100.3135261,
          13.5630261
        ]
      },
      "id": "node/674670271"
    },
    {
      "type": "Feature",
      "properties": {
        "@id": "node/674670279",
        "addr:district": "บางขุนเทียน",
        "addr:postcode": "10150",
        "addr:province": "สมุทรสาคร",
        "addr:subdistrict": "แสมดำ",
        "name": "พรมแดน",
        "name:en": "Phrom Daen",
        "name:th": "พรมแดน",
        "operator": "การรถไฟแห่งประเทศไทย",
        "public_transport": "station",
        "railway": "halt",
        "railway:ref": "พแ",
        "ref": "พแ.",
        "train": "yes",
        "wikidata": "Q13021749"
      },
      "geometry": {
        "type": "Point",
        "coordinates": [
          100.3780143,
          13.6209828
        ]
      },
      "id": "node/674670279"
    },
    {
      "type": "Feature",
      "properties": {
        "@id": "node/674670289",
        "name": "วัดสิงห์",
        "name:en": "Wat Sing",
        "name:th": "วัดสิงห์",
        "network": "การรถไฟแห่งประเทศไทย",
        "network:en": "State Railway of Thailand",
        "network:th": "การรถไฟแห่งประเทศไทย",
        "network:wikidata": "Q2165702",
        "operator": "การรถไฟแห่งประเทศไทย",
        "public_transport": "station",
        "railway": "station",
        "railway:ref": "สิ",
        "ref": "สิ.",
        "train": "yes",
        "wikidata": "Q6895740",
        "wikimedia_commons": "Category:Wat Sing Railway Station"
      },
      "geometry": {
        "type": "Point",
        "coordinates": [
          100.4476577,
          13.683249
        ]
      },
      "id": "node/674670289"
    },
    {
      "type": "Feature",
      "properties": {
        "@id": "node/674670294",
        "addr:district": "จอมทอง",
        "addr:postcode": "10150",
        "addr:province": "กรุงเทพมหานคร",
        "addr:subdistrict": "บางขุนเทียน",
        "name": "วัดไทร",
        "name:en": "Wat Sai",
        "name:th": "วัดไทร",
        "operator": "การรถไฟแห่งประเทศไทย",
        "public_transport": "station",
        "railway": "halt",
        "railway:ref": "วซ",
        "ref": "วซ.",
        "source": "survey;schedule of Railway of Thailand",
        "train": "yes",
        "wikidata": "Q137787105"
      },
      "geometry": {
        "type": "Point",
        "coordinates": [
          100.4575599,
          13.6915585
        ]
      },
      "id": "node/674670294"
    },
    {
      "type": "Feature",
      "properties": {
        "@id": "node/674670328",
        "addr:district": "ธนบุรี",
        "addr:postcode": "10600",
        "addr:province": "กรุงเทพ",
        "addr:subdistrict": "ตลาดพลู",
        "name": "ตลาดพลู",
        "name:en": "Talat Phlu",
        "name:th": "ตลาดพลู",
        "network": "การรถไฟแห่งประเทศไทย",
        "network:en": "State Railway of Thailand",
        "network:th": "การรถไฟแห่งประเทศไทย",
        "network:wikidata": "Q2165702",
        "operator": "การรถไฟแห่งประเทศไทย",
        "public_transport": "station",
        "railway": "station",
        "railway:ref": "ลู",
        "ref": "ลู.",
        "train": "yes",
        "wikidata": "Q13021691"
      },
      "geometry": {
        "type": "Point",
        "coordinates": [
          100.4780183,
          13.7208188
        ]
      },
      "id": "node/674670328"
    },
    {
      "type": "Feature",
      "properties": {
        "@id": "node/674670334",
        "addr:district": "ธนบุรี",
        "addr:postcode": "10600",
        "addr:province": "กรุงเทพมหานคร",
        "addr:street": "ถนนสมเด็จพระเจ้าตากสิน",
        "addr:subdistrict": "บางยี่เรือ",
        "name": "วงเวียนใหญ่",
        "name:en": "Wongwian Yai",
        "name:th": "วงเวียนใหญ่",
        "network": "การรถไฟแห่งประเทศไทย",
        "network:en": "State Railway of Thailand",
        "network:th": "การรถไฟแห่งประเทศไทย",
        "network:wikidata": "Q2165702",
        "operator": "การรถไฟแห่งประเทศไทย",
        "public_transport": "station",
        "railway": "station",
        "railway:ref": "งญ",
        "ref": "งญ.",
        "train": "yes",
        "wikidata": "Q5979361",
        "wikipedia": "th:สถานีรถไฟวงเวียนใหญ่"
      },
      "geometry": {
        "type": "Point",
        "coordinates": [
          100.4912323,
          13.7243925
        ]
      },
      "id": "node/674670334"
    },
    {
      "type": "Feature",
      "properties": {
        "@id": "node/970112998",
        "addr:district": "สวนหลวง",
        "addr:province": "กรุงเทพมหานคร",
        "country": "Thailand",
        "int_name": "Hua Mak",
        "name": "หัวหมาก",
        "name:en": "Hua Mak",
        "name:th": "หัวหมาก",
        "network": "ARL",
        "province": "Bangkok",
        "public_transport": "station",
        "railway": "station",
        "ref": "A4",
        "train": "yes",
        "wheelchair": "yes",
        "wikidata": "Q6633722",
        "wikipedia": "th:สถานีหัวหมาก"
      },
      "geometry": {
        "type": "Point",
        "coordinates": [
          100.6452618,
          13.7380166
        ]
      },
      "id": "node/970112998"
    },
    {
      "type": "Feature",
      "properties": {
        "@id": "node/1103023738",
        "addr:district": "เมืองสมุทรสาคร",
        "addr:postcode": "74000",
        "addr:province": "สมุุทรสาคร",
        "addr:subdistrict": "คอกกระบือ",
        "name": "คอกควาย",
        "name:en": "Khok Khwai",
        "name:th": "คอกควาย",
        "operator": "การรถไฟแห่งประเทศไทย",
        "public_transport": "station",
        "railway": "halt",
        "railway:ref": "วา",
        "ref": "วา.",
        "train": "yes",
        "wikidata": "Q6578810"
      },
      "geometry": {
        "type": "Point",
        "coordinates": [
          100.3401052,
          13.5869538
        ]
      },
      "id": "node/1103023738"
    },
    {
      "type": "Feature",
      "properties": {
        "@id": "node/1113055052",
        "name": "วุฒากาศ",
        "name:en": "Wutthakat",
        "name:th": "วุฒากาศ",
        "operator": "กรุงเทพธนาคม",
        "public_transport": "station",
        "railway": "station",
        "ref": "S11",
        "station": "subway",
        "subway": "yes",
        "wikidata": "Q13021838"
      },
      "geometry": {
        "type": "Point",
        "coordinates": [
          100.4689032,
          13.7130228
        ]
      },
      "id": "node/1113055052"
    },
    {
      "type": "Feature",
      "properties": {
        "@id": "node/1183545716",
        "addr:district": "บางบอน",
        "addr:postcode": "10150",
        "addr:province": "กรุงเทพมหานคร",
        "addr:subdistrict": "คลองบางบอน",
        "name": "บางบอน",
        "name:en": "Bang Bon",
        "name:th": "บางบอน",
        "operator": "การรถไฟแห่งประเทศไทย",
        "public_transport": "station",
        "railway": "halt",
        "railway:ref": "าา",
        "ref": "าา.",
        "train": "yes",
        "wikidata": "Q16306299"
      },
      "geometry": {
        "type": "Point",
        "coordinates": [
          100.428825,
          13.6665099
        ]
      },
      "id": "node/1183545716"
    },
    {
      "type": "Feature",
      "properties": {
        "@id": "node/1183545761",
        "addr:district": "บางบอน",
        "addr:postcode": "10150",
        "addr:province": "กรุงเทพมหานคร",
        "addr:subdistrict": "บางบอนใต้",
        "name": "รางโพธิ์",
        "name:en": "Rang Pho",
        "name:th": "รางโพธิ์",
        "network": "การรถไฟแห่งประเทศไทย",
        "network:en": "State Railway of Thailand",
        "network:th": "การรถไฟแห่งประเทศไทย",
        "network:wikidata": "Q2165702",
        "operator": "การรถไฟแห่งประเทศไทย",
        "public_transport": "station",
        "railway": "station",
        "railway:ref": "รโ",
        "ref": "รโ.",
        "train": "yes",
        "wikidata": "Q6633388"
      },
      "geometry": {
        "type": "Point",
        "coordinates": [
          100.3982295,
          13.6391391
        ]
      },
      "id": "node/1183545761"
    },
    {
      "type": "Feature",
      "properties": {
        "@id": "node/1183545948",
        "addr:district": "เมืองสมุทรสาคร",
        "addr:postcode": "74000",
        "addr:province": "สมุทรสาคร",
        "addr:subdistrict": "บางน้ำจืด",
        "name": "บางน้ำจืด",
        "name:en": "Bang Nam Chuet",
        "name:th": "บางน้ำจืด",
        "operator": "การรถไฟแห่งประเทศไทย",
        "public_transport": "station",
        "railway": "halt",
        "railway:ref": "นจ",
        "ref": "นจ.",
        "train": "yes",
        "wikidata": "Q6633333"
      },
      "geometry": {
        "type": "Point",
        "coordinates": [
          100.3602696,
          13.6051185
        ]
      },
      "id": "node/1183545948"
    },
    {
      "type": "Feature",
      "properties": {
        "@id": "node/1183546364",
        "addr:district": "บางขุนเทียน",
        "addr:postcode": "10150",
        "addr:province": "กรุงเทพมหานคร",
        "addr:subdistrict": "แสมดำ",
        "name": "การเคหะ",
        "name:en": "Kan Kheha",
        "name:th": "การเคหะ",
        "operator": "การรถไฟแห่งประเทศไทย",
        "public_transport": "station",
        "railway": "halt",
        "railway:ref": "เค",
        "ref": "เค.",
        "train": "yes",
        "wikidata": "Q13015608"
      },
      "geometry": {
        "type": "Point",
        "coordinates": [
          100.4132302,
          13.6525975
        ]
      },
      "id": "node/1183546364"
    },
    {
      "type": "Feature",
      "properties": {
        "@id": "node/1183593073",
        "addr:district": "เมืองสมุทรสาคร",
        "addr:postcode": "74000",
        "addr:province": "สมุทรสาคร",
        "addr:subdistrict": "บางน้ำจืด",
        "name": "ทุ่งสีทอง",
        "name:en": "Thung Si Thong",
        "name:th": "ทุ่งสีทอง",
        "operator": "การรถไฟแห่งประเทศไทย",
        "public_transport": "station",
        "railway": "halt",
        "railway:ref": "ที",
        "ref": "ที.",
        "train": "yes",
        "wikidata": "Q16307537"
      },
      "geometry": {
        "type": "Point",
        "coordinates": [
          100.3687241,
          13.6126424
        ]
      },
      "id": "node/1183593073"
    },
    {
      "type": "Feature",
      "properties": {
        "@id": "node/1183593081",
        "name": "สามแยก",
        "name:en": "Sam Yaek",
        "name:th": "สามแยก",
        "operator": "การรถไฟแห่งประเทศไทย",
        "public_transport": "station",
        "railway": "halt",
        "railway:ref": "แย",
        "ref": "แย.",
        "train": "yes",
        "wikidata": "Q13021763"
      },
      "geometry": {
        "type": "Point",
        "coordinates": [
          100.3883655,
          13.6302658
        ]
      },
      "id": "node/1183593081"
    },
    {
      "type": "Feature",
      "properties": {
        "@id": "node/1285516977",
        "name": "สะพานควาย",
        "name:en": "Saphan Khwai",
        "name:ja": "サパーンクワイ",
        "name:th": "สะพานควาย",
        "operator": "ระบบขนส่งมวลชนกรุงเทพ",
        "operator:en": "Bangkok Mass Transit System;BTSC",
        "public_transport": "station",
        "railway": "station",
        "ref": "N7",
        "station": "subway",
        "subway": "yes",
        "wikidata": "Q873690"
      },
      "geometry": {
        "type": "Point",
        "coordinates": [
          100.5497114,
          13.7938228
        ]
      },
      "id": "node/1285516977"
    },
    {
      "type": "Feature",
      "properties": {
        "@id": "node/1347844713",
        "name": "หัวตะเข้",
        "name:en": "Hua Takhe",
        "name:th": "หัวตะเข้",
        "network": "การรถไฟแห่งประเทศไทย",
        "network:en": "State Railway of Thailand",
        "network:th": "การรถไฟแห่งประเทศไทย",
        "network:wikidata": "Q2165702",
        "public_transport": "station",
        "railway": "station",
        "railway:ref": "หข",
        "railway:ref:en": "HTK",
        "railway:station_category": "1",
        "ref:station": "3015",
        "train": "yes",
        "wikidata": "Q6633437"
      },
      "geometry": {
        "type": "Point",
        "coordinates": [
          100.7829084,
          13.7282484
        ]
      },
      "id": "node/1347844713"
    },
    {
      "type": "Feature",
      "properties": {
        "@id": "node/1637548696",
        "name": "มักกะสัน",
        "name:en": "Makkasan",
        "name:th": "มักกะสัน",
        "network": "การรถไฟแห่งประเทศไทย",
        "network:en": "State Railway of Thailand",
        "network:th": "การรถไฟแห่งประเทศไทย",
        "network:wikidata": "Q2165702",
        "public_transport": "station",
        "railway": "station",
        "railway:ref": "มส",
        "railway:ref:en": "MKS",
        "railway:station_category": "1",
        "ref:station": "3001",
        "train": "yes",
        "url": "https://youtu.be/6icVmI-m9LI",
        "wikidata": "Q16434104",
        "wikipedia": "th:สถานีรถไฟมักกะสัน"
      },
      "geometry": {
        "type": "Point",
        "coordinates": [
          100.5473663,
          13.7538606
        ]
      },
      "id": "node/1637548696"
    },
    {
      "type": "Feature",
      "properties": {
        "@id": "node/1692209237",
        "addr:country": "ไทย",
        "addr:district": "ปทุมวัน",
        "addr:district:en": "Pathumwan",
        "addr:province": "กรุงเทพมหานคร",
        "addr:province:en": "Bangkok",
        "addr:street": "ถนนพระรามที่ 1",
        "addr:street:en": "Rama I Road",
        "addr:subdistrict": "ปทุมวัน",
        "country": "Thailand",
        "name": "สยาม",
        "name:en": "Siam",
        "name:ja": "サイアム",
        "name:ko": "싸얌역",
        "name:th": "สยาม",
        "network": "BTS",
        "operator": "ระบบขนส่งมวลชนกรุงเทพ",
        "operator:en": "Bangkok Mass Transit System;BTSC",
        "province": "กรุงเทพมหานคร",
        "public_transport": "station",
        "railway": "station",
        "ref": "CEN",
        "station": "subway",
        "subway": "yes",
        "toilets:wheelchair": "no",
        "website": "https://www.bts.co.th/library/system-structuer.html",
        "wheelchair": "yes",
        "wikidata": "Q1016037",
        "wikipedia": "th:สถานีสยาม"
      },
      "geometry": {
        "type": "Point",
        "coordinates": [
          100.5342199,
          13.7456236
        ]
      },
      "id": "node/1692209237"
    },
    {
      "type": "Feature",
      "properties": {
        "@id": "node/1692810681",
        "name": "แม่น้ำ",
        "name:en": "Mae Nam",
        "name:th": "แม่น้ำ",
        "network": "การรถไฟแห่งประเทศไทย",
        "network:en": "State Railway of Thailand",
        "network:th": "การรถไฟแห่งประเทศไทย",
        "network:wikidata": "Q2165702",
        "public_transport": "station",
        "railway": "station",
        "railway:ref": "มน",
        "railway:ref:en": "MAN",
        "railway:station_category": "1",
        "ref:station": "3002",
        "srt_code": "MAN",
        "train": "yes",
        "wikidata": "Q13021806"
      },
      "geometry": {
        "type": "Point",
        "coordinates": [
          100.5538607,
          13.7139129
        ]
      },
      "id": "node/1692810681"
    },
    {
      "type": "Feature",
      "properties": {
        "@id": "node/1692912081",
        "name": "พญาไท",
        "name:en": "Phaya Thai",
        "name:th": "พญาไท",
        "network": "national",
        "public_transport": "station",
        "railway": "halt",
        "railway:station_category": "ป้ายหยุดรถ",
        "ref": "ญท.",
        "ref:station": "3103",
        "train": "yes",
        "wikidata": "Q109127834"
      },
      "geometry": {
        "type": "Point",
        "coordinates": [
          100.5331942,
          13.7570106
        ]
      },
      "id": "node/1692912081"
    },
    {
      "type": "Feature",
      "properties": {
        "@id": "node/1724588735",
        "name": "ชุมทางบางซื่อ",
        "name:en": "Bang Sue Junction",
        "name:th": "ชุมทางบางซื่อ",
        "public_transport": "station",
        "railway": "station",
        "railway:ref": "บซ",
        "railway:station_category": "1",
        "ref": "บซ.",
        "ref:station": "1007",
        "source": "GPS;sign",
        "srt_code": "BSJ",
        "train": "yes",
        "wikidata": "Q13021685",
        "wikipedia": "th:สถานีรถไฟชุมทางบางซื่อ"
      },
      "geometry": {
        "type": "Point",
        "coordinates": [
          100.5399615,
          13.8041416
        ]
      },
      "id": "node/1724588735"
    },
    {
      "type": "Feature",
      "properties": {
        "@id": "node/1726307666",
        "addr:district": "ลาดกระบัง",
        "addr:postcode": "10520",
        "addr:province": "กรุงเทพมหานคร",
        "addr:subdistrict": "ลาดกระบัง",
        "name": "ลาดกระบัง",
        "name:en": "Lat Krabang",
        "name:th": "ลาดกระบัง",
        "network": "การรถไฟแห่งประเทศไทย",
        "network:en": "State Railway of Thailand",
        "network:th": "การรถไฟแห่งประเทศไทย",
        "network:wikidata": "Q2165702",
        "public_transport": "station",
        "railway": "station",
        "railway:ref": "ะบ",
        "railway:station_category": "2",
        "ref": "ะบ.",
        "ref:station": "3014",
        "train": "yes"
      },
      "geometry": {
        "type": "Point",
        "coordinates": [
          100.7485537,
          13.7275084
        ]
      },
      "id": "node/1726307666"
    },
    {
      "type": "Feature",
      "properties": {
        "@id": "node/2013379450",
        "name": "พระจอมเกล้า",
        "name:en": "Phra Chom Klao",
        "name:th": "พระจอมเกล้า",
        "network": "การรถไฟแห่งประเทศไทย",
        "network:en": "State Railway of Thailand",
        "network:th": "การรถไฟแห่งประเทศไทย",
        "network:wikidata": "Q2165702",
        "public_transport": "station",
        "railway": "station",
        "railway:ref": "พม",
        "railway:ref:en": "PCK",
        "railway:station_category": "ป้ายหยุดรถ",
        "ref": "พม.",
        "ref:station": "3107",
        "train": "yes",
        "wikidata": "Q13017024"
      },
      "geometry": {
        "type": "Point",
        "coordinates": [
          100.7754678,
          13.7281797
        ]
      },
      "id": "node/2013379450"
    },
    {
      "type": "Feature",
      "properties": {
        "@id": "node/2094758805",
        "name": "ท่าพระ",
        "name:en": "Tha Phra",
        "name:th": "ท่าพระ",
        "name:zh": "塔帕",
        "operator": "ทางด่วนและรถไฟฟ้ากรุงเทพ",
        "public_transport": "station",
        "railway": "station",
        "ref": "BL01",
        "station": "subway",
        "subway": "yes",
        "wikidata": "Q13021620"
      },
      "geometry": {
        "type": "Point",
        "coordinates": [
          100.4740422,
          13.7296466
        ]
      },
      "id": "node/2094758805"
    },
    {
      "type": "Feature",
      "properties": {
        "@id": "node/2094758837",
        "name": "บางขุนนนท์",
        "name:en": "Bang Khun Non",
        "name:ru": "Бангкхуннон",
        "name:th": "บางขุนนนท์",
        "name:zh": "曼坤暖",
        "operator": "ทางด่วนและรถไฟฟ้ากรุงเทพ",
        "public_transport": "station",
        "railway": "station",
        "ref": "BL04",
        "station": "subway",
        "subway": "yes",
        "wikidata": "Q66372327"
      },
      "geometry": {
        "type": "Point",
        "coordinates": [
          100.4732959,
          13.7633253
        ]
      },
      "id": "node/2094758837"
    },
    {
      "type": "Feature",
      "properties": {
        "@id": "node/2122824255",
        "name": "ศาลาธรรมสพน์",
        "name:en": "Sala Thammasop",
        "name:th": "ศาลาธรรมสพน์",
        "network": "การรถไฟแห่งประเทศไทย",
        "network:en": "State Railway of Thailand",
        "network:th": "การรถไฟแห่งประเทศไทย",
        "network:wikidata": "Q2165702",
        "operator": "การรถไฟแห่งประเทศไทย",
        "public_transport": "station",
        "railway": "station",
        "railway:ref": "ทพ",
        "ref": "ทพ.",
        "train": "yes",
        "wikidata": "Q16271193"
      },
      "geometry": {
        "type": "Point",
        "coordinates": [
          100.3712238,
          13.8008794
        ]
      },
      "id": "node/2122824255"
    },
    {
      "type": "Feature",
      "properties": {
        "@id": "node/3641278609",
        "name": "ชุมทางตลิ่งชัน",
        "name:en": "Taling Chan Junction",
        "name:th": "ชุมทางตลิ่งชัน",
        "network": "การรถไฟแห่งประเทศไทย",
        "network:en": "State Railway of Thailand",
        "network:th": "การรถไฟแห่งประเทศไทย",
        "network:wikidata": "Q2165702",
        "operator": "การรถไฟแห่งประเทศไทย",
        "public_transport": "station",
        "railway": "station",
        "railway:ref": "ตช",
        "ref": "ตช.;RW06",
        "srt_code": "4004",
        "train": "yes",
        "wikidata": "Q6633300",
        "wikipedia": "th:สถานีตลิ่งชัน"
      },
      "geometry": {
        "type": "Point",
        "coordinates": [
          100.440083,
          13.789269
        ]
      },
      "id": "node/3641278609"
    },
    {
      "type": "Feature",
      "properties": {
        "@id": "node/3801037850",
        "name": "จรัญฯ 13",
        "name:en": "Charan 13",
        "name:ja": "ジャラン13",
        "name:th": "จรัญฯ 13",
        "name:zh": "乍伦13巷",
        "operator": "ทางด่วนและรถไฟฟ้ากรุงเทพ",
        "public_transport": "station",
        "railway": "station",
        "ref": "BL02",
        "station": "subway",
        "subway": "yes",
        "wikidata": "Q66088546"
      },
      "geometry": {
        "type": "Point",
        "coordinates": [
          100.4707092,
          13.7401714
        ]
      },
      "id": "node/3801037850"
    },
    {
      "type": "Feature",
      "properties": {
        "@id": "node/3801037852",
        "name": "บางพลัด",
        "name:en": "Bang Phlat",
        "name:ru": "Бангпхлат",
        "name:th": "บางพลัด",
        "name:zh": "曼盼",
        "public_transport": "station",
        "railway": "station",
        "ref": "BL07",
        "station": "subway",
        "subway": "yes",
        "wikidata": "Q95770449"
      },
      "geometry": {
        "type": "Point",
        "coordinates": [
          100.5048882,
          13.7924113
        ]
      },
      "id": "node/3801037852"
    },
    {
      "type": "Feature",
      "properties": {
        "@id": "node/3801037853",
        "name": "บางยี่ขัน",
        "name:en": "Bang Yi Khan",
        "name:ru": "Бангйикхан",
        "name:th": "บางยี่ขัน",
        "name:zh": "曼益康",
        "operator": "ทางด่วนและรถไฟฟ้ากรุงเทพ",
        "public_transport": "station",
        "railway": "station",
        "ref": "BL05",
        "station": "subway",
        "subway": "yes",
        "wikidata": "Q66372347"
      },
      "geometry": {
        "type": "Point",
        "coordinates": [
          100.4852556,
          13.777382
        ]
      },
      "id": "node/3801037853"
    },
    {
      "type": "Feature",
      "properties": {
        "@id": "node/3801037855",
        "name": "บางอ้อ",
        "name:en": "Bang O",
        "name:ru": "Банго",
        "name:th": "บางอ้อ",
        "name:zh": "曼奥",
        "operator": "ทางด่วนและรถไฟฟ้ากรุงเทพ",
        "public_transport": "station",
        "railway": "station",
        "ref": "BL08",
        "station": "subway",
        "subway": "yes",
        "wikidata": "Q95770065"
      },
      "geometry": {
        "type": "Point",
        "coordinates": [
          100.5097864,
          13.7989803
        ]
      },
      "id": "node/3801037855"
    },
    {
      "type": "Feature",
      "properties": {
        "@id": "node/3801037856",
        "name": "บางแค",
        "name:en": "Bang Khae",
        "name:th": "บางแค",
        "name:zh": "曼凯",
        "operator": "ทางด่วนและรถไฟฟ้ากรุงเทพ",
        "public_transport": "station",
        "railway": "station",
        "ref": "BL37",
        "station": "subway",
        "subway": "yes",
        "wikidata": "Q19794085"
      },
      "geometry": {
        "type": "Point",
        "coordinates": [
          100.4223368,
          13.7119437
        ]
      },
      "id": "node/3801037856"
    },
    {
      "type": "Feature",
      "properties": {
        "@id": "node/3801040557",
        "name": "บางโพ",
        "name:en": "Bang Pho",
        "name:th": "บางโพ",
        "name:zh": "曼坡",
        "operator": "ทางด่วนและรถไฟฟ้ากรุงเทพ",
        "public_transport": "station",
        "railway": "station",
        "ref": "BL09",
        "station": "subway",
        "subway": "yes",
        "wikidata": "Q95769171"
      },
      "geometry": {
        "type": "Point",
        "coordinates": [
          100.5210095,
          13.8064027
        ]
      },
      "id": "node/3801040557"
    },
    {
      "type": "Feature",
      "properties": {
        "@id": "node/3801040558",
        "name": "บางไผ่",
        "name:en": "Bang Phai",
        "name:th": "บางไผ่",
        "name:zh": "曼派",
        "operator": "ทางด่วนและรถไฟฟ้ากรุงเทพ",
        "public_transport": "station",
        "railway": "station",
        "ref": "BL33",
        "station": "subway",
        "subway": "yes",
        "wikidata": "Q66091152"
      },
      "geometry": {
        "type": "Point",
        "coordinates": [
          100.4650788,
          13.7246179
        ]
      },
      "id": "node/3801040558"
    },
    {
      "type": "Feature",
      "properties": {
        "@id": "node/3801040559",
        "name": "ภาษีเจริญ",
        "name:en": "Phasi Charoen",
        "name:th": "ภาษีเจริญ",
        "name:zh": "帕喜乍能",
        "operator": "ทางด่วนและรถไฟฟ้ากรุงเทพ",
        "public_transport": "station",
        "railway": "station",
        "ref": "BL36",
        "station": "subway",
        "subway": "yes",
        "wikidata": "Q13021653"
      },
      "geometry": {
        "type": "Point",
        "coordinates": [
          100.434326,
          13.7129105
        ]
      },
      "id": "node/3801040559"
    },
    {
      "type": "Feature",
      "properties": {
        "@id": "node/3801040561",
        "air_conditioning": "no",
        "name": "หลักสอง",
        "name:en": "Lak Song",
        "name:th": "หลักสอง",
        "name:zh": "叻松",
        "operator": "ทางด่วนและรถไฟฟ้ากรุงเทพ",
        "public_transport": "station",
        "railway": "station",
        "ref": "BL38",
        "start_date": "2019-09-21",
        "station": "subway",
        "subway": "yes",
        "wheelchair": "yes",
        "wikidata": "Q13021860"
      },
      "geometry": {
        "type": "Point",
        "coordinates": [
          100.4094849,
          13.7108774
        ]
      },
      "id": "node/3801040561"
    },
    {
      "type": "Feature",
      "properties": {
        "@id": "node/3801040564",
        "name": "เพชรเกษม 48",
        "name:en": "Phetkasem 48",
        "name:th": "เพชรเกษม 48",
        "name:zh": "碧甲盛48巷",
        "operator": "ทางด่วนและรถไฟฟ้ากรุงเทพ",
        "public_transport": "station",
        "railway": "station",
        "ref": "BL35",
        "station": "subway",
        "subway": "yes",
        "wikidata": "Q16307680"
      },
      "geometry": {
        "type": "Point",
        "coordinates": [
          100.4454508,
          13.7155591
        ]
      },
      "id": "node/3801040564"
    },
    {
      "type": "Feature",
      "properties": {
        "@id": "node/3805378261",
        "name": "วัดพระศรีมหาธาตุ",
        "name:en": "Wat Phra Sri Mahathat",
        "network": "BTS",
        "operator": "กรุงเทพธนาคม",
        "public_transport": "station",
        "railway": "station",
        "ref": "N17",
        "station": "subway",
        "subway": "yes",
        "wikidata": "Q61357968"
      },
      "geometry": {
        "type": "Point",
        "coordinates": [
          100.5967316,
          13.8752766
        ]
      },
      "id": "node/3805378261"
    },
    {
      "type": "Feature",
      "properties": {
        "@id": "node/4390539966",
        "name": "บางบำหรุ",
        "name:en": "Bang Bamru",
        "name:th": "บางบำหรุ",
        "public_transport": "station",
        "railway": "station",
        "ref": "บำ.;RW05",
        "srt_code": "4005",
        "train": "yes",
        "type": "public_transport",
        "wikidata": "Q13021717"
      },
      "geometry": {
        "type": "Point",
        "coordinates": [
          100.4775032,
          13.7922078
        ]
      },
      "id": "node/4390539966"
    },
    {
      "type": "Feature",
      "properties": {
        "@id": "node/4659143529",
        "name": "คลองต้นไทร",
        "name:en": "Khlong Ton Sai",
        "name:th": "คลองต้นไทร",
        "operator": "การรถไฟแห่งประเทศไทย",
        "public_transport": "station",
        "railway": "halt",
        "railway:ref": "ไซ",
        "ref": "ไซ.",
        "source": "bing;survey;schedule of Railway of Thailand",
        "train": "yes",
        "wikidata": "Q13015613"
      },
      "geometry": {
        "type": "Point",
        "coordinates": [
          100.4697741,
          13.7064846
        ]
      },
      "id": "node/4659143529"
    },
    {
      "type": "Feature",
      "properties": {
        "@id": "node/4659155415",
        "addr:district": "จอมทอง",
        "addr:postcode": "10150",
        "addr:province": "กรุงเทพมหานคร",
        "addr:subdistrict": "บางขุนเทียน",
        "name": "จอมทอง",
        "name:en": "Chom Thong",
        "name:th": "จอมทอง",
        "operator": "การรถไฟแห่งประเทศไทย",
        "public_transport": "station",
        "railway": "halt",
        "railway:ref": "ทจ",
        "ref": "ทจ.",
        "source": "bing;survey;schedule of Railway of Thailand",
        "train": "yes",
        "wikidata": "Q13017017"
      },
      "geometry": {
        "type": "Point",
        "coordinates": [
          100.465136,
          13.7018278
        ]
      },
      "id": "node/4659155415"
    },
    {
      "type": "Feature",
      "properties": {
        "@id": "node/5222817654",
        "name": "แยกติวานนท์",
        "name:en": "Yaek Tiwanon",
        "name:th": "แยกติวานนท์",
        "network": "MRT",
        "public_transport": "station",
        "railway": "station",
        "ref": "PP13",
        "station": "subway",
        "subway": "yes",
        "wikidata": "Q19794082"
      },
      "geometry": {
        "type": "Point",
        "coordinates": [
          100.5149681,
          13.8395295
        ]
      },
      "id": "node/5222817654"
    },
    {
      "type": "Feature",
      "properties": {
        "@id": "node/5222817655",
        "name": "วงศ์สว่าง",
        "name:en": "Wong Sawang",
        "name:th": "วงศ์สว่าง",
        "public_transport": "station",
        "railway": "station",
        "ref": "PP14",
        "station": "subway",
        "subway": "yes",
        "wikidata": "Q13021812",
        "wikipedia": "th:สถานีวงศ์สว่าง"
      },
      "geometry": {
        "type": "Point",
        "coordinates": [
          100.526496,
          13.8298636
        ]
      },
      "id": "node/5222817655"
    },
    {
      "type": "Feature",
      "properties": {
        "@id": "node/5222817656",
        "name": "บางซ่อน",
        "name:en": "Bang Son",
        "name:th": "บางซ่อน",
        "public_transport": "station",
        "railway": "station",
        "ref": "PP15",
        "station": "subway",
        "subway": "yes"
      },
      "geometry": {
        "type": "Point",
        "coordinates": [
          100.5324581,
          13.820081
        ]
      },
      "id": "node/5222817656"
    },
    {
      "type": "Feature",
      "properties": {
        "@id": "node/5222843674",
        "name": "คลองบางไผ่",
        "name:en": "Khlong Bang Phai",
        "name:th": "คลองบางไผ่",
        "network": "MRT",
        "public_transport": "station",
        "railway": "station",
        "ref": "PP1",
        "station": "subway",
        "subway": "yes",
        "wikidata": "Q15379154",
        "wikipedia": "th:สถานีคลองบางไผ่"
      },
      "geometry": {
        "type": "Point",
        "coordinates": [
          100.4082161,
          13.8924338
        ]
      },
      "id": "node/5222843674"
    },
    {
      "type": "Feature",
      "properties": {
        "@id": "node/5222843675",
        "name": "ตลาดบางใหญ่",
        "name:en": "Talad Bang Yai",
        "name:th": "ตลาดบางใหญ่",
        "network": "MRT",
        "public_transport": "station",
        "railway": "station",
        "ref": "PP2",
        "station": "subway",
        "subway": "yes",
        "wikidata": "Q25103860",
        "wikipedia": "th:สถานีตลาดบางใหญ่"
      },
      "geometry": {
        "type": "Point",
        "coordinates": [
          100.409287,
          13.8810117
        ]
      },
      "id": "node/5222843675"
    },
    {
      "type": "Feature",
      "properties": {
        "@id": "node/5222843676",
        "name": "สามแยกบางใหญ่",
        "name:en": "Sam Yaek Bang Yai",
        "name:th": "สามแยกบางใหญ่",
        "network": "MRT",
        "public_transport": "station",
        "railway": "station",
        "ref": "PP3",
        "station": "subway",
        "subway": "yes",
        "wikidata": "Q25106306",
        "wikipedia": "th:สถานีสามแยกบางใหญ่"
      },
      "geometry": {
        "type": "Point",
        "coordinates": [
          100.4193624,
          13.8746749
        ]
      },
      "id": "node/5222843676"
    },
    {
      "type": "Feature",
      "properties": {
        "@id": "node/5222843677",
        "name": "บางพลู",
        "name:en": "Bang Phlu",
        "name:th": "บางพลู",
        "network": "MRT",
        "public_transport": "station",
        "railway": "station",
        "ref": "PP4",
        "station": "subway",
        "subway": "yes",
        "wikidata": "Q13021635",
        "wikipedia": "th:สถานีบางพลู"
      },
      "geometry": {
        "type": "Point",
        "coordinates": [
          100.4338011,
          13.8757677
        ]
      },
      "id": "node/5222843677"
    },
    {
      "type": "Feature",
      "properties": {
        "@id": "node/5222843678",
        "name": "บางรักใหญ่",
        "name:en": "Bang Rak Yai",
        "name:th": "บางรักใหญ่",
        "network": "MRT",
        "public_transport": "station",
        "railway": "station",
        "ref": "PP5",
        "station": "subway",
        "subway": "yes",
        "wikidata": "Q16307495",
        "wikipedia": "th:สถานีบางรักใหญ่"
      },
      "geometry": {
        "type": "Point",
        "coordinates": [
          100.4449359,
          13.876607
        ]
      },
      "id": "node/5222843678"
    },
    {
      "type": "Feature",
      "properties": {
        "@id": "node/5222843679",
        "name": "บางรักน้อยท่าอิฐ",
        "name:en": "Bang Rak Noi Tha It",
        "name:th": "บางรักน้อยท่าอิฐ",
        "network": "MRT",
        "public_transport": "station",
        "railway": "station",
        "ref": "PP6",
        "station": "subway",
        "subway": "yes",
        "wikidata": "Q73813625"
      },
      "geometry": {
        "type": "Point",
        "coordinates": [
          100.4559653,
          13.8748084
        ]
      },
      "id": "node/5222843679"
    },
    {
      "type": "Feature",
      "properties": {
        "@id": "node/5222843680",
        "name": "ไทรม้า",
        "name:en": "Sai Ma",
        "name:th": "ไทรม้า",
        "network": "MRT",
        "public_transport": "station",
        "railway": "station",
        "ref": "PP7",
        "station": "subway",
        "subway": "yes",
        "wikidata": "Q13021885",
        "wikipedia": "th:สถานีไทรม้า"
      },
      "geometry": {
        "type": "Point",
        "coordinates": [
          100.4666922,
          13.8705112
        ]
      },
      "id": "node/5222843680"
    },
    {
      "type": "Feature",
      "properties": {
        "@id": "node/5222843681",
        "name": "สะพานพระนั่งเกล้า",
        "name:en": "Phra Nang Klao Bridge",
        "name:th": "สะพานพระนั่งเกล้า",
        "network": "MRT",
        "public_transport": "station",
        "railway": "station",
        "ref": "PP8",
        "station": "subway",
        "subway": "yes",
        "wikidata": "Q96419170",
        "wikipedia": "th:สถานีสะพานพระนั่งเกล้า"
      },
      "geometry": {
        "type": "Point",
        "coordinates": [
          100.4801284,
          13.8702897
        ]
      },
      "id": "node/5222843681"
    },
    {
      "type": "Feature",
      "properties": {
        "@id": "node/5222843682",
        "name": "แยกนนทบุรี 1",
        "name:en": "Yaek Nonthaburi 1",
        "name:th": "แยกนนทบุรี 1",
        "network": "MRT",
        "public_transport": "station",
        "railway": "station",
        "ref": "PP9",
        "station": "subway",
        "subway": "yes",
        "toilets:wheelchair": "yes",
        "wikidata": "Q73811536",
        "wikipedia": "th:สถานีแยกนนทบุรี 1"
      },
      "geometry": {
        "type": "Point",
        "coordinates": [
          100.4940765,
          13.865961
        ]
      },
      "id": "node/5222843682"
    },
    {
      "type": "Feature",
      "properties": {
        "@id": "node/5222843683",
        "name": "บางกระสอ",
        "name:en": "Bang Krasor",
        "name:th": "บางกระสอ",
        "network": "MRT",
        "public_transport": "station",
        "railway": "station",
        "ref": "PP10",
        "station": "subway",
        "subway": "yes",
        "toilets:wheelchair": "yes",
        "wikidata": "Q13021840",
        "wikipedia": "th:สถานีบางกระสอ"
      },
      "geometry": {
        "type": "Point",
        "coordinates": [
          100.5046524,
          13.8616527
        ]
      },
      "id": "node/5222843683"
    },
    {
      "type": "Feature",
      "properties": {
        "@id": "node/5222843684",
        "name": "ศูนย์ราชการนนทบุรี",
        "name:en": "Nonthaburi Civic Center",
        "network": "MRT",
        "public_transport": "station",
        "railway": "station",
        "ref": "PP11",
        "station": "subway",
        "subway": "yes",
        "toilets:wheelchair": "yes",
        "wikidata": "Q25106308",
        "wikimedia_commons": "File:Pink Line at Nonthaburi Civic Center Station 01.jpg"
      },
      "geometry": {
        "type": "Point",
        "coordinates": [
          100.5130671,
          13.8601736
        ]
      },
      "id": "node/5222843684"
    },
    {
      "type": "Feature",
      "properties": {
        "@id": "node/5222843685",
        "name": "กระทรวงสาธารณสุข",
        "name:en": "Ministry of Public Health",
        "name:th": "กระทรวงสาธารณสุข",
        "network": "MRT",
        "public_transport": "station",
        "railway": "station",
        "ref": "PP12",
        "station": "subway",
        "subway": "yes",
        "toilets:wheelchair": "yes",
        "wikidata": "Q96418970",
        "wikipedia": "th:สถานีกระทรวงสาธารณสุข"
      },
      "geometry": {
        "type": "Point",
        "coordinates": [
          100.5147152,
          13.8485312
        ]
      },
      "id": "node/5222843685"
    },
    {
      "type": "Feature",
      "properties": {
        "@id": "node/5388599065",
        "addr:country": "ไทย",
        "addr:district": "จตุจักร",
        "addr:postcode": "10900",
        "addr:province": "กรุงเทพมหานคร",
        "addr:province:en": "Bangkok",
        "addr:street": "ถนนพหลโยธิน",
        "country": "ไทย",
        "name": "หมอชิต",
        "name:en": "Mo Chit",
        "name:ja": "モーチット",
        "name:th": "หมอชิต",
        "operator": "ระบบขนส่งมวลชนกรุงเทพ",
        "operator:en": "Bangkok Mass Transit System;BTSC",
        "province": "กรุงเทพ;กรุงเทพมหานคร",
        "public_transport": "station",
        "railway": "station",
        "ref": "N8",
        "station": "subway",
        "subway": "yes",
        "toilets:wheelchair": "no",
        "website": "https://www.bts.co.th/eng/service/areamap.html",
        "wheelchair": "limited",
        "wheelchair:description": "Mochit Station This station has elevator near the stairs.",
        "wikidata": "Q873641"
      },
      "geometry": {
        "type": "Point",
        "coordinates": [
          100.5537913,
          13.8025991
        ]
      },
      "id": "node/5388599065"
    },
    {
      "type": "Feature",
      "properties": {
        "@id": "node/5388607091",
        "name": "อารีย์",
        "name:en": "Ari",
        "name:th": "อารีย์",
        "public_transport": "station",
        "railway": "station",
        "ref": "N5",
        "station": "subway",
        "subway": "yes",
        "toilets:wheelchair": "no",
        "wheelchair": "limited",
        "wheelchair:description": "Ari Station",
        "wikidata": "Q6149301"
      },
      "geometry": {
        "type": "Point",
        "coordinates": [
          100.5446201,
          13.7797077
        ]
      },
      "id": "node/5388607091"
    },
    {
      "type": "Feature",
      "properties": {
        "@id": "node/5388610344",
        "name": "พญาไท",
        "name:en": "Phaya Thai",
        "name:ja": "パヤタイ",
        "name:th": "พญาไท",
        "public_transport": "station",
        "railway": "station",
        "ref": "N2",
        "station": "subway",
        "subway": "yes",
        "wikidata": "Q15139351",
        "wikipedia": "th:สถานีพญาไท"
      },
      "geometry": {
        "type": "Point",
        "coordinates": [
          100.5338214,
          13.7569644
        ]
      },
      "id": "node/5388610344"
    },
    {
      "type": "Feature",
      "properties": {
        "@id": "node/5388611982",
        "name": "ราชเทวี",
        "name:en": "Ratchathewi",
        "name:th": "ราชเทวี",
        "public_transport": "station",
        "railway": "station",
        "ref": "N1",
        "station": "subway",
        "subway": "yes",
        "wikidata": "Q6633184"
      },
      "geometry": {
        "type": "Point",
        "coordinates": [
          100.5315534,
          13.7518605
        ]
      },
      "id": "node/5388611982"
    },
    {
      "type": "Feature",
      "properties": {
        "@id": "node/5388638318",
        "name": "สนามเป้า",
        "name:en": "Sanam Pao",
        "name:th": "สนามเป้า",
        "public_transport": "station",
        "railway": "station",
        "ref": "N4",
        "station": "subway",
        "subway": "yes",
        "wikidata": "Q4922512"
      },
      "geometry": {
        "type": "Point",
        "coordinates": [
          100.5420729,
          13.7726225
        ]
      },
      "id": "node/5388638318"
    },
    {
      "type": "Feature",
      "properties": {
        "@id": "node/5391599348",
        "country": "Thailand",
        "name": "แบริ่ง",
        "name:en": "Bearing",
        "name:th": "แบริ่ง",
        "operator": "กรุงเทพธนาคม",
        "public_transport": "station",
        "railway": "station",
        "ref": "E14",
        "station": "subway",
        "subway": "yes",
        "wikidata": "Q6633805"
      },
      "geometry": {
        "type": "Point",
        "coordinates": [
          100.6018056,
          13.6611846
        ]
      },
      "id": "node/5391599348"
    },
    {
      "type": "Feature",
      "properties": {
        "@id": "node/5391610964",
        "name": "บางนา",
        "name:en": "Bang Na",
        "name:th": "บางนา",
        "operator": "กรุงเทพธนาคม",
        "public_transport": "station",
        "railway": "station",
        "ref": "E13",
        "station": "subway",
        "subway": "yes",
        "wikidata": "Q6633173"
      },
      "geometry": {
        "type": "Point",
        "coordinates": [
          100.6046633,
          13.668138
        ]
      },
      "id": "node/5391610964"
    },
    {
      "type": "Feature",
      "properties": {
        "@id": "node/5391610985",
        "addr:postcode": "10110",
        "addr:province": "กรุงเทพมหานคร",
        "addr:street": "Sukhumvit Road",
        "air_conditioning": "no",
        "internet_access": "no",
        "name": "พระโขนง",
        "name:en": "Phra Khanong",
        "name:th": "พระโขนง",
        "network": "Sukhumvit Line",
        "operator": "ระบบขนส่งมวลชนกรุงเทพ",
        "operator:en": "Bangkok Mass Transit System;BTSC",
        "public_transport": "station",
        "railway": "station",
        "ref": "E8",
        "station": "subway",
        "subway": "yes",
        "wikidata": "Q4924738"
      },
      "geometry": {
        "type": "Point",
        "coordinates": [
          100.5912365,
          13.7151693
        ]
      },
      "id": "node/5391610985"
    },
    {
      "type": "Feature",
      "properties": {
        "@id": "node/5391611863",
        "name": "อนุสาวรีย์ชัยสมรภูมิ",
        "name:en": "Victory Monument",
        "name:th": "อนุสาวรีย์ชัยสมรภูมิ",
        "public_transport": "station",
        "railway": "station",
        "ref": "N3",
        "station": "subway",
        "subway": "yes",
        "wikidata": "Q4919845"
      },
      "geometry": {
        "type": "Point",
        "coordinates": [
          100.5370529,
          13.7627589
        ]
      },
      "id": "node/5391611863"
    },
    {
      "type": "Feature",
      "properties": {
        "@id": "node/5391613497",
        "addr:country": "Thailand",
        "addr:district": "บางนา",
        "addr:province": "กรุงเทพมหานคร",
        "description": "Udomsuk station",
        "name": "อุดมสุข",
        "name:en": "Udom Suk",
        "name:th": "อุดมสุข",
        "operator": "กรุงเทพธนาคม",
        "public_transport": "station",
        "railway": "station",
        "ref": "E12",
        "station": "subway",
        "subway": "yes",
        "wikidata": "Q13021857"
      },
      "geometry": {
        "type": "Point",
        "coordinates": [
          100.6094698,
          13.6798746
        ]
      },
      "id": "node/5391613497"
    },
    {
      "type": "Feature",
      "properties": {
        "@id": "node/5391616767",
        "name": "ปุณณวิถี",
        "name:en": "Punnawithi",
        "name:th": "ปุณณวิถี",
        "operator": "กรุงเทพธนาคม",
        "public_transport": "station",
        "railway": "station",
        "ref": "E11",
        "station": "subway",
        "subway": "yes",
        "wikidata": "Q6633186"
      },
      "geometry": {
        "type": "Point",
        "coordinates": [
          100.6089963,
          13.689279
        ]
      },
      "id": "node/5391616767"
    },
    {
      "type": "Feature",
      "properties": {
        "@id": "node/5391618414",
        "alt_name:en": "Bang Jak",
        "name": "บางจาก",
        "name:en": "Bang Chak",
        "name:th": "บางจาก",
        "public_transport": "station",
        "railway": "station",
        "ref": "E10",
        "station": "subway",
        "subway": "yes",
        "wikidata": "Q6633183"
      },
      "geometry": {
        "type": "Point",
        "coordinates": [
          100.6053402,
          13.6967594
        ]
      },
      "id": "node/5391618414"
    },
    {
      "type": "Feature",
      "properties": {
        "@id": "node/5391620400",
        "name": "อ่อนนุช",
        "name:en": "On Nut",
        "name:th": "อ่อนนุช",
        "public_transport": "station",
        "railway": "station",
        "ref": "E9",
        "station": "subway",
        "subway": "yes",
        "wikidata": "Q1028755"
      },
      "geometry": {
        "type": "Point",
        "coordinates": [
          100.601004,
          13.7056249
        ]
      },
      "id": "node/5391620400"
    },
    {
      "type": "Feature",
      "properties": {
        "@id": "node/5391625873",
        "addr:province": "กรุงเทพมหานคร",
        "addr:street": "ถนนสุขุมวิท",
        "description": "Asok station",
        "name": "อโศก",
        "name:en": "Asok",
        "name:ja": "アソーク駅",
        "name:ko": "아소크",
        "name:th": "อโศก",
        "operator": "ทางด่วนและรถไฟฟ้ากรุงเทพ",
        "public_transport": "station",
        "railway": "station",
        "ref": "E4",
        "station": "subway",
        "subway": "yes",
        "wikidata": "Q4924120"
      },
      "geometry": {
        "type": "Point",
        "coordinates": [
          100.5603571,
          13.7370432
        ]
      },
      "id": "node/5391625873"
    },
    {
      "type": "Feature",
      "properties": {
        "@id": "node/5391626092",
        "addr:province": "กรุงเทพมหานคร",
        "addr:street": "ถนนสุขุมวิท",
        "name": "ทองหล่อ",
        "name:en": "Thong Lo",
        "name:ja": "トンロー駅",
        "name:th": "ทองหล่อ",
        "public_transport": "station",
        "railway": "station",
        "ref": "E6",
        "station": "subway",
        "subway": "yes",
        "wheelchair": "yes",
        "wikidata": "Q4924220"
      },
      "geometry": {
        "type": "Point",
        "coordinates": [
          100.5785054,
          13.7242264
        ]
      },
      "id": "node/5391626092"
    },
    {
      "type": "Feature",
      "properties": {
        "@id": "node/5391626093",
        "name": "พร้อมพงษ์",
        "name:en": "Phrom Phong",
        "name:ja": "プロンポン駅",
        "name:th": "พร้อมพงษ์",
        "public_transport": "station",
        "railway": "station",
        "ref": "E5",
        "station": "subway",
        "subway": "yes",
        "toilets:wheelchair": "no",
        "wheelchair": "limited",
        "wikidata": "Q1028691"
      },
      "geometry": {
        "type": "Point",
        "coordinates": [
          100.5697129,
          13.7304345
        ]
      },
      "id": "node/5391626093"
    },
    {
      "type": "Feature",
      "properties": {
        "@id": "node/5391628766",
        "addr:country": "TH",
        "addr:district": "วัฒนา",
        "addr:district:en": "Wattana",
        "addr:postcode": "10110",
        "addr:province": "กรุงเทพมหานคร",
        "addr:province:en": "Bangkok",
        "addr:subdistrict": "คลองเตยเหนือ",
        "name": "นานา",
        "name:en": "Nana",
        "name:ja": "ナーナー",
        "name:th": "นานา",
        "network": "BTS",
        "operator": "ระบบขนส่งมวลชนกรุงเทพ",
        "operator:en": "Bangkok Mass Transit System;BTSC",
        "public_transport": "station",
        "railway": "station",
        "ref": "E3",
        "station": "subway",
        "subway": "yes",
        "wikidata": "Q6633167"
      },
      "geometry": {
        "type": "Point",
        "coordinates": [
          100.5554291,
          13.7405358
        ]
      },
      "id": "node/5391628766"
    },
    {
      "type": "Feature",
      "properties": {
        "@id": "node/5391631777",
        "name": "เพลินจิต",
        "name:en": "Phloen Chit",
        "name:th": "เพลินจิต",
        "network": "BTS",
        "operator": "ระบบขนส่งมวลชนกรุงเทพ",
        "operator:en": "Bangkok Mass Transit System;BTSC",
        "public_transport": "station",
        "railway": "station",
        "ref": "E2",
        "station": "subway",
        "subway": "yes",
        "wikidata": "Q4921113"
      },
      "geometry": {
        "type": "Point",
        "coordinates": [
          100.5489762,
          13.7430684
        ]
      },
      "id": "node/5391631777"
    },
    {
      "type": "Feature",
      "properties": {
        "@id": "node/5391636575",
        "name": "ชิดลม",
        "name:en": "Chit Lom",
        "name:th": "ชิดลม",
        "network": "BTS",
        "operator": "ระบบขนส่งมวลชนกรุงเทพ",
        "operator:en": "Bangkok Mass Transit System;BTSC",
        "public_transport": "station",
        "railway": "station",
        "ref": "E1",
        "station": "subway",
        "subway": "yes",
        "wheelchair": "yes",
        "wikidata": "Q6633149"
      },
      "geometry": {
        "type": "Point",
        "coordinates": [
          100.5430684,
          13.7440974
        ]
      },
      "id": "node/5391636575"
    },
    {
      "type": "Feature",
      "properties": {
        "@id": "node/5391659126",
        "name": "สำโรง",
        "name:en": "Samrong",
        "name:th": "สำโรง",
        "operator": "กรุงเทพธนาคม",
        "public_transport": "station",
        "railway": "station",
        "ref": "E15",
        "station": "subway",
        "subway": "yes",
        "wikidata": "Q13021846",
        "wikipedia": "th:สถานีสำโรง"
      },
      "geometry": {
        "type": "Point",
        "coordinates": [
          100.5957857,
          13.6464875
        ]
      },
      "id": "node/5391659126"
    },
    {
      "type": "Feature",
      "properties": {
        "@id": "node/5391691787",
        "name": "สุขุมวิท",
        "name:en": "Sukhumvit",
        "name:ja": "スクムウィット",
        "name:th": "สุขุมวิท",
        "public_transport": "station",
        "railway": "station",
        "ref": "BL22",
        "station": "subway",
        "subway": "yes",
        "wikidata": "Q1036841"
      },
      "geometry": {
        "type": "Point",
        "coordinates": [
          100.5613401,
          13.7373948
        ]
      },
      "id": "node/5391691787"
    },
    {
      "type": "Feature",
      "properties": {
        "@id": "node/5405616025",
        "name": "เอกมัย",
        "name:en": "Ekkamai",
        "name:ja": "エカマイ",
        "name:ru": "Эккамай",
        "name:th": "เอกมัย",
        "public_transport": "station",
        "railway": "station",
        "ref": "E7",
        "station": "subway",
        "subway": "yes",
        "wheelchair": "yes",
        "wikidata": "Q4919536"
      },
      "geometry": {
        "type": "Point",
        "coordinates": [
          100.585111,
          13.7195385
        ]
      },
      "id": "node/5405616025"
    },
    {
      "type": "Feature",
      "properties": {
        "@id": "node/5472737123",
        "addr:country": "Thailand",
        "addr:district": "ห้วยขวาง",
        "addr:district:en": "Huai Khwang",
        "addr:postcode": "10310",
        "addr:province": "กรุงเทพมหานคร",
        "addr:province:en": "Bangkok",
        "addr:subdistrict": "บางกะปิ",
        "addr:subdistrict:en": "Bangkapi",
        "country": "ไทย",
        "name": "คลองตัน",
        "name:en": "Khlong Tan",
        "name:th": "คลองตัน",
        "operator": "การรถไฟแห่งประเทศไทย",
        "province": "กรุงเทพมหานคร",
        "public_transport": "station",
        "railway": "station",
        "railway:ref": "คต",
        "railway:ref:en": "KOT",
        "railway:station_category": "2",
        "ref": "คต.",
        "ref:station": "3009",
        "train": "yes"
      },
      "geometry": {
        "type": "Point",
        "coordinates": [
          100.5895169,
          13.744339
        ]
      },
      "id": "node/5472737123"
    },
    {
      "type": "Feature",
      "properties": {
        "@id": "node/5812248586",
        "addr:country": "Thailand",
        "addr:district": "คลองสาน",
        "addr:postcode": "10600",
        "addr:province": "กรุงเทพมหานคร",
        "addr:subdistrict": "คลองต้นไทร",
        "country": "Thailand",
        "monorail": "yes",
        "name": "เจริญนคร",
        "name:en": "Charoen Nakhon",
        "name:ja": "チャルンナコーン",
        "name:th": "เจริญนคร",
        "network": "BTS",
        "operator": "กรุงเทพธนาคม",
        "province": "Bangkok",
        "public_transport": "station",
        "railway": "station",
        "ref": "G2",
        "wikidata": "Q104212231",
        "wikipedia": "th:สถานีเจริญนคร (รถไฟฟ้าสายสีทอง)"
      },
      "geometry": {
        "type": "Point",
        "coordinates": [
          100.5090694,
          13.7264621
        ]
      },
      "id": "node/5812248586"
    },
    {
      "type": "Feature",
      "properties": {
        "@id": "node/5812248587",
        "monorail": "yes",
        "name": "คลองสาน",
        "name:en": "Khlong San",
        "name:ja": "クローンサーン",
        "name:th": "คลองสาน",
        "network": "BTS",
        "operator": "กรุงเทพธนาคม",
        "public_transport": "station",
        "railway": "station",
        "ref": "G3",
        "wikidata": "Q104212244",
        "wikipedia": "th:สถานีคลองสาน (รถไฟฟ้าสายสีทอง)"
      },
      "geometry": {
        "type": "Point",
        "coordinates": [
          100.5077213,
          13.7303066
        ]
      },
      "id": "node/5812248587"
    },
    {
      "type": "Feature",
      "properties": {
        "@id": "node/6024782068",
        "addr:country": "Thailand",
        "addr:district": "ธัญบุรี",
        "addr:postcode": "12130",
        "addr:province": "ปทุมธานี",
        "addr:province:en": "Pathumthani",
        "addr:subdistrict": "ประชาธิปัตย์",
        "country": "ไทย",
        "description": "สถานีรังสิต Rangsit Station",
        "name": "รังสิต",
        "name:en": "Rangsit",
        "name:th": "รังสิต",
        "name:zh": "兰实",
        "network": "รถไฟฟ้าชานเมือง สายสีแดง",
        "network:en": "SRT Red Lines",
        "network:th": "รถไฟฟ้าชานเมือง สายสีแดง",
        "network:wikidata": "Q2542280",
        "operator": "การรถไฟแห่งประเทศไทย",
        "province": "ปทุมธานี",
        "public_transport": "station",
        "railway": "station",
        "railway:ref": "รต;RN10",
        "railway:station_category": "1",
        "ref": "รต.;RN10",
        "ref:station": "1021",
        "short_name": "สถานีรังสิต",
        "short_name:en": "Rangsit Station",
        "short_name:th": "สถานีรังสิต",
        "train": "yes",
        "wikidata": "Q6633383"
      },
      "geometry": {
        "type": "Point",
        "coordinates": [
          100.6021544,
          13.9905416
        ]
      },
      "id": "node/6024782068"
    },
    {
      "type": "Feature",
      "properties": {
        "@id": "node/6124793513",
        "name": "ปู่เจ้า",
        "name:en": "Pu Chao",
        "name:th": "ปู่เจ้า",
        "operator": "กรุงเทพธนาคม",
        "public_transport": "station",
        "railway": "station",
        "ref": "E16",
        "station": "subway",
        "subway": "yes",
        "wheelchair": "yes",
        "wikidata": "Q59779848",
        "wikipedia": "th:สถานีปู่เจ้า"
      },
      "geometry": {
        "type": "Point",
        "coordinates": [
          100.5920064,
          13.6372768
        ]
      },
      "id": "node/6124793513"
    },
    {
      "type": "Feature",
      "properties": {
        "@id": "node/6124793514",
        "name": "ช้างเอราวัณ",
        "name:en": "Chang Erawan",
        "name:th": "ช้างเอราวัณ",
        "operator": "กรุงเทพธนาคม",
        "public_transport": "station",
        "railway": "station",
        "ref": "E17",
        "station": "subway",
        "subway": "yes",
        "wikidata": "Q13021646",
        "wikipedia": "th:สถานีช้างเอราวัณ"
      },
      "geometry": {
        "type": "Point",
        "coordinates": [
          100.5901599,
          13.6215944
        ]
      },
      "id": "node/6124793514"
    },
    {
      "type": "Feature",
      "properties": {
        "@id": "node/6124793515",
        "name": "โรงเรียนนายเรือ",
        "name:en": "Royal Thai Naval Academy",
        "name:th": "โรงเรียนนายเรือ",
        "public_transport": "station",
        "railway": "station",
        "ref": "E18",
        "station": "subway",
        "subway": "yes",
        "wikidata": "Q60034232",
        "wikipedia": "th:สถานีโรงเรียนนายเรือ"
      },
      "geometry": {
        "type": "Point",
        "coordinates": [
          100.5949057,
          13.6084089
        ]
      },
      "id": "node/6124793515"
    },
    {
      "type": "Feature",
      "properties": {
        "@id": "node/6124793516",
        "name": "ปากน้ำ",
        "name:en": "Pak Nam",
        "name:th": "ปากน้ำ",
        "public_transport": "station",
        "railway": "station",
        "ref": "E19",
        "station": "subway",
        "subway": "yes",
        "wikidata": "Q60034220",
        "wikipedia": "th:สถานีปากน้ำ"
      },
      "geometry": {
        "type": "Point",
        "coordinates": [
          100.5970924,
          13.6021243
        ]
      },
      "id": "node/6124793516"
    },
    {
      "type": "Feature",
      "properties": {
        "@id": "node/6124793517",
        "name": "ศรีนครินทร์",
        "name:en": "Srinagarindra",
        "name:th": "ศรีนครินทร์",
        "public_transport": "station",
        "railway": "station",
        "ref": "E20",
        "station": "subway",
        "subway": "yes",
        "wikidata": "Q60034186",
        "wikipedia": "th:สถานีศรีนครินทร์"
      },
      "geometry": {
        "type": "Point",
        "coordinates": [
          100.6090352,
          13.5919965
        ]
      },
      "id": "node/6124793517"
    },
    {
      "type": "Feature",
      "properties": {
        "@id": "node/6124793521",
        "name": "แพรกษา",
        "name:en": "Phraek Sa",
        "name:th": "แพรกษา",
        "public_transport": "station",
        "railway": "station",
        "ref": "E21",
        "station": "subway",
        "subway": "yes",
        "wikidata": "Q60034142",
        "wikipedia": "th:สถานีแพรกษา"
      },
      "geometry": {
        "type": "Point",
        "coordinates": [
          100.607905,
          13.5841917
        ]
      },
      "id": "node/6124793521"
    },
    {
      "type": "Feature",
      "properties": {
        "@id": "node/6124793522",
        "name": "สายลวด",
        "name:en": "Sai Luat",
        "name:th": "สายลวด",
        "public_transport": "station",
        "railway": "station",
        "ref": "E22",
        "station": "subway",
        "subway": "yes",
        "wikidata": "Q60034123",
        "wikipedia": "th:สถานีสายลวด"
      },
      "geometry": {
        "type": "Point",
        "coordinates": [
          100.6054607,
          13.5777755
        ]
      },
      "id": "node/6124793522"
    },
    {
      "type": "Feature",
      "properties": {
        "@id": "node/6124793523",
        "name": "เคหะฯ",
        "name:en": "Kheha",
        "name:th": "เคหะฯ",
        "public_transport": "station",
        "railway": "station",
        "ref": "E23",
        "station": "subway",
        "subway": "yes",
        "wikidata": "Q59764824",
        "wikipedia": "th:สถานีเคหะฯ"
      },
      "geometry": {
        "type": "Point",
        "coordinates": [
          100.6076939,
          13.5676866
        ]
      },
      "id": "node/6124793523"
    },
    {
      "type": "Feature",
      "properties": {
        "@id": "node/6228668385",
        "name": "คลองหลวงแพ่ง",
        "name:en": "Khlong Luang Phaeng",
        "name:th": "คลองหลวงแพ่ง",
        "network": "การรถไฟแห่งประเทศไทย",
        "network:en": "State Railway of Thailand",
        "network:th": "การรถไฟแห่งประเทศไทย",
        "network:wikidata": "Q2165702",
        "public_transport": "station",
        "railway": "station",
        "railway:ref": "คพ",
        "railway:ref:en": "KLP",
        "railway:station_category": "3",
        "ref": "คพ.",
        "ref:station": "3017",
        "train": "yes",
        "wikidata": "Q13021666"
      },
      "geometry": {
        "type": "Point",
        "coordinates": [
          100.8630607,
          13.7200739
        ]
      },
      "id": "node/6228668385"
    },
    {
      "type": "Feature",
      "properties": {
        "@id": "node/6228668386",
        "name": "เปรง",
        "name:en": "Preng",
        "network": "การรถไฟแห่งประเทศไทย",
        "network:en": "State Railway of Thailand",
        "network:th": "การรถไฟแห่งประเทศไทย",
        "network:wikidata": "Q2165702",
        "old_name": "คลองเปรง",
        "public_transport": "station",
        "railway": "station",
        "railway:ref": "คป",
        "railway:ref:en": "PRE",
        "railway:station_category": "3",
        "ref": "คป.",
        "ref:station": "3019",
        "train": "yes",
        "wikidata": "Q11335955"
      },
      "geometry": {
        "type": "Point",
        "coordinates": [
          100.9249376,
          13.7123679
        ]
      },
      "id": "node/6228668386"
    },
    {
      "type": "Feature",
      "properties": {
        "@id": "node/6228668485",
        "name": "คลองอุดมชลจร",
        "name:en": "Khlong Udom Chonlajorn",
        "name:th": "คลองอุดมชลจร",
        "public_transport": "station",
        "railway": "halt",
        "railway:ref": "ดจ",
        "railway:ref:en": "KUC",
        "railway:station_category": "ป้ายหยุดรถ",
        "ref": "ดจ.",
        "ref:station": "3018",
        "train": "yes",
        "wikidata": "Q65051105"
      },
      "geometry": {
        "type": "Point",
        "coordinates": [
          100.8969339,
          13.715861
        ]
      },
      "id": "node/6228668485"
    },
    {
      "type": "Feature",
      "properties": {
        "@id": "node/6563228219",
        "name": "สิรินธร",
        "name:en": "Sirindhorn",
        "name:ru": "Сиринтхон",
        "name:th": "สิรินธร",
        "name:zh": "诗琳通",
        "operator": "ทางด่วนและรถไฟฟ้ากรุงเทพ",
        "public_transport": "station",
        "railway": "station",
        "ref": "BL06",
        "station": "subway",
        "subway": "yes",
        "wikidata": "Q83555413"
      },
      "geometry": {
        "type": "Point",
        "coordinates": [
          100.4933267,
          13.7838726
        ]
      },
      "id": "node/6563228219"
    },
    {
      "type": "Feature",
      "properties": {
        "@id": "node/6681609012",
        "name": "แยก คปอ.",
        "name:en": "Yaek Kor Por Aor",
        "name:th": "แยก คปอ.",
        "opening_date": "2020-12-16",
        "operator": "กรุงเทพธนาคม",
        "public_transport": "station",
        "railway": "station",
        "ref": "N23",
        "station": "subway",
        "subway": "yes",
        "wikidata": "Q104211805"
      },
      "geometry": {
        "type": "Point",
        "coordinates": [
          100.6258374,
          13.9250126
        ]
      },
      "id": "node/6681609012"
    },
    {
      "type": "Feature",
      "properties": {
        "@id": "node/6681609016",
        "colour": "green",
        "name": "พิพิธภัณฑ์กองทัพอากาศ",
        "name:en": "Royal Thai Air Force Museum",
        "name:th": "พิพิธภัณฑ์กองทัพอากาศ",
        "network": "BTS",
        "opening_date": "2020-12-16",
        "operator": "กรุงเทพธนาคม",
        "public_transport": "station",
        "railway": "station",
        "ref": "N22",
        "station": "subway",
        "subway": "yes",
        "wikidata": "Q104211775"
      },
      "geometry": {
        "type": "Point",
        "coordinates": [
          100.621691,
          13.9179713
        ]
      },
      "id": "node/6681609016"
    },
    {
      "type": "Feature",
      "properties": {
        "@id": "node/6681609017",
        "name": "โรงพยาบาลภูมิพลอดุลยเดช",
        "name:en": "Bhumibol Adulyadej Hospital",
        "name:th": "โรงพยาบาลภูมิพลอดุลยเดช",
        "network": "BTS",
        "opening_date": "2020-12-16",
        "operator": "กรุงเทพธนาคม",
        "public_transport": "station",
        "railway": "station",
        "ref": "N21",
        "station": "subway",
        "subway": "yes",
        "wikidata": "Q104211764"
      },
      "geometry": {
        "type": "Point",
        "coordinates": [
          100.6173961,
          13.910714
        ]
      },
      "id": "node/6681609017"
    },
    {
      "type": "Feature",
      "properties": {
        "@id": "node/6681609018",
        "name": "สะพานใหม่",
        "name:en": "Saphan Mai",
        "name:th": "สะพานใหม่",
        "network": "BTS",
        "opening_date": "2020-12-16",
        "operator": "กรุงเทพธนาคม",
        "public_transport": "station",
        "railway": "station",
        "ref": "N20",
        "station": "subway",
        "subway": "yes",
        "wikidata": "Q104211663",
        "wikipedia": "th:สถานีสะพานใหม่"
      },
      "geometry": {
        "type": "Point",
        "coordinates": [
          100.6090774,
          13.8966129
        ]
      },
      "id": "node/6681609018"
    },
    {
      "type": "Feature",
      "properties": {
        "@id": "node/6681609019",
        "name": "สายหยุด",
        "name:en": "Sai Yud",
        "name:th": "สายหยุด",
        "opening_date": "2020-12-16",
        "operator": "กรุงเทพธนาคม",
        "public_transport": "station",
        "railway": "station",
        "ref": "N19",
        "station": "subway",
        "subway": "yes",
        "wikidata": "Q104211647"
      },
      "geometry": {
        "type": "Point",
        "coordinates": [
          100.6042685,
          13.888451
        ]
      },
      "id": "node/6681609019"
    },
    {
      "type": "Feature",
      "properties": {
        "@id": "node/6681609020",
        "name": "พหลโยธิน 59",
        "name:en": "Phahonyothin 59",
        "name:th": "พหลโยธิน 59",
        "network": "BTS",
        "opening_date": "2020-12-16",
        "operator": "กรุงเทพธนาคม",
        "public_transport": "station",
        "railway": "station",
        "ref": "N18",
        "station": "subway",
        "subway": "yes",
        "wikidata": "Q104211602"
      },
      "geometry": {
        "type": "Point",
        "coordinates": [
          100.6007312,
          13.8824483
        ]
      },
      "id": "node/6681609020"
    },
    {
      "type": "Feature",
      "properties": {
        "@id": "node/6681609024",
        "name": "กรมทหารราบที่ 11",
        "name:en": "11th Infantry Regiment",
        "name:th": "กรมทหารราบที่ 11",
        "network": "BTS",
        "operator": "กรุงเทพธนาคม",
        "public_transport": "station",
        "railway": "station",
        "ref": "N16",
        "station": "subway",
        "subway": "yes",
        "wikidata": "Q96096780"
      },
      "geometry": {
        "type": "Point",
        "coordinates": [
          100.5919727,
          13.8675784
        ]
      },
      "id": "node/6681609024"
    },
    {
      "type": "Feature",
      "properties": {
        "@id": "node/6681609025",
        "name": "บางบัว",
        "name:en": "Bang Bua",
        "name:th": "บางบัว",
        "operator": "กรุงเทพธนาคม",
        "public_transport": "station",
        "railway": "station",
        "ref": "N15",
        "station": "subway",
        "subway": "yes",
        "wikidata": "Q96075530"
      },
      "geometry": {
        "type": "Point",
        "coordinates": [
          100.5851786,
          13.856049
        ]
      },
      "id": "node/6681609025"
    },
    {
      "type": "Feature",
      "properties": {
        "@id": "node/6681609026",
        "name": "กรมป่าไม้",
        "name:en": "Royal Forest Department",
        "name:ja": "ロイヤルフォレストデパートメント駅",
        "name:th": "กรมป่าไม้",
        "network": "BTS",
        "operator": "กรุงเทพธนาคม",
        "public_transport": "station",
        "railway": "station",
        "ref": "N14",
        "station": "subway",
        "subway": "yes",
        "wikidata": "Q96096835"
      },
      "geometry": {
        "type": "Point",
        "coordinates": [
          100.5818158,
          13.850326
        ]
      },
      "id": "node/6681609026"
    },
    {
      "type": "Feature",
      "properties": {
        "@id": "node/6681609027",
        "name": "มหาวิทยาลัยเกษตรศาสตร์",
        "name:en": "Kasetsart University",
        "name:ja": "カセサート大学駅",
        "network": "BTS",
        "operator": "กรุงเทพธนาคม",
        "public_transport": "station",
        "railway": "station",
        "ref": "N13",
        "station": "subway",
        "subway": "yes",
        "wikidata": "Q76973081"
      },
      "geometry": {
        "type": "Point",
        "coordinates": [
          100.577105,
          13.8423141
        ]
      },
      "id": "node/6681609027"
    },
    {
      "type": "Feature",
      "properties": {
        "@id": "node/6681609028",
        "name": "เสนานิคม",
        "name:en": "Sena Nikhom",
        "name:ja": "セナニコム駅",
        "name:th": "เสนานิคม",
        "operator": "กรุงเทพธนาคม",
        "public_transport": "station",
        "railway": "station",
        "ref": "N12",
        "station": "subway",
        "subway": "yes",
        "wheelchair": "yes",
        "wikidata": "Q76973119"
      },
      "geometry": {
        "type": "Point",
        "coordinates": [
          100.5736286,
          13.8364057
        ]
      },
      "id": "node/6681609028"
    },
    {
      "type": "Feature",
      "properties": {
        "@id": "node/6681609029",
        "name": "รัชโยธิน",
        "name:en": "Ratchayothin",
        "name:ja": "ラチャヨーティン駅",
        "name:th": "รัชโยธิน",
        "network": "BTS",
        "operator": "กรุงเทพธนาคม",
        "public_transport": "station",
        "railway": "station",
        "ref": "N11",
        "station": "subway",
        "subway": "yes",
        "wikidata": "Q76972519"
      },
      "geometry": {
        "type": "Point",
        "coordinates": [
          100.5697222,
          13.8297477
        ]
      },
      "id": "node/6681609029"
    },
    {
      "type": "Feature",
      "properties": {
        "@id": "node/6681609030",
        "name": "พหลโยธิน 24",
        "name:en": "Phahonyothin 24",
        "name:ja": "パホンヨーティン24駅",
        "name:th": "พหลโยธิน 24",
        "network": "BTS",
        "operator": "กรุงเทพธนาคม",
        "public_transport": "station",
        "railway": "station",
        "ref": "N10",
        "station": "subway",
        "subway": "yes",
        "wikidata": "Q13021643"
      },
      "geometry": {
        "type": "Point",
        "coordinates": [
          100.5664253,
          13.8241206
        ]
      },
      "id": "node/6681609030"
    },
    {
      "type": "Feature",
      "properties": {
        "@id": "node/6703045990",
        "construction:railway": "station",
        "name": "น้อมเกล้า",
        "name:en": "Nom Klao",
        "name:th": "น้อมเกล้า",
        "network": "Metropolitan Rapid Transit",
        "network:short": "MRT",
        "network:wikidata": "Q806485",
        "note": "อย่าเพิ่มแท็ก railway=station และ/หรือ public_transport=station ก่อนที่จะเปิดให้บริการ | Do not add railway=station and/or public_transport=station tags before operational service",
        "operator": "ทางด่วนและรถไฟฟ้ากรุงเทพ",
        "public_transport": "station",
        "ref": "OR24",
        "station": "subway",
        "status": "inactive",
        "subway": "yes"
      },
      "geometry": {
        "type": "Point",
        "coordinates": [
          100.6914039,
          13.786851
        ]
      },
      "id": "node/6703045990"
    },
    {
      "type": "Feature",
      "properties": {
        "@id": "node/6703045993",
        "construction:railway": "station",
        "name": "มีนพัฒนา",
        "name:en": "Min Phatthana",
        "name:th": "มีนพัฒนา",
        "network": "Metropolitan Rapid Transit",
        "network:short": "MRT",
        "network:wikidata": "Q806485",
        "note": "อย่าเพิ่มแท็ก railway=station และ/หรือ public_transport=station ก่อนที่จะเปิดให้บริการ | Do not add railway=station and/or public_transport=station tags before operational service",
        "operator": "ทางด่วนและรถไฟฟ้ากรุงเทพ",
        "public_transport": "station",
        "ref": "OR26",
        "station": "subway",
        "status": "inactive",
        "subway": "yes"
      },
      "geometry": {
        "type": "Point",
        "coordinates": [
          100.7111008,
          13.7973754
        ]
      },
      "id": "node/6703045993"
    },
    {
      "type": "Feature",
      "properties": {
        "@id": "node/6711003839",
        "addr:country": "Thailand",
        "addr:district": "Bang Phli",
        "addr:postcode": "10540",
        "addr:province": "Samut Prakan",
        "country": "Thailand",
        "description": "Suvarnabhumi Station Airport Rail Link",
        "int_name": "Suvarnabhumi",
        "name": "สุวรรณภูมิ",
        "name:en": "Suvarnabhumi",
        "name:ko": "수완나품",
        "name:ru": "Суварнабхуми",
        "name:th": "สุวรรณภูมิ",
        "network": "ARL",
        "province": "Samutprakan",
        "public_transport": "station",
        "railway": "station",
        "ref": "A1",
        "train": "yes",
        "wheelchair": "yes",
        "wikidata": "Q6633190",
        "wikipedia": "th:สถานีท่าอากาศยานสุวรรณภูมิ"
      },
      "geometry": {
        "type": "Point",
        "coordinates": [
          100.7512883,
          13.6942671
        ]
      },
      "id": "node/6711003839"
    },
    {
      "type": "Feature",
      "properties": {
        "@id": "node/6711009224",
        "addr:country": "ไทย",
        "addr:district": "สวนหลวง",
        "addr:district:en": "Suan Luang",
        "addr:postcode": "10250",
        "addr:province": "กรุงเทพมหานคร",
        "addr:province:en": "Bangkok",
        "addr:subdistrict": "สวนหลวง",
        "addr:subdistrict:en": "Suan Luang",
        "country": "ไทย",
        "int_name": "Ramkhamhaeng",
        "name": "รามคำแหง",
        "name:en": "Ramkhamhaeng",
        "name:ja": "ラームカムヘーン",
        "name:th": "รามคำแหง",
        "network": "ARL",
        "province": "กรุงเทพมหานคร",
        "public_transport": "station",
        "railway": "station",
        "ref": "A5",
        "source": "Ramkhamkhaeng",
        "train": "yes",
        "wikidata": "Q6633628",
        "wikipedia": "th:สถานีรามคำแหง"
      },
      "geometry": {
        "type": "Point",
        "coordinates": [
          100.6001541,
          13.7429933
        ]
      },
      "id": "node/6711009224"
    },
    {
      "type": "Feature",
      "properties": {
        "@id": "node/6711014684",
        "addr:country": "ไทย",
        "addr:district": "ประเวศ",
        "addr:district:en": "Pravet",
        "addr:province": "กรุงเทพมหานคร",
        "addr:subdistrict": "ประเวศ",
        "country": "Thailand",
        "name": "บ้านทับช้าง",
        "name:en": "Ban Thap Chang",
        "name:th": "บ้านทับช้าง",
        "network": "ARL",
        "province": "Bangkok",
        "public_transport": "station",
        "railway": "station",
        "ref": "A3",
        "train": "yes",
        "wikidata": "Q6895675",
        "wikipedia": "th:สถานีบ้านทับช้าง"
      },
      "geometry": {
        "type": "Point",
        "coordinates": [
          100.6908166,
          13.7328881
        ]
      },
      "id": "node/6711014684"
    },
    {
      "type": "Feature",
      "properties": {
        "@id": "node/6711016582",
        "addr:district": "ลาดกระบัง",
        "addr:province": "กรุงเทพมหานคร",
        "addr:subdistrict": "ลาดกระบัง",
        "country": "ไทย",
        "int_name": "Lat Krabang",
        "name": "ลาดกระบัง",
        "name:en": "Lat Krabang",
        "name:th": "ลาดกระบัง",
        "network": "ARL",
        "province": "กรุงเทพมหานคร",
        "public_transport": "station",
        "railway": "station",
        "ref": "A2",
        "train": "yes",
        "wikidata": "Q15283201",
        "wikipedia": "th:สถานีลาดกระบัง"
      },
      "geometry": {
        "type": "Point",
        "coordinates": [
          100.7485985,
          13.7276817
        ]
      },
      "id": "node/6711016582"
    },
    {
      "type": "Feature",
      "properties": {
        "@id": "node/6711023184",
        "int_name": "Makkasan",
        "name": "มักกะสัน",
        "name:en": "Makkasan",
        "name:th": "มักกะสัน",
        "network": "ARL",
        "public_transport": "station",
        "railway": "station",
        "ref": "A6",
        "train": "yes",
        "wheelchair": "yes",
        "wikidata": "Q11340409",
        "wikipedia": "th:สถานีรับส่งผู้โดยสารอากาศยานในเมือง"
      },
      "geometry": {
        "type": "Point",
        "coordinates": [
          100.5611427,
          13.7509089
        ]
      },
      "id": "node/6711023184"
    },
    {
      "type": "Feature",
      "properties": {
        "@id": "node/6711026524",
        "addr:country": "Thailand",
        "addr:district": "ราชเทวี",
        "addr:province": "กรุงเทพมหานคร",
        "addr:province:en": "Bangkok",
        "addr:street": "ถนนราชปรารภ",
        "alt_name": "Ratchaprarop Station",
        "country": "Thailand",
        "description": "Ratchaprarop Station",
        "int_name": "Ratchaprarop",
        "name": "ราชปรารภ",
        "name:en": "Ratchaprarop",
        "name:ja": "ラチャプラロップ",
        "name:th": "ราชปรารภ",
        "network": "ARL",
        "province": "Bangkok",
        "public_transport": "station",
        "railway": "station",
        "ref": "A7",
        "train": "yes",
        "wikidata": "Q6633462",
        "wikipedia": "th:สถานีราชปรารภ"
      },
      "geometry": {
        "type": "Point",
        "coordinates": [
          100.5421238,
          13.7551065
        ]
      },
      "id": "node/6711026524"
    },
    {
      "type": "Feature",
      "properties": {
        "@id": "node/6711028526",
        "addr:district": "Ratchathewi",
        "addr:postcode": "10400",
        "addr:province": "Bangkok",
        "addr:subdistrict": "Phayathai",
        "alt_name": "สถานีรถไฟฟ้าพญาไท",
        "alt_name:th": "สถานีรถไฟฟ้าพญาไท",
        "country": "ไทย",
        "description": "สถานีรถไฟฟ้าพญาไท Phaya Thai station",
        "int_name": "Phaya Thai",
        "name": "พญาไท",
        "name:en": "Phaya Thai",
        "name:ja": "パヤタイ",
        "name:th": "พญาไท",
        "network": "ARL",
        "province": "กรุงเทพมหานคร",
        "public_transport": "station",
        "railway": "station",
        "ref": "A8",
        "train": "yes",
        "wikidata": "Q13021649",
        "wikipedia": "th:สถานีพญาไท (รถไฟฟ้าเชื่อมท่าอากาศยานสุวรรณภูมิ)"
      },
      "geometry": {
        "type": "Point",
        "coordinates": [
          100.5349074,
          13.75671
        ]
      },
      "id": "node/6711028526"
    },
    {
      "type": "Feature",
      "properties": {
        "@id": "node/6966466946",
        "alt_name": "Ladphrao Intersection;BTS ห้าแยก ลาดพร้าว",
        "name": "ห้าแยกลาดพร้าว",
        "name:en": "Ha Yaek Lat Phrao",
        "name:ja": "ハーイェークラプラオ駅",
        "operator": "กรุงเทพธนาคม",
        "public_transport": "station",
        "railway": "station",
        "ref": "N9",
        "station": "subway",
        "subway": "yes",
        "wikidata": "Q16307668"
      },
      "geometry": {
        "type": "Point",
        "coordinates": [
          100.5620359,
          13.8166807
        ]
      },
      "id": "node/6966466946"
    },
    {
      "type": "Feature",
      "properties": {
        "@id": "node/7096345624",
        "name": "ไฟฉาย",
        "name:en": "Fai Chai",
        "name:ja": "ファイチャーイ",
        "name:ru": "Файчай",
        "name:th": "ไฟฉาย",
        "name:zh": "发彩",
        "network": "MRT",
        "operator": "ทางด่วนและรถไฟฟ้ากรุงเทพ",
        "public_transport": "station",
        "railway": "station",
        "ref": "BL03",
        "station": "subway",
        "subway": "yes",
        "wikidata": "Q66087746"
      },
      "geometry": {
        "type": "Point",
        "coordinates": [
          100.4693198,
          13.7558013
        ]
      },
      "id": "node/7096345624"
    },
    {
      "type": "Feature",
      "properties": {
        "@id": "node/7769630266",
        "addr:city": "แขวงรองเมือง",
        "addr:district": "ปทุมวัน",
        "addr:housenumber": "1",
        "addr:postcode": "10330",
        "addr:province": "กรุงเทพมหานคร",
        "addr:street": "ถนนรองเมือง",
        "addr:subdistrict": "รองเมือง",
        "description": "Main railway station in Bangkok. Generally known as Hua Lamphong Station.",
        "internet_access": "wlan",
        "internet_access:fee": "no",
        "loc_name": "หัวลำโพง",
        "loc_name:de": "Hua Lamphong",
        "loc_name:en": "Hua Lamphong",
        "loc_name:th": "หัวลำโพง",
        "loc_name:zh": "華喃峰",
        "name": "กรุงเทพ",
        "name:de": "Bangkok",
        "name:en": "Bangkok",
        "name:es": "Bangkok",
        "name:ru": "Бангкок",
        "name:th": "กรุงเทพ",
        "name:zh": "曼谷",
        "network": "การรถไฟแห่งประเทศไทย",
        "network:en": "State Railway of Thailand",
        "network:th": "การรถไฟแห่งประเทศไทย",
        "network:wikidata": "Q2165702",
        "operator": "การรถไฟแห่งประเทศไทย",
        "public_transport": "station",
        "railway": "station",
        "railway:ref": "กท.",
        "railway:station_category": "พิเศษ",
        "ref": "กท.",
        "ref:station": "1001",
        "source": "GPS;sign",
        "train": "yes",
        "wheelchair": "yes",
        "wikidata": "Q125929",
        "wikipedia": "th:สถานีกรุงเทพ (หัวลำโพง)"
      },
      "geometry": {
        "type": "Point",
        "coordinates": [
          100.5166499,
          13.7393113
        ]
      },
      "id": "node/7769630266"
    },
    {
      "type": "Feature",
      "properties": {
        "@id": "node/7769630267",
        "alt_name": "บางกอกน้อย",
        "alt_name:en": "Bangkok Noi",
        "alt_name:th": "บางกอกน้อย",
        "name": "ธนบุรี",
        "name:en": "Thonburi",
        "name:ja": "トンブリー",
        "name:th": "ธนบุรี",
        "network": "การรถไฟแห่งประเทศไทย",
        "network:en": "State Railway of Thailand",
        "network:th": "การรถไฟแห่งประเทศไทย",
        "network:wikidata": "Q2165702",
        "operator": "การรถไฟแห่งประเทศไทย",
        "public_transport": "station",
        "railway": "station",
        "railway:ref": "ธบ",
        "ref": "ธบ.",
        "srt_code": "TBR",
        "train": "yes",
        "wikidata": "Q6895717"
      },
      "geometry": {
        "type": "Point",
        "coordinates": [
          100.4787743,
          13.7606966
        ]
      },
      "id": "node/7769630267"
    },
    {
      "type": "Feature",
      "properties": {
        "@id": "node/7769639096",
        "name": "บางหว้า",
        "name:en": "Bang Wa",
        "name:th": "บางหว้า",
        "name:zh": "曼瓦",
        "operator": "กรุงเทพธนาคม",
        "public_transport": "station",
        "railway": "station",
        "ref": "S12",
        "station": "subway",
        "subway": "yes"
      },
      "geometry": {
        "type": "Point",
        "coordinates": [
          100.4577913,
          13.72079
        ]
      },
      "id": "node/7769639096"
    },
    {
      "type": "Feature",
      "properties": {
        "@id": "node/7769639097",
        "name": "บางหว้า",
        "name:en": "Bang Wa",
        "name:th": "บางหว้า",
        "name:zh": "曼瓦",
        "operator": "ทางด่วนและรถไฟฟ้ากรุงเทพ",
        "public_transport": "station",
        "railway": "station",
        "ref": "BL34",
        "station": "subway",
        "subway": "yes",
        "wikidata": "Q66091132"
      },
      "geometry": {
        "type": "Point",
        "coordinates": [
          100.4570233,
          13.7202698
        ]
      },
      "id": "node/7769639097"
    },
    {
      "type": "Feature",
      "properties": {
        "@id": "node/7769639098",
        "name": "เตาปูน",
        "name:en": "Tao Poon",
        "name:th": "เตาปูน",
        "name:zh": "岛本站",
        "network": "MRT",
        "operator": "ทางด่วนและรถไฟฟ้ากรุงเทพ",
        "public_transport": "station",
        "railway": "station",
        "ref": "BL10;PP16",
        "station": "subway",
        "subway": "yes",
        "wikidata": "Q13021868",
        "wikipedia": "th:สถานีเตาปูน"
      },
      "geometry": {
        "type": "Point",
        "coordinates": [
          100.5307752,
          13.8061627
        ]
      },
      "id": "node/7769639098"
    },
    {
      "type": "Feature",
      "properties": {
        "@id": "node/7781133227",
        "monorail": "yes",
        "name": "กรุงธนบุรี",
        "name:en": "Krung Thon Buri",
        "name:th": "กรุงธนบุรี",
        "network": "BTS",
        "operator": "กรุงเทพธนาคม",
        "public_transport": "stop_position",
        "railway": "stop",
        "ref": "1",
        "station": "monorail"
      },
      "geometry": {
        "type": "Point",
        "coordinates": [
          100.5037139,
          13.7211681
        ]
      },
      "id": "node/7781133227"
    },
    {
      "type": "Feature",
      "properties": {
        "@id": "node/7781158247",
        "name": "เซนต์หลุยส์",
        "name:en": "Saint Louis",
        "name:th": "เซนต์หลุยส์",
        "network": "BTS",
        "operator": "ระบบขนส่งมวลชนกรุงเทพ",
        "operator:en": "Bangkok Mass Transit System;BTSC",
        "public_transport": "station",
        "railway": "station",
        "ref": "S4",
        "station": "subway",
        "subway": "yes",
        "wheelchair": "yes",
        "wikidata": "Q13021839",
        "wikipedia": "th:สถานีเซนต์หลุยส์"
      },
      "geometry": {
        "type": "Point",
        "coordinates": [
          100.5266863,
          13.720816
        ]
      },
      "id": "node/7781158247"
    },
    {
      "type": "Feature",
      "properties": {
        "@id": "node/7781303392",
        "addr:district": "เมืองสมุทรปราการ",
        "addr:postcode": "10270",
        "addr:province": "สมุทรปราการ",
        "addr:street": "ถนนเทพารักษ์",
        "addr:subdistrict": "เทพารักษ์",
        "monorail": "yes",
        "name": "สำโรง",
        "name:en": "Samrong",
        "name:th": "สำโรง",
        "operator": "อีสเทิร์นบางกอกโมโนเรล",
        "operator:en": "Eastern Bangkok Monorail",
        "operator:th": "อีสเทิร์นบางกอกโมโนเรล",
        "public_transport": "station",
        "railway": "station",
        "ref": "YL23",
        "station": "monorail",
        "wikidata": "Q29068277",
        "wikipedia": "th:สถานีสำโรง"
      },
      "geometry": {
        "type": "Point",
        "coordinates": [
          100.5966038,
          13.6450158
        ]
      },
      "id": "node/7781303392"
    },
    {
      "type": "Feature",
      "properties": {
        "@id": "node/7787093465",
        "name": "อโศก",
        "name:en": "Asok",
        "name:th": "อโศก",
        "public_transport": "station",
        "railway": "halt",
        "railway:ref": "อโ",
        "railway:station_category": "ป้ายหยุดรถ",
        "ref": "อโ.",
        "ref:station": "3105",
        "train": "yes"
      },
      "geometry": {
        "type": "Point",
        "coordinates": [
          100.5641274,
          13.7500289
        ]
      },
      "id": "node/7787093465"
    },
    {
      "type": "Feature",
      "properties": {
        "@id": "node/7787093466",
        "addr:district": "ราชเทวี",
        "addr:province": "กรุงเทพมหานคร",
        "name": "ราชปรารภ",
        "name:en": "Ratchaprarop",
        "name:ja": "ラチャプラロップ",
        "name:th": "ราชปรารภ",
        "public_transport": "station",
        "railway": "halt",
        "ref": "รป.",
        "train": "yes",
        "wikidata": "Q109128207"
      },
      "geometry": {
        "type": "Point",
        "coordinates": [
          100.541873,
          13.7550849
        ]
      },
      "id": "node/7787093466"
    },
    {
      "type": "Feature",
      "properties": {
        "@id": "node/7787093467",
        "name": "อุรุพงษ์",
        "name:en": "Uruphong",
        "name:ja": "ウルポン",
        "name:th": "อุรุพงษ์",
        "public_transport": "station",
        "railway": "halt",
        "railway:ref": "รุ",
        "railway:station_category": "ป้ายหยุดรถ",
        "ref": "รุ.",
        "ref:station": "3102",
        "train": "yes",
        "wikidata": "Q16304392"
      },
      "geometry": {
        "type": "Point",
        "coordinates": [
          100.5263062,
          13.7585749
        ]
      },
      "id": "node/7787093467"
    },
    {
      "type": "Feature",
      "properties": {
        "@id": "node/7787093469",
        "name": "จรัลสนิทวงศ์",
        "name:en": "Charan Sanitwong",
        "name:th": "จรัลสนิทวงศ์",
        "operator": "การรถไฟแห่งประเทศไทย",
        "public_transport": "station",
        "railway": "halt",
        "railway:ref": "รว",
        "ref": "รว.",
        "train": "yes",
        "wikidata": "Q16271177",
        "wikipedia": "th:ป้ายหยุดรถไฟจรัญสนิทวงศ์"
      },
      "geometry": {
        "type": "Point",
        "coordinates": [
          100.4725817,
          13.7631788
        ]
      },
      "id": "node/7787093469"
    },
    {
      "type": "Feature",
      "properties": {
        "@id": "node/7787093470",
        "name": "บางระมาด",
        "name:en": "Bang Ramat",
        "name:th": "บางระมาด",
        "public_transport": "station",
        "railway": "halt",
        "railway:ref": "รม",
        "ref": "รม.",
        "train": "yes",
        "wikidata": "Q13015632"
      },
      "geometry": {
        "type": "Point",
        "coordinates": [
          100.4535109,
          13.7784563
        ]
      },
      "id": "node/7787093470"
    },
    {
      "type": "Feature",
      "properties": {
        "@id": "node/7787093471",
        "name": "จตุจักร",
        "name:en": "Chatuchak",
        "name:th": "จตุจักร",
        "network": "รถไฟฟ้าชานเมือง สายสีแดง",
        "network:en": "SRT Red Lines",
        "network:th": "รถไฟฟ้าชานเมือง สายสีแดง",
        "network:wikidata": "Q2542280",
        "operator": "การรถไฟแห่งประเทศไทย",
        "public_transport": "station",
        "railway": "station",
        "railway:ref": "RN02",
        "ref": "RN02",
        "train": "yes",
        "wikidata": "Q108596671",
        "wikipedia": "th:สถานีจตุจักร"
      },
      "geometry": {
        "type": "Point",
        "coordinates": [
          100.5494741,
          13.8266181
        ]
      },
      "id": "node/7787093471"
    },
    {
      "type": "Feature",
      "properties": {
        "@id": "node/7787093472",
        "name": "วัดเสมียนนารี",
        "name:en": "Wat Samian Nari",
        "name:th": "วัดเสมียนนารี",
        "network": "รถไฟฟ้าชานเมือง สายสีแดง",
        "network:en": "SRT Red Lines",
        "network:th": "รถไฟฟ้าชานเมือง สายสีแดง",
        "network:wikidata": "Q2542280",
        "operator": "การรถไฟแห่งประเทศไทย",
        "public_transport": "station",
        "railway": "station",
        "railway:ref": "RN03",
        "ref": "RN03",
        "train": "yes",
        "wikidata": "Q108596711",
        "wikipedia": "th:สถานีวัดเสมียนนารี"
      },
      "geometry": {
        "type": "Point",
        "coordinates": [
          100.5574987,
          13.8415934
        ]
      },
      "id": "node/7787093472"
    },
    {
      "type": "Feature",
      "properties": {
        "@id": "node/7787093474",
        "name": "บางเขน",
        "name:en": "Bang Khen",
        "name:th": "บางเขน",
        "network": "รถไฟฟ้าชานเมือง สายสีแดง",
        "network:en": "SRT Red Lines",
        "network:th": "รถไฟฟ้าชานเมือง สายสีแดง",
        "network:wikidata": "Q2542280",
        "operator": "การรถไฟแห่งประเทศไทย",
        "public_transport": "station",
        "railway": "station",
        "railway:ref": "RN04",
        "ref": "RN04",
        "train": "yes",
        "wikidata": "Q6633329",
        "wikipedia": "th:สถานีบางเขน"
      },
      "geometry": {
        "type": "Point",
        "coordinates": [
          100.5616724,
          13.8493659
        ]
      },
      "id": "node/7787093474"
    },
    {
      "type": "Feature",
      "properties": {
        "@id": "node/7787093475",
        "name": "ทุ่งสองห้อง",
        "name:en": "Thung Song Hong",
        "name:th": "ทุ่งสองห้อง",
        "network": "รถไฟฟ้าชานเมือง สายสีแดง",
        "network:en": "SRT Red Lines",
        "network:th": "รถไฟฟ้าชานเมือง สายสีแดง",
        "network:wikidata": "Q2542280",
        "operator": "การรถไฟแห่งประเทศไทย",
        "public_transport": "station",
        "railway": "station",
        "railway:ref": "RN05",
        "ref": "RN05",
        "train": "yes",
        "wikidata": "Q100635380",
        "wikipedia": "th:สถานีทุ่งสองห้อง"
      },
      "geometry": {
        "type": "Point",
        "coordinates": [
          100.5675309,
          13.8602057
        ]
      },
      "id": "node/7787093475"
    },
    {
      "type": "Feature",
      "properties": {
        "@id": "node/7787093476",
        "name": "หลักสี่",
        "name:en": "Lak Si",
        "name:th": "หลักสี่",
        "network": "รถไฟฟ้าชานเมือง สายสีแดง",
        "network:en": "SRT Red Lines",
        "network:th": "รถไฟฟ้าชานเมือง สายสีแดง",
        "network:wikidata": "Q2542280",
        "operator": "การรถไฟแห่งประเทศไทย",
        "public_transport": "station",
        "railway": "station",
        "railway:ref": "RN06",
        "ref": "RN06",
        "train": "yes",
        "wikidata": "Q6633446"
      },
      "geometry": {
        "type": "Point",
        "coordinates": [
          100.581936,
          13.8863144
        ]
      },
      "id": "node/7787093476"
    },
    {
      "type": "Feature",
      "properties": {
        "@id": "node/7787093477",
        "name": "การเคหะ",
        "name:en": "Kan Kheha",
        "name:th": "การเคหะ",
        "network": "รถไฟฟ้าชานเมือง สายสีแดง",
        "network:en": "SRT Red Lines",
        "network:th": "รถไฟฟ้าชานเมือง สายสีแดง",
        "network:wikidata": "Q2542280",
        "operator": "การรถไฟแห่งประเทศไทย",
        "public_transport": "station",
        "railway": "station",
        "railway:ref": "RN07",
        "ref": "RN07",
        "train": "yes",
        "wikidata": "Q107751653",
        "wikipedia": "th:สถานีการเคหะ"
      },
      "geometry": {
        "type": "Point",
        "coordinates": [
          100.5888732,
          13.898657
        ]
      },
      "id": "node/7787093477"
    },
    {
      "type": "Feature",
      "properties": {
        "@id": "node/7787093478",
        "name": "ดอนเมือง",
        "name:en": "Don Muang",
        "name:th": "ดอนเมือง",
        "network": "รถไฟฟ้าชานเมือง สายสีแดง;การรถไฟแห่งประเทศไทย",
        "network:en": "SRT Red Lines;State Railway of Thailand",
        "network:th": "รถไฟฟ้าชานเมือง สายสีแดง;การรถไฟแห่งประเทศไทย",
        "network:wikidata": "Q2542280;Q2165702",
        "operator": "การรถไฟแห่งประเทศไทย",
        "public_transport": "station",
        "railway": "station",
        "railway:ref": "ดม;RN08",
        "railway:station_category": "1",
        "ref": "RN08",
        "ref:station": "1017",
        "train": "yes",
        "wikidata": "Q35596136",
        "wikipedia": "th:สถานีดอนเมือง"
      },
      "geometry": {
        "type": "Point",
        "coordinates": [
          100.5978685,
          13.914688
        ]
      },
      "id": "node/7787093478"
    },
    {
      "type": "Feature",
      "properties": {
        "@id": "node/7787093479",
        "name": "หลักหก (ม.รังสิต)",
        "name:en": "Lak Hok (Rangsit U.)",
        "network": "รถไฟฟ้าชานเมือง สายสีแดง",
        "network:en": "SRT Red Lines",
        "network:th": "รถไฟฟ้าชานเมือง สายสีแดง",
        "network:wikidata": "Q2542280",
        "operator": "การรถไฟแห่งประเทศไทย",
        "public_transport": "station",
        "railway": "station",
        "railway:ref": "RN09",
        "ref": "RN09",
        "train": "yes",
        "wikidata": "Q100631366",
        "wikipedia": "th:สถานีหลักหก"
      },
      "geometry": {
        "type": "Point",
        "coordinates": [
          100.6053753,
          13.9657233
        ]
      },
      "id": "node/7787093479"
    },
    {
      "type": "Feature",
      "properties": {
        "@id": "node/7892607486",
        "name": "บ้านฉิมพลี",
        "name:en": "Ban Chimphli",
        "public_transport": "station",
        "railway": "halt",
        "railway:ref": "ฉพ",
        "ref": "ฉพ.",
        "train": "yes",
        "wikidata": "Q13015630"
      },
      "geometry": {
        "type": "Point",
        "coordinates": [
          100.4205975,
          13.7991608
        ]
      },
      "id": "node/7892607486"
    },
    {
      "type": "Feature",
      "properties": {
        "@id": "node/7892607487",
        "name": "พุทธมณฑลสาย 2",
        "name:en": "Phutthamonthon Sai 2",
        "name:th": "พุทธมณฑลสาย 2",
        "operator": "การรถไฟแห่งประเทศไทย",
        "public_transport": "station",
        "railway": "halt",
        "railway:ref": "ทล",
        "ref": "ทล.",
        "train": "yes",
        "wikidata": "Q13015636"
      },
      "geometry": {
        "type": "Point",
        "coordinates": [
          100.3950605,
          13.8000368
        ]
      },
      "id": "node/7892607487"
    },
    {
      "type": "Feature",
      "properties": {
        "@id": "node/7892607490",
        "name": "คลองหนึ่ง",
        "name:en": "Khlong Nueng",
        "name:th": "คลองหนึ่ง",
        "operator": "การรถไฟแห่งประเทศไทย",
        "public_transport": "station",
        "railway": "halt",
        "railway:ref": "ลห",
        "railway:station_category": "ป้ายหยุดรถ",
        "ref": "ลห.",
        "ref:station": "1223",
        "train": "yes",
        "wikidata": "Q100604998"
      },
      "geometry": {
        "type": "Point",
        "coordinates": [
          100.5980653,
          14.0231677
        ]
      },
      "id": "node/7892607490"
    },
    {
      "type": "Feature",
      "properties": {
        "@id": "node/7892607491",
        "name": "มหาวิทยาลัยธรรมศาสตร์",
        "name:en": "Thammasat University",
        "name:th": "มหาวิทยาลัยธรรมศาสตร์",
        "operator": "การรถไฟแห่งประเทศไทย",
        "public_transport": "station",
        "railway": "halt",
        "railway:ref": "ธส",
        "railway:station_category": "ที่หยุดรถ",
        "ref": "ธส.",
        "ref:station": "1230",
        "train": "yes",
        "wikidata": "Q100604976"
      },
      "geometry": {
        "type": "Point",
        "coordinates": [
          100.5885381,
          14.0793792
        ]
      },
      "id": "node/7892607491"
    },
    {
      "type": "Feature",
      "properties": {
        "@id": "node/7892607492",
        "addr:country": "Thailand",
        "addr:district": "คลองหลวง",
        "addr:postcode": "12120",
        "addr:province": "ปทุมธานี",
        "addr:province:en": "Pathumthani",
        "addr:subdistrict": "คลองหนึ่ง",
        "alt_name": "สถานีรถไฟนวนคร",
        "alt_name:en": "Nava Nakhon Railway Station",
        "alt_name:th": "สถานีรถไฟนวนคร",
        "description": "สถานีรถไฟนวนคร Navanakhon Railway Station",
        "name": "นวนคร",
        "name:en": "Nawa Nakhon",
        "name:th": "นวนคร",
        "operator": "การรถไฟแห่งประเทศไทย",
        "province": "ปทุมธานี",
        "public_transport": "station",
        "railway": "halt",
        "railway:ref": "วะ",
        "railway:station_category": "ที่หยุดรถ",
        "ref": "วะ.",
        "ref:station": "1023",
        "train": "yes",
        "wikidata": "Q100604971"
      },
      "geometry": {
        "type": "Point",
        "coordinates": [
          100.5840022,
          14.1146525
        ]
      },
      "id": "node/7892607492"
    },
    {
      "type": "Feature",
      "properties": {
        "@id": "node/7947495107",
        "construction:railway": "station",
        "name": "เคหะรามคำแหง",
        "name:en": "Keha Ramkhamhaeng",
        "name:th": "เคหะรามคำแหง",
        "network": "Metropolitan Rapid Transit",
        "network:short": "MRT",
        "network:wikidata": "Q806485",
        "note": "อย่าเพิ่มแท็ก railway=station และ/หรือ public_transport=station ก่อนที่จะเปิดให้บริการ | Do not add railway=station and/or public_transport=station tags before operational service",
        "operator": "ทางด่วนและรถไฟฟ้ากรุงเทพ",
        "public_transport": "station",
        "ref": "OR27",
        "station": "subway",
        "status": "inactive",
        "subway": "yes"
      },
      "geometry": {
        "type": "Point",
        "coordinates": [
          100.7234827,
          13.8035436
        ]
      },
      "id": "node/7947495107"
    },
    {
      "type": "Feature",
      "properties": {
        "@id": "node/7947551368",
        "monorail": "yes",
        "name": "กรุงธนบุรี",
        "name:en": "Krung Thon Buri",
        "name:th": "กรุงธนบุรี",
        "network": "BTS",
        "operator": "กรุงเทพธนาคม",
        "public_transport": "stop_position",
        "railway": "stop",
        "ref": "2",
        "station": "monorail"
      },
      "geometry": {
        "type": "Point",
        "coordinates": [
          100.5037162,
          13.7210551
        ]
      },
      "id": "node/7947551368"
    },
    {
      "type": "Feature",
      "properties": {
        "@id": "node/7947551369",
        "monorail": "yes",
        "name": "กรุงธนบุรี",
        "name:en": "Krung Thon Buri",
        "name:ja": "クルントンブリー",
        "name:th": "กรุงธนบุรี",
        "network": "BTS",
        "operator": "กรุงเทพธนาคม",
        "public_transport": "station",
        "railway": "station",
        "ref": "G1",
        "wikidata": "Q11299499",
        "wikipedia": "th:สถานีกรุงธนบุรี"
      },
      "geometry": {
        "type": "Point",
        "coordinates": [
          100.5037147,
          13.7211055
        ]
      },
      "id": "node/7947551369"
    },
    {
      "type": "Feature",
      "properties": {
        "@id": "node/8093957526",
        "name": "วุฒากาศ",
        "name:en": "Wutthakat",
        "name:th": "วุฒากาศ",
        "operator": "การรถไฟแห่งประเทศไทย",
        "public_transport": "station",
        "railway": "halt",
        "train": "yes",
        "wikidata": "Q137785620"
      },
      "geometry": {
        "type": "Point",
        "coordinates": [
          100.4726397,
          13.7125407
        ]
      },
      "id": "node/8093957526"
    },
    {
      "type": "Feature",
      "properties": {
        "@id": "node/8214007176",
        "name": "คูคต",
        "name:en": "Khu Khot",
        "name:th": "คูคต",
        "opening_date": "2020-12-16",
        "operator": "กรุงเทพธนาคม",
        "public_transport": "station",
        "railway": "station",
        "ref": "N24",
        "station": "subway",
        "subway": "yes",
        "wikidata": "Q66103267",
        "wikipedia": "th:สถานีคูคต"
      },
      "geometry": {
        "type": "Point",
        "coordinates": [
          100.6465227,
          13.9323658
        ]
      },
      "id": "node/8214007176"
    },
    {
      "type": "Feature",
      "properties": {
        "@id": "node/8717933838",
        "monorail": "yes",
        "name": "ลาดพร้าว",
        "name:en": "Lat Phrao",
        "name:th": "ลาดพร้าว",
        "name:zh": "叻抛",
        "operator": "อีสเทิร์นบางกอกโมโนเรล",
        "operator:en": "Eastern Bangkok Monorail",
        "operator:th": "อีสเทิร์นบางกอกโมโนเรล",
        "public_transport": "station",
        "railway": "station",
        "ref": "YL01",
        "station": "monorail",
        "wheelchair": "yes",
        "wikidata": "Q4923372",
        "wikipedia": "th:สถานีลาดพร้าว"
      },
      "geometry": {
        "type": "Point",
        "coordinates": [
          100.5747847,
          13.8069826
        ]
      },
      "id": "node/8717933838"
    },
    {
      "type": "Feature",
      "properties": {
        "@id": "node/8730762307",
        "construction:railway": "station",
        "name": "แยกร่มเกล้า",
        "name:en": "Yaek Rom Klao",
        "name:th": "แยกร่มเกล้า",
        "network": "Metropolitan Rapid Transit",
        "network:short": "MRT",
        "network:wikidata": "Q806485",
        "note": "อย่าเพิ่มแท็ก railway=station และ/หรือ public_transport=station ก่อนที่จะเปิดให้บริการ | Do not add railway=station and/or public_transport=station tags before operational service",
        "operator": "ทางด่วนและรถไฟฟ้ากรุงเทพ",
        "public_transport": "station",
        "ref": "OR29",
        "station": "subway",
        "status": "inactive",
        "subway": "yes"
      },
      "geometry": {
        "type": "Point",
        "coordinates": [
          100.7390249,
          13.8132889
        ]
      },
      "id": "node/8730762307"
    },
    {
      "type": "Feature",
      "properties": {
        "@id": "node/8730762313",
        "construction:railway": "station",
        "name": "มีนบุรี",
        "name:en": "Min Buri",
        "name:th": "มีนบุรี",
        "network": "Metropolitan Rapid Transit",
        "network:short": "MRT",
        "network:wikidata": "Q806485",
        "note": "อย่าเพิ่มแท็ก railway=station และ/หรือ public_transport=station ก่อนที่จะเปิดให้บริการ | Do not add railway=station and/or public_transport=station tags before operational service",
        "operator": "ทางด่วนและรถไฟฟ้ากรุงเทพ",
        "public_transport": "station",
        "ref": "OR28",
        "station": "subway",
        "status": "inactive",
        "subway": "yes"
      },
      "geometry": {
        "type": "Point",
        "coordinates": [
          100.7330443,
          13.8100296
        ]
      },
      "id": "node/8730762313"
    },
    {
      "type": "Feature",
      "properties": {
        "@id": "node/8986366369",
        "addr:city": "แขวงจตุจักร",
        "addr:district": "จตุจักร",
        "addr:housenumber": "336",
        "addr:postcode": "10900",
        "addr:province": "กรุงเทพมหานคร",
        "addr:street": "ถนนเทอดดำริ",
        "addr:subdistrict": "จตุจักร",
        "alt_name": "สถานีกลางบางซื่อ",
        "alt_name:en": "Bang Sue Grand Station",
        "alt_name:th": "สถานีกลางบางซื่อ",
        "name": "กรุงเทพอภิวัฒน์",
        "name:en": "Krung Thep Aphiwat",
        "name:ka": "クルンテープ・アピワット",
        "name:ko": "끄룽텝 아피왓 중앙역",
        "name:th": "กรุงเทพอภิวัฒน์",
        "name:zh": "邦似中央车站",
        "network": "การรถไฟแห่งประเทศไทย",
        "network:en": "State Railway of Thailand",
        "network:th": "การรถไฟแห่งประเทศไทย",
        "network:wikidata": "Q2165702",
        "official_name": "สถานีกลางกรุงเทพอภิวัฒน์",
        "official_name:en": "Krung Thep Aphiwat Central Terminal",
        "official_name:th": "สถานีกลางกรุงเทพอภิวัฒน์",
        "operator": "การรถไฟแห่งประเทศไทย",
        "public_transport": "station",
        "railway": "station",
        "railway:ref": "กภ",
        "railway:station_category": "1",
        "ref": "กภ.",
        "train": "yes",
        "wheelchair": "yes",
        "wikidata": "Q23925684",
        "wikipedia": "th:สถานีกลางกรุงเทพอภิวัฒน์"
      },
      "geometry": {
        "type": "Point",
        "coordinates": [
          100.5417111,
          13.8040313
        ]
      },
      "id": "node/8986366369"
    },
    {
      "type": "Feature",
      "properties": {
        "@id": "node/8990382534",
        "name": "บางซ่อน",
        "name:en": "Bang Son",
        "name:th": "บางซ่อน",
        "public_transport": "station",
        "railway": "station",
        "ref": "ซอ;RW02",
        "train": "yes",
        "wikidata": "Q23869363",
        "wikipedia": "en:Bang Son railway station"
      },
      "geometry": {
        "type": "Point",
        "coordinates": [
          100.534213,
          13.8221332
        ]
      },
      "id": "node/8990382534"
    },
    {
      "type": "Feature",
      "properties": {
        "@id": "node/9697484713",
        "construction:railway": "station",
        "name": "สัมมากร",
        "name:en": "Sammakorn",
        "name:th": "สัมมากร",
        "network": "Metropolitan Rapid Transit",
        "network:short": "MRT",
        "network:wikidata": "Q806485",
        "note": "อย่าเพิ่มแท็ก railway=station และ/หรือ public_transport=station ก่อนที่จะเปิดให้บริการ | Do not add railway=station and/or public_transport=station tags before operational service",
        "operator": "ทางด่วนและรถไฟฟ้ากรุงเทพ",
        "public_transport": "station",
        "ref": "OR23",
        "station": "subway",
        "status": "inactive",
        "subway": "yes"
      },
      "geometry": {
        "type": "Point",
        "coordinates": [
          100.6758788,
          13.7782911
        ]
      },
      "id": "node/9697484713"
    },
    {
      "type": "Feature",
      "properties": {
        "@id": "node/9734008618",
        "monorail": "yes",
        "name": "ทิพวัล",
        "name:en": "Thipphawan",
        "name:th": "ทิพวัล",
        "operator": "อีสเทิร์นบางกอกโมโนเรล",
        "operator:en": "Eastern Bangkok Monorail",
        "operator:th": "อีสเทิร์นบางกอกโมโนเรล",
        "public_transport": "station",
        "railway": "station",
        "ref": "YL22",
        "station": "monorail",
        "wikidata": "Q119009751",
        "wikipedia": "th:สถานีทิพวัล"
      },
      "geometry": {
        "type": "Point",
        "coordinates": [
          100.6098956,
          13.6367271
        ]
      },
      "id": "node/9734008618"
    },
    {
      "type": "Feature",
      "properties": {
        "@id": "node/9734008619",
        "monorail": "yes",
        "name": "ศรีเทพา",
        "name:en": "Si Thepha",
        "name:th": "ศรีเทพา",
        "operator": "อีสเทิร์นบางกอกโมโนเรล",
        "operator:en": "Eastern Bangkok Monorail",
        "operator:th": "อีสเทิร์นบางกอกโมโนเรล",
        "public_transport": "station",
        "railway": "station",
        "ref": "YL21",
        "station": "monorail",
        "wikidata": "Q119009797",
        "wikipedia": "th:สถานีศรีเทพา"
      },
      "geometry": {
        "type": "Point",
        "coordinates": [
          100.622688,
          13.6298427
        ]
      },
      "id": "node/9734008619"
    },
    {
      "type": "Feature",
      "properties": {
        "@id": "node/10830450760",
        "monorail": "yes",
        "name": "ศรีด่าน",
        "name:en": "Si Dan",
        "name:th": "ศรีด่าน",
        "operator": "อีสเทิร์นบางกอกโมโนเรล",
        "operator:en": "Eastern Bangkok Monorail",
        "operator:th": "อีสเทิร์นบางกอกโมโนเรล",
        "public_transport": "station",
        "railway": "station",
        "ref": "YL20",
        "station": "monorail",
        "wikidata": "Q119009914",
        "wikipedia": "th:สถานีศรีด่าน"
      },
      "geometry": {
        "type": "Point",
        "coordinates": [
          100.6301104,
          13.6331023
        ]
      },
      "id": "node/10830450760"
    },
    {
      "type": "Feature",
      "properties": {
        "@id": "node/10830450761",
        "monorail": "yes",
        "name": "ศรีแบริ่ง",
        "name:en": "Si Bearing",
        "name:th": "ศรีแบริ่ง",
        "operator": "อีสเทิร์นบางกอกโมโนเรล",
        "operator:en": "Eastern Bangkok Monorail",
        "operator:th": "อีสเทิร์นบางกอกโมโนเรล",
        "public_transport": "station",
        "railway": "station",
        "ref": "YL19",
        "station": "monorail",
        "wikidata": "Q119009970",
        "wikipedia": "th:สถานีศรีแบริ่ง"
      },
      "geometry": {
        "type": "Point",
        "coordinates": [
          100.6362735,
          13.6434906
        ]
      },
      "id": "node/10830450761"
    },
    {
      "type": "Feature",
      "properties": {
        "@id": "node/10830450762",
        "monorail": "yes",
        "name": "ศรีลาซาล",
        "name:en": "Si La Salle",
        "name:th": "ศรีลาซาล",
        "operator": "อีสเทิร์นบางกอกโมโนเรล",
        "operator:en": "Eastern Bangkok Monorail",
        "operator:th": "อีสเทิร์นบางกอกโมโนเรล",
        "public_transport": "station",
        "railway": "station",
        "ref": "YL18",
        "station": "monorail",
        "wikidata": "Q119010023",
        "wikipedia": "th:สถานีศรีลาซาล"
      },
      "geometry": {
        "type": "Point",
        "coordinates": [
          100.6421608,
          13.6549747
        ]
      },
      "id": "node/10830450762"
    },
    {
      "type": "Feature",
      "properties": {
        "@id": "node/10830450763",
        "monorail": "yes",
        "name": "ศรีเอี่ยม",
        "name:en": "Si Iam",
        "name:th": "ศรีเอี่ยม",
        "operator": "อีสเทิร์นบางกอกโมโนเรล",
        "operator:en": "Eastern Bangkok Monorail",
        "operator:th": "อีสเทิร์นบางกอกโมโนเรล",
        "public_transport": "station",
        "railway": "station",
        "ref": "YL17",
        "station": "monorail",
        "wikidata": "Q119010023",
        "wikipedia": "th:สถานีศรีลาซาล"
      },
      "geometry": {
        "type": "Point",
        "coordinates": [
          100.6450683,
          13.6676858
        ]
      },
      "id": "node/10830450763"
    },
    {
      "type": "Feature",
      "properties": {
        "@id": "node/10867419319",
        "monorail": "yes",
        "name": "ศรีอุดม",
        "name:en": "Si Udom",
        "name:th": "ศรีอุดม",
        "operator": "อีสเทิร์นบางกอกโมโนเรล",
        "operator:en": "Eastern Bangkok Monorail",
        "operator:th": "อีสเทิร์นบางกอกโมโนเรล",
        "public_transport": "station",
        "railway": "station",
        "ref": "YL16",
        "station": "monorail",
        "wikidata": "Q119010086",
        "wikipedia": "th:สถานีศรีอุดม"
      },
      "geometry": {
        "type": "Point",
        "coordinates": [
          100.6461707,
          13.6766379
        ]
      },
      "id": "node/10867419319"
    },
    {
      "type": "Feature",
      "properties": {
        "@id": "node/10867419320",
        "monorail": "yes",
        "name": "สวนหลวง ร.9",
        "name:en": "Suan Luang Rama IX",
        "name:th": "สวนหลวง ร.9",
        "operator": "อีสเทิร์นบางกอกโมโนเรล",
        "operator:en": "Eastern Bangkok Monorail",
        "operator:th": "อีสเทิร์นบางกอกโมโนเรล",
        "public_transport": "station",
        "railway": "station",
        "ref": "YL15",
        "station": "monorail",
        "wikidata": "Q119010410",
        "wikipedia": "th:สถานีสวนหลวง ร.9"
      },
      "geometry": {
        "type": "Point",
        "coordinates": [
          100.6471028,
          13.6908637
        ]
      },
      "id": "node/10867419320"
    },
    {
      "type": "Feature",
      "properties": {
        "@id": "node/10867419321",
        "monorail": "yes",
        "name": "ศรีนครินทร์ 38",
        "name:en": "Srinagarindra 38",
        "name:th": "ศรีนครินทร์ 38",
        "operator": "อีสเทิร์นบางกอกโมโนเรล",
        "operator:en": "Eastern Bangkok Monorail",
        "operator:th": "อีสเทิร์นบางกอกโมโนเรล",
        "public_transport": "station",
        "railway": "station",
        "ref": "YL14",
        "station": "monorail",
        "wikidata": "Q119010493",
        "wikipedia": "th:สถานีศรีนครินทร์ 38"
      },
      "geometry": {
        "type": "Point",
        "coordinates": [
          100.6464727,
          13.7011219
        ]
      },
      "id": "node/10867419321"
    },
    {
      "type": "Feature",
      "properties": {
        "@id": "node/10867419322",
        "monorail": "yes",
        "name": "ศรีนุช",
        "name:en": "Si Nut",
        "name:th": "ศรีนุช",
        "operator": "อีสเทิร์นบางกอกโมโนเรล",
        "operator:en": "Eastern Bangkok Monorail",
        "operator:th": "อีสเทิร์นบางกอกโมโนเรล",
        "public_transport": "station",
        "railway": "station",
        "ref": "YL13",
        "station": "monorail",
        "wikidata": "Q119010548",
        "wikipedia": "th:สถานีศรีนุช"
      },
      "geometry": {
        "type": "Point",
        "coordinates": [
          100.6441957,
          13.7110971
        ]
      },
      "id": "node/10867419322"
    },
    {
      "type": "Feature",
      "properties": {
        "@id": "node/10867419323",
        "monorail": "yes",
        "name": "กลันตัน",
        "name:en": "Kalantan",
        "name:th": "กลันตัน",
        "operator": "อีสเทิร์นบางกอกโมโนเรล",
        "operator:en": "Eastern Bangkok Monorail",
        "operator:th": "อีสเทิร์นบางกอกโมโนเรล",
        "public_transport": "station",
        "railway": "station",
        "ref": "YL12",
        "station": "monorail",
        "wikidata": "Q119010700",
        "wikipedia": "th:สถานีกลันตัน"
      },
      "geometry": {
        "type": "Point",
        "coordinates": [
          100.6417798,
          13.7252705
        ]
      },
      "id": "node/10867419323"
    },
    {
      "type": "Feature",
      "properties": {
        "@id": "node/10867419324",
        "addr:country": "Thailand",
        "addr:district": "สวนหลวง",
        "addr:district:en": "Suanluang",
        "addr:province": "กรุงเทพมหานคร",
        "addr:province:en": "Bangkok",
        "alt_name": "Hua Mak station",
        "monorail": "yes",
        "name": "หัวหมาก",
        "name:en": "Hua Mak",
        "name:th": "หัวหมาก",
        "operator": "อีสเทิร์นบางกอกโมโนเรล",
        "operator:en": "Eastern Bangkok Monorail",
        "operator:th": "อีสเทิร์นบางกอกโมโนเรล",
        "public_transport": "station",
        "railway": "station",
        "ref": "YL11",
        "station": "monorail",
        "wikidata": "Q109130566",
        "wikipedia": "th:สถานีหัวหมาก"
      },
      "geometry": {
        "type": "Point",
        "coordinates": [
          100.6411384,
          13.7361482
        ]
      },
      "id": "node/10867419324"
    },
    {
      "type": "Feature",
      "properties": {
        "@id": "node/10867419325",
        "monorail": "yes",
        "name": "ศรีกรีฑา",
        "name:en": "Si Kritha",
        "name:th": "ศรีกรีฑา",
        "operator": "อีสเทิร์นบางกอกโมโนเรล",
        "operator:en": "Eastern Bangkok Monorail",
        "operator:th": "อีสเทิร์นบางกอกโมโนเรล",
        "public_transport": "station",
        "railway": "station",
        "ref": "YL10",
        "station": "monorail",
        "wikidata": "Q119722574",
        "wikipedia": "th:สถานีศรีกรีฑา"
      },
      "geometry": {
        "type": "Point",
        "coordinates": [
          100.6447881,
          13.7504111
        ]
      },
      "id": "node/10867419325"
    },
    {
      "type": "Feature",
      "properties": {
        "@id": "node/10867419326",
        "monorail": "yes",
        "name": "แยกลำสาลี",
        "name:en": "Yaek Lam Sali",
        "name:th": "แยกลำสาลี",
        "operator": "อีสเทิร์นบางกอกโมโนเรล",
        "operator:en": "Eastern Bangkok Monorail",
        "operator:th": "อีสเทิร์นบางกอกโมโนเรล",
        "public_transport": "station",
        "railway": "station",
        "ref": "YL09",
        "station": "monorail",
        "wikidata": "Q119722811",
        "wikipedia": "th:สถานีแยกลำสาลี"
      },
      "geometry": {
        "type": "Point",
        "coordinates": [
          100.6455722,
          13.7618191
        ]
      },
      "id": "node/10867419326"
    },
    {
      "type": "Feature",
      "properties": {
        "@id": "node/10867419327",
        "monorail": "yes",
        "name": "บางกะปิ",
        "name:en": "Bang Kapi",
        "name:th": "บางกะปิ",
        "operator": "อีสเทิร์นบางกอกโมโนเรล",
        "operator:en": "Eastern Bangkok Monorail",
        "operator:th": "อีสเทิร์นบางกอกโมโนเรล",
        "public_transport": "station",
        "railway": "station",
        "ref": "YL08",
        "station": "monorail",
        "wikidata": "Q119723016",
        "wikipedia": "th:สถานีบางกะปิ"
      },
      "geometry": {
        "type": "Point",
        "coordinates": [
          100.6397685,
          13.7690755
        ]
      },
      "id": "node/10867419327"
    },
    {
      "type": "Feature",
      "properties": {
        "@id": "node/10867419328",
        "monorail": "yes",
        "name": "ลาดพร้าว 101",
        "name:en": "Lat Phrao 101",
        "name:th": "ลาดพร้าว 101",
        "network": "MRT",
        "operator": "อีสเทิร์นบางกอกโมโนเรล",
        "operator:en": "Eastern Bangkok Monorail",
        "operator:th": "อีสเทิร์นบางกอกโมโนเรล",
        "public_transport": "station",
        "railway": "station",
        "ref": "YL07",
        "station": "monorail",
        "wikidata": "Q119726019",
        "wikipedia": "th:สถานีลาดพร้าว 101"
      },
      "geometry": {
        "type": "Point",
        "coordinates": [
          100.6298421,
          13.7746334
        ]
      },
      "id": "node/10867419328"
    },
    {
      "type": "Feature",
      "properties": {
        "@id": "node/10867419329",
        "monorail": "yes",
        "name": "มหาดไทย",
        "name:en": "Mahatthai",
        "name:th": "มหาดไทย",
        "operator": "อีสเทิร์นบางกอกโมโนเรล",
        "operator:en": "Eastern Bangkok Monorail",
        "operator:th": "อีสเทิร์นบางกอกโมโนเรล",
        "public_transport": "station",
        "railway": "station",
        "ref": "YL06",
        "station": "monorail",
        "wikidata": "Q119723149",
        "wikipedia": "th:สถานีมหาดไทย"
      },
      "geometry": {
        "type": "Point",
        "coordinates": [
          100.6231602,
          13.7783677
        ]
      },
      "id": "node/10867419329"
    },
    {
      "type": "Feature",
      "properties": {
        "@id": "node/10867419330",
        "monorail": "yes",
        "name": "ภาวนา",
        "name:en": "Phawana",
        "name:th": "ภาวนา",
        "operator": "อีสเทิร์นบางกอกโมโนเรล",
        "operator:en": "Eastern Bangkok Monorail",
        "operator:th": "อีสเทิร์นบางกอกโมโนเรล",
        "public_transport": "station",
        "railway": "station",
        "ref": "YL02",
        "station": "monorail",
        "wikidata": "Q16307526",
        "wikipedia": "th:สถานีภาวนา"
      },
      "geometry": {
        "type": "Point",
        "coordinates": [
          100.5841952,
          13.8001638
        ]
      },
      "id": "node/10867419330"
    },
    {
      "type": "Feature",
      "properties": {
        "@id": "node/10867419331",
        "monorail": "yes",
        "name": "โชคชัย 4",
        "name:en": "Chok Chai 4",
        "name:th": "โชคชัย 4",
        "operator": "อีสเทิร์นบางกอกโมโนเรล",
        "operator:en": "Eastern Bangkok Monorail",
        "operator:th": "อีสเทิร์นบางกอกโมโนเรล",
        "public_transport": "station",
        "railway": "station",
        "ref": "YL03",
        "station": "monorail",
        "wikidata": "Q108004772",
        "wikipedia": "th:สถานีโชคชัย 4"
      },
      "geometry": {
        "type": "Point",
        "coordinates": [
          100.5944302,
          13.7944253
        ]
      },
      "id": "node/10867419331"
    },
    {
      "type": "Feature",
      "properties": {
        "@id": "node/10867419332",
        "monorail": "yes",
        "name": "ลาดพร้าว 71",
        "name:en": "Lat Phrao 71",
        "name:th": "ลาดพร้าว 71",
        "operator": "อีสเทิร์นบางกอกโมโนเรล",
        "operator:en": "Eastern Bangkok Monorail",
        "operator:th": "อีสเทิร์นบางกอกโมโนเรล",
        "public_transport": "station",
        "railway": "station",
        "ref": "YL04",
        "station": "monorail",
        "wikidata": "Q119723265",
        "wikipedia": "th:สถานีลาดพร้าว 71"
      },
      "geometry": {
        "type": "Point",
        "coordinates": [
          100.6075731,
          13.7870921
        ]
      },
      "id": "node/10867419332"
    },
    {
      "type": "Feature",
      "properties": {
        "@id": "node/10867419333",
        "monorail": "yes",
        "name": "ลาดพร้าว 83",
        "name:en": "Lat Phrao 83",
        "name:th": "ลาดพร้าว 83",
        "operator": "อีสเทิร์นบางกอกโมโนเรล",
        "operator:en": "Eastern Bangkok Monorail",
        "operator:th": "อีสเทิร์นบางกอกโมโนเรล",
        "public_transport": "station",
        "railway": "station",
        "ref": "YL05",
        "station": "monorail",
        "wikidata": "Q119723213",
        "wikimedia_commons": "File:Lat Phrao 83 Station 04.jpg",
        "wikipedia": "th:สถานีลาดพร้าว 83"
      },
      "geometry": {
        "type": "Point",
        "coordinates": [
          100.6136576,
          13.7837002
        ]
      },
      "id": "node/10867419333"
    },
    {
      "type": "Feature",
      "properties": {
        "@id": "node/11052599118",
        "name": "หัวหมาก",
        "name:en": "Hua Mak",
        "name:th": "หัวหมาก",
        "network": "การรถไฟแห่งประเทศไทย",
        "network:en": "State Railway of Thailand",
        "network:th": "การรถไฟแห่งประเทศไทย",
        "network:wikidata": "Q2165702",
        "public_transport": "station",
        "railway": "station",
        "railway:ref": "หม",
        "railway:ref:en": "HUM",
        "railway:station_category": "1",
        "ref": "หม.",
        "ref:station": "3010",
        "train": "yes",
        "wikidata": "Q16307590"
      },
      "geometry": {
        "type": "Point",
        "coordinates": [
          100.6397067,
          13.7382388
        ]
      },
      "id": "node/11052599118"
    },
    {
      "type": "Feature",
      "properties": {
        "@id": "node/11364308559",
        "monorail": "yes",
        "name": "ศูนย์ราชการนนทบุรี",
        "name:en": "Nonthaburi Civic Center",
        "name:th": "ศูนย์ราชการนนทบุรี",
        "network": "MRT",
        "operator": "นอร์ทเทิร์นบางกอกโมโนเรล",
        "operator:en": "Northern Bangkok Monorail Company Limited",
        "public_transport": "station",
        "railway": "station",
        "ref": "PK01",
        "station": "monorail",
        "wikidata": "Q25106308",
        "wikipedia": "th:สถานีศูนย์ราชการนนทบุรี"
      },
      "geometry": {
        "type": "Point",
        "coordinates": [
          100.5181159,
          13.8597221
        ]
      },
      "id": "node/11364308559"
    },
    {
      "type": "Feature",
      "properties": {
        "@id": "node/11364361871",
        "monorail": "yes",
        "name": "แคราย",
        "name:en": "Khae Rai",
        "name:th": "แคราย",
        "network": "MRT",
        "operator": "นอร์ทเทิร์นบางกอกโมโนเรล",
        "operator:en": "Northern Bangkok Monorail Company Limited",
        "public_transport": "station",
        "railway": "station",
        "ref": "PK02",
        "station": "monorail",
        "wikidata": "Q16307698",
        "wikipedia": "th:สถานีแคราย"
      },
      "geometry": {
        "type": "Point",
        "coordinates": [
          100.5206536,
          13.8626592
        ]
      },
      "id": "node/11364361871"
    },
    {
      "type": "Feature",
      "properties": {
        "@id": "node/11364361876",
        "monorail": "yes",
        "name": "สนามบินน้ำ",
        "name:en": "Sanambin Nam",
        "name:th": "สนามบินน้ำ",
        "network": "MRT",
        "operator": "นอร์ทเทิร์นบางกอกโมโนเรล",
        "operator:en": "Northern Bangkok Monorail Company Limited",
        "public_transport": "station",
        "railway": "station",
        "ref": "PK03",
        "station": "monorail",
        "wikidata": "Q13021842",
        "wikipedia": "th:สถานีสนามบินน้ำ"
      },
      "geometry": {
        "type": "Point",
        "coordinates": [
          100.5163213,
          13.8741356
        ]
      },
      "id": "node/11364361876"
    },
    {
      "type": "Feature",
      "properties": {
        "@id": "node/11364361877",
        "monorail": "yes",
        "name": "แยกปากเกร็ด",
        "name:en": "Yaek Pak Kret",
        "name:th": "แยกปากเกร็ด",
        "network": "MRT",
        "operator": "นอร์ทเทิร์นบางกอกโมโนเรล",
        "operator:en": "Northern Bangkok Monorail Company Limited",
        "public_transport": "station",
        "railway": "station",
        "ref": "PK06",
        "station": "monorail",
        "wikidata": "Q123537238",
        "wikipedia": "th:สถานีแยกปากเกร็ด"
      },
      "geometry": {
        "type": "Point",
        "coordinates": [
          100.505395,
          13.906199
        ]
      },
      "id": "node/11364361877"
    },
    {
      "type": "Feature",
      "properties": {
        "@id": "node/11364361878",
        "monorail": "yes",
        "name": "สามัคคี",
        "name:en": "Samakkhi",
        "name:th": "สามัคคี",
        "network": "MRT",
        "operator": "นอร์ทเทิร์นบางกอกโมโนเรล",
        "operator:en": "Northern Bangkok Monorail Company Limited",
        "public_transport": "station",
        "railway": "station",
        "ref": "PK04",
        "station": "monorail",
        "wikidata": "Q13021845",
        "wikipedia": "th:สถานีสามัคคี"
      },
      "geometry": {
        "type": "Point",
        "coordinates": [
          100.5105744,
          13.8892782
        ]
      },
      "id": "node/11364361878"
    },
    {
      "type": "Feature",
      "properties": {
        "@id": "node/11364361879",
        "monorail": "yes",
        "name": "กรมชลประทาน",
        "name:en": "Royal Irrigation Department",
        "name:th": "กรมชลประทาน",
        "network": "MRT",
        "operator": "นอร์ทเทิร์นบางกอกโมโนเรล",
        "operator:en": "Northern Bangkok Monorail Company Limited",
        "public_transport": "station",
        "railway": "station",
        "ref": "PK05",
        "station": "monorail",
        "wikidata": "Q123537197",
        "wikipedia": "th:สถานีกรมชลประทาน"
      },
      "geometry": {
        "type": "Point",
        "coordinates": [
          100.5070888,
          13.8985658
        ]
      },
      "id": "node/11364361879"
    },
    {
      "type": "Feature",
      "properties": {
        "@id": "node/11364361880",
        "monorail": "yes",
        "name": "เลี่ยงเมืองปากเกร็ด",
        "name:en": "Pak Kret Bypass",
        "name:th": "เลี่ยงเมืองปากเกร็ด",
        "network": "MRT",
        "operator": "นอร์ทเทิร์นบางกอกโมโนเรล",
        "operator:en": "Northern Bangkok Monorail Company Limited",
        "public_transport": "station",
        "railway": "station",
        "ref": "PK07",
        "station": "monorail",
        "wikidata": "Q123537262",
        "wikipedia": "th:สถานีเลี่ยงเมืองปากเกร็ด"
      },
      "geometry": {
        "type": "Point",
        "coordinates": [
          100.515577,
          13.9064956
        ]
      },
      "id": "node/11364361880"
    },
    {
      "type": "Feature",
      "properties": {
        "@id": "node/11364361882",
        "monorail": "yes",
        "name": "แจ้งวัฒนะ-ปากเกร็ด 28",
        "name:en": "Chaeng Watthana-Pak Kret 28",
        "name:th": "แจ้งวัฒนะ-ปากเกร็ด 28",
        "network": "MRT",
        "operator": "นอร์ทเทิร์นบางกอกโมโนเรล",
        "operator:en": "Northern Bangkok Monorail Company Limited",
        "public_transport": "station",
        "railway": "station",
        "ref": "PK08",
        "station": "monorail",
        "wikidata": "Q123537277",
        "wikipedia": "th:สถานีแจ้งวัฒนะ-ปากเกร็ด 28"
      },
      "geometry": {
        "type": "Point",
        "coordinates": [
          100.5292604,
          13.9041584
        ]
      },
      "id": "node/11364361882"
    },
    {
      "type": "Feature",
      "properties": {
        "@id": "node/11364361916",
        "monorail": "yes",
        "name": "ศรีรัช",
        "name:en": "Si Rat",
        "name:th": "ศรีรัช",
        "network": "MRT",
        "operator": "นอร์ทเทิร์นบางกอกโมโนเรล",
        "operator:en": "Northern Bangkok Monorail Company Limited",
        "public_transport": "station",
        "railway": "station",
        "ref": "PK09",
        "station": "monorail",
        "wikidata": "Q16307483",
        "wikipedia": "th:สถานีศรีรัช"
      },
      "geometry": {
        "type": "Point",
        "coordinates": [
          100.5400085,
          13.9005741
        ]
      },
      "id": "node/11364361916"
    },
    {
      "type": "Feature",
      "properties": {
        "@id": "node/11364361947",
        "monorail": "yes",
        "name": "เมืองทองธานี",
        "name:en": "Muang Thong Thani",
        "name:th": "เมืองทองธานี",
        "network": "MRT",
        "operator": "นอร์ทเทิร์นบางกอกโมโนเรล",
        "operator:en": "Northern Bangkok Monorail Company Limited",
        "public_transport": "station",
        "railway": "station",
        "ref": "PK10",
        "station": "monorail",
        "wikidata": "Q123537334",
        "wikipedia": "th:สถานีเมืองทองธานี"
      },
      "geometry": {
        "type": "Point",
        "coordinates": [
          100.5484467,
          13.8974279
        ]
      },
      "id": "node/11364361947"
    },
    {
      "type": "Feature",
      "properties": {
        "@id": "node/11364361977",
        "monorail": "yes",
        "name": "แจ้งวัฒนะ 14",
        "name:en": "Chaeng Watthana 14",
        "name:th": "แจ้งวัฒนะ 14",
        "network": "MRT",
        "operator": "นอร์ทเทิร์นบางกอกโมโนเรล",
        "operator:en": "Northern Bangkok Monorail Company Limited",
        "public_transport": "station",
        "railway": "station",
        "ref": "PK11",
        "station": "monorail",
        "wikidata": "Q123537372",
        "wikipedia": "th:สถานีแจ้งวัฒนะ 14"
      },
      "geometry": {
        "type": "Point",
        "coordinates": [
          100.5601498,
          13.8933037
        ]
      },
      "id": "node/11364361977"
    },
    {
      "type": "Feature",
      "properties": {
        "@id": "node/11364411040",
        "monorail": "yes",
        "name": "ตลาดมีนบุรี",
        "name:en": "Min Buri Market",
        "name:th": "ตลาดมีนบุรี",
        "network": "MRT",
        "operator": "นอร์ทเทิร์นบางกอกโมโนเรล",
        "public_transport": "station",
        "railway": "station",
        "ref": "PK29",
        "station": "monorail",
        "wikidata": "Q123537788",
        "wikipedia": "th:สถานีตลาดมีนบุรี"
      },
      "geometry": {
        "type": "Point",
        "coordinates": [
          100.7258382,
          13.8125125
        ]
      },
      "id": "node/11364411040"
    },
    {
      "type": "Feature",
      "properties": {
        "@id": "node/11364465363",
        "monorail": "yes",
        "name": "ศูนย์ราชการเฉลิมพระเกียรติ",
        "name:en": "Government Complex",
        "name:th": "ศูนย์ราชการเฉลิมพระเกียรติ",
        "network": "MRT",
        "operator": "นอร์ทเทิร์นบางกอกโมโนเรล",
        "operator:en": "Northern Bangkok Monorail Company Limited",
        "public_transport": "station",
        "railway": "station",
        "ref": "PK12",
        "station": "monorail",
        "wikidata": "Q123537386",
        "wikipedia": "th:สถานีศูนย์ราชการเฉลิมพระเกียรติ"
      },
      "geometry": {
        "type": "Point",
        "coordinates": [
          100.5673522,
          13.8907652
        ]
      },
      "id": "node/11364465363"
    },
    {
      "type": "Feature",
      "properties": {
        "@id": "node/11364501870",
        "monorail": "yes",
        "name": "โทรคมนาคมแห่งชาติ",
        "name:en": "National Telecom",
        "name:th": "โทรคมนาคมแห่งชาติ",
        "network": "MRT",
        "operator": "นอร์ทเทิร์นบางกอกโมโนเรล",
        "operator:en": "Northern Bangkok Monorail Company Limited",
        "public_transport": "station",
        "railway": "station",
        "ref": "PK13",
        "station": "monorail",
        "wikidata": "Q123537477",
        "wikipedia": "th:สถานีโทรคมนาคมแห่งชาติ"
      },
      "geometry": {
        "type": "Point",
        "coordinates": [
          100.5757143,
          13.8875764
        ]
      },
      "id": "node/11364501870"
    },
    {
      "type": "Feature",
      "properties": {
        "@id": "node/11364501879",
        "monorail": "yes",
        "name": "หลักสี่",
        "name:en": "Lak Si",
        "name:th": "หลักสี่",
        "network": "MRT",
        "operator": "นอร์ทเทิร์นบางกอกโมโนเรล",
        "operator:en": "Northern Bangkok Monorail Company Limited",
        "public_transport": "station",
        "railway": "station",
        "ref": "PK14",
        "station": "monorail",
        "wikidata": "Q6633446"
      },
      "geometry": {
        "type": "Point",
        "coordinates": [
          100.5826859,
          13.8840791
        ]
      },
      "id": "node/11364501879"
    },
    {
      "type": "Feature",
      "properties": {
        "@id": "node/11364501913",
        "monorail": "yes",
        "name": "วัดพระศรีมหาธาตุ",
        "name:en": "Wat Phra Sri Mahathat",
        "name:th": "วัดพระศรีมหาธาตุ",
        "network": "MRT",
        "operator": "นอร์ทเทิร์นบางกอกโมโนเรล",
        "operator:en": "Northern Bangkok Monorail Company Limited",
        "public_transport": "station",
        "railway": "station",
        "ref": "PK16",
        "station": "monorail",
        "wikidata": "Q61357968",
        "wikipedia": "th:สถานีวัดพระศรีมหาธาตุ"
      },
      "geometry": {
        "type": "Point",
        "coordinates": [
          100.5972049,
          13.8743621
        ]
      },
      "id": "node/11364501913"
    },
    {
      "type": "Feature",
      "properties": {
        "@id": "node/11364501914",
        "monorail": "yes",
        "name": "ราชภัฏพระนคร",
        "name:en": "Rajabhat Phranakhon",
        "name:th": "ราชภัฏพระนคร",
        "network": "MRT",
        "operator": "นอร์ทเทิร์นบางกอกโมโนเรล",
        "operator:en": "Northern Bangkok Monorail Company Limited",
        "public_transport": "station",
        "railway": "station",
        "ref": "PK15",
        "station": "monorail",
        "wikidata": "Q16307599",
        "wikipedia": "th:สถานีราชภัฏพระนคร"
      },
      "geometry": {
        "type": "Point",
        "coordinates": [
          100.5892957,
          13.879939
        ]
      },
      "id": "node/11364501914"
    },
    {
      "type": "Feature",
      "properties": {
        "@id": "node/11364501917",
        "monorail": "yes",
        "name": "รามอินทรา 3",
        "name:en": "Ram Inthra 3",
        "name:th": "รามอินทรา 3",
        "network": "MRT",
        "operator": "นอร์ทเทิร์นบางกอกโมโนเรล",
        "operator:en": "Northern Bangkok Monorail Company Limited",
        "public_transport": "station",
        "railway": "station",
        "ref": "PK17",
        "station": "monorail",
        "wikidata": "Q123537774",
        "wikipedia": "th:สถานีรามอินทรา 3"
      },
      "geometry": {
        "type": "Point",
        "coordinates": [
          100.6026204,
          13.8709544
        ]
      },
      "id": "node/11364501917"
    },
    {
      "type": "Feature",
      "properties": {
        "@id": "node/11364501918",
        "monorail": "yes",
        "name": "ลาดปลาเค้า",
        "name:en": "Lat Pla Khao",
        "name:th": "ลาดปลาเค้า",
        "network": "MRT",
        "operator": "นอร์ทเทิร์นบางกอกโมโนเรล",
        "operator:en": "Northern Bangkok Monorail Company Limited",
        "public_transport": "station",
        "railway": "station",
        "ref": "PK18",
        "station": "monorail",
        "wikidata": "Q123537777",
        "wikipedia": "th:สถานีลาดปลาเค้า"
      },
      "geometry": {
        "type": "Point",
        "coordinates": [
          100.617815,
          13.8627961
        ]
      },
      "id": "node/11364501918"
    },
    {
      "type": "Feature",
      "properties": {
        "@id": "node/11364501919",
        "monorail": "yes",
        "name": "รามอินทรา กม.4",
        "name:en": "Ram Inthra Kor Mor 4",
        "name:th": "รามอินทรา กม.4",
        "network": "MRT",
        "operator": "นอร์ทเทิร์นบางกอกโมโนเรล",
        "operator:en": "Northern Bangkok Monorail Company Limited",
        "public_transport": "station",
        "railway": "station",
        "ref": "PK19",
        "station": "monorail",
        "wikidata": "Q123537779",
        "wikipedia": "th:สถานีรามอินทรา กม.4"
      },
      "geometry": {
        "type": "Point",
        "coordinates": [
          100.6261305,
          13.8583122
        ]
      },
      "id": "node/11364501919"
    },
    {
      "type": "Feature",
      "properties": {
        "@id": "node/11364501920",
        "monorail": "yes",
        "name": "มัยลาภ",
        "name:en": "Maiyalap",
        "name:th": "มัยลาภ",
        "network": "MRT",
        "operator": "นอร์ทเทิร์นบางกอกโมโนเรล",
        "public_transport": "station",
        "railway": "station",
        "ref": "PK20",
        "station": "monorail",
        "wikidata": "Q123537780",
        "wikipedia": "th:สถานีมัยลาภ"
      },
      "geometry": {
        "type": "Point",
        "coordinates": [
          100.6322263,
          13.855015
        ]
      },
      "id": "node/11364501920"
    },
    {
      "type": "Feature",
      "properties": {
        "@id": "node/11364501922",
        "monorail": "yes",
        "name": "วัชรพล",
        "name:en": "Vacharaphol",
        "name:th": "วัชรพล",
        "network": "MRT",
        "operator": "นอร์ทเทิร์นบางกอกโมโนเรล",
        "public_transport": "station",
        "railway": "station",
        "ref": "PK21",
        "station": "monorail",
        "wikidata": "Q123537781",
        "wikipedia": "th:สถานีวัชรพล"
      },
      "geometry": {
        "type": "Point",
        "coordinates": [
          100.6428787,
          13.8492636
        ]
      },
      "id": "node/11364501922"
    },
    {
      "type": "Feature",
      "properties": {
        "@id": "node/11364501923",
        "monorail": "yes",
        "name": "รามอินทรา กม.6",
        "name:en": "Ram Inthra Kor Mor 6",
        "name:th": "รามอินทรา กม.6",
        "network": "MRT",
        "operator": "นอร์ทเทิร์นบางกอกโมโนเรล",
        "operator:en": "Northern Bangkok Monorail Company Limited",
        "public_transport": "station",
        "railway": "station",
        "ref": "PK22",
        "station": "monorail",
        "wikidata": "Q123537782",
        "wikipedia": "th:สถานีรามอินทรา กม.6"
      },
      "geometry": {
        "type": "Point",
        "coordinates": [
          100.6502444,
          13.845267
        ]
      },
      "id": "node/11364501923"
    },
    {
      "type": "Feature",
      "properties": {
        "@id": "node/11364501927",
        "monorail": "yes",
        "name": "รามอินทรา กม.9",
        "name:en": "Ram Inthra Kor Mor 9",
        "name:th": "รามอินทรา กม.9",
        "network": "MRT",
        "operator": "นอร์ทเทิร์นบางกอกโมโนเรล",
        "operator:en": "Northern Bangkok Monorail Company Limited",
        "public_transport": "station",
        "railway": "station",
        "ref": "PK24",
        "station": "monorail",
        "wikidata": "Q123537784",
        "wikipedia": "th:สถานีรามอินทรา กม.9"
      },
      "geometry": {
        "type": "Point",
        "coordinates": [
          100.6675745,
          13.8337874
        ]
      },
      "id": "node/11364501927"
    },
    {
      "type": "Feature",
      "properties": {
        "@id": "node/11364501928",
        "monorail": "yes",
        "name": "คู้บอน",
        "name:en": "Khu Bon",
        "name:th": "คู้บอน",
        "network": "MRT",
        "operator": "นอร์ทเทิร์นบางกอกโมโนเรล",
        "public_transport": "station",
        "railway": "station",
        "ref": "PK23",
        "station": "monorail",
        "wikidata": "Q123537783",
        "wikipedia": "th:สถานีคู้บอน"
      },
      "geometry": {
        "type": "Point",
        "coordinates": [
          100.6587866,
          13.8406246
        ]
      },
      "id": "node/11364501928"
    },
    {
      "type": "Feature",
      "properties": {
        "@id": "node/11364501929",
        "monorail": "yes",
        "name": "วงแหวนรามอินทรา",
        "name:en": "Outer Ring Road-Ram Inthra",
        "name:th": "วงแหวนรามอินทรา",
        "network": "MRT",
        "operator": "นอร์ทเทิร์นบางกอกโมโนเรล",
        "operator:en": "Northern Bangkok Monorail Company Limited",
        "public_transport": "station",
        "railway": "station",
        "ref": "PK25",
        "station": "monorail",
        "wikidata": "Q123537785",
        "wikipedia": "th:สถานีวงแหวนรามอินทรา"
      },
      "geometry": {
        "type": "Point",
        "coordinates": [
          100.6772099,
          13.8244533
        ]
      },
      "id": "node/11364501929"
    },
    {
      "type": "Feature",
      "properties": {
        "@id": "node/11364501940",
        "monorail": "yes",
        "name": "บางชัน",
        "name:en": "Bang Chan",
        "name:th": "บางชัน",
        "network": "MRT",
        "operator": "นอร์ทเทิร์นบางกอกโมโนเรล",
        "operator:en": "Northern Bangkok Monorail Company Limited",
        "public_transport": "station",
        "railway": "station",
        "ref": "PK27",
        "station": "monorail",
        "wikidata": "Q123537787",
        "wikimedia_commons": "File:MRT Pink Line Bang Chan Station 20231203-1.jpg",
        "wikipedia": "th:สถานีบางชัน"
      },
      "geometry": {
        "type": "Point",
        "coordinates": [
          100.702937,
          13.8127236
        ]
      },
      "id": "node/11364501940"
    },
    {
      "type": "Feature",
      "properties": {
        "@id": "node/11364501941",
        "monorail": "yes",
        "name": "นพรัตน์",
        "name:en": "Nopparat",
        "name:th": "นพรัตน์",
        "network": "MRT",
        "operator": "นอร์ทเทิร์นบางกอกโมโนเรล",
        "operator:en": "Northern Bangkok Monorail Company Limited",
        "public_transport": "station",
        "railway": "station",
        "ref": "PK26",
        "station": "monorail",
        "wikidata": "Q123537786",
        "wikimedia_commons": "File:MRT Pink Line Nopparat Station 20231203-1.jpg",
        "wikipedia": "th:สถานีนพรัตน์"
      },
      "geometry": {
        "type": "Point",
        "coordinates": [
          100.685651,
          13.8165312
        ]
      },
      "id": "node/11364501941"
    },
    {
      "type": "Feature",
      "properties": {
        "@id": "node/11364501942",
        "monorail": "yes",
        "name": "เศรษฐบุตรบำเพ็ญ",
        "name:en": "Setthabutbamphen",
        "name:th": "เศรษฐบุตรบำเพ็ญ",
        "operator": "นอร์ทเทิร์นบางกอกโมโนเรล",
        "public_transport": "station",
        "railway": "station",
        "ref": "PK28",
        "station": "monorail",
        "wikidata": "Q123470968",
        "wikipedia": "th:สถานีเศรษฐบุตรบำเพ็ญ"
      },
      "geometry": {
        "type": "Point",
        "coordinates": [
          100.7126294,
          13.812694
        ]
      },
      "id": "node/11364501942"
    },
    {
      "type": "Feature",
      "properties": {
        "@id": "node/11364501951",
        "monorail": "yes",
        "name": "มีนบุรี",
        "name:en": "Min Buri",
        "name:th": "มีนบุรี",
        "operator": "นอร์ทเทิร์นบางกอกโมโนเรล",
        "public_transport": "station",
        "railway": "station",
        "ref": "PK30",
        "station": "monorail",
        "wikidata": "Q123537773",
        "wikipedia": "th:สถานีมีนบุรี"
      },
      "geometry": {
        "type": "Point",
        "coordinates": [
          100.7326906,
          13.8084135
        ]
      },
      "id": "node/11364501951"
    },
    {
      "type": "Feature",
      "properties": {
        "@id": "node/11505460640",
        "addr:country": "ไทย",
        "addr:district": "ปทุมวัน",
        "addr:district:en": "Pathum Wan",
        "addr:province": "กรุงเทพมหานคร",
        "addr:province:en": "bangkok",
        "addr:street": "ถนนพระรามที่ 1",
        "addr:street:en": "Rama I Road",
        "addr:subdistrict": "วังใหม่",
        "name": "สนามกีฬาแห่งชาติ",
        "name:en": "National Stadium",
        "name:th": "สนามกีฬาแห่งชาติ",
        "operator": "ระบบขนส่งมวลชนกรุงเทพ",
        "operator:en": "Bangkok Mass Transit System;BTSC",
        "public_transport": "station",
        "railway": "station",
        "ref": "W1",
        "station": "subway",
        "subway": "yes",
        "wikidata": "Q1030167",
        "wikipedia": "th:สถานีสนามกีฬาแห่งชาติ"
      },
      "geometry": {
        "type": "Point",
        "coordinates": [
          100.5290855,
          13.74651
        ]
      },
      "id": "node/11505460640"
    },
    {
      "type": "Feature",
      "properties": {
        "@id": "node/12122842058",
        "abandoned": "station",
        "name": "คลองมอญ",
        "name:th": "คลองมอญ",
        "railway": "halt",
        "train": "yes"
      },
      "geometry": {
        "type": "Point",
        "coordinates": [
          100.8243789,
          13.7248051
        ]
      },
      "id": "node/12122842058"
    },
    {
      "type": "Feature",
      "properties": {
        "@id": "node/12620662269",
        "construction:railway": "station",
        "name": "รัฐสภา",
        "name:en": "Parliament House",
        "name:th": "รัฐสภา",
        "network": "Metropolitan Rapid Transit",
        "network:short": "MRT",
        "network:wikidata": "Q806485",
        "note": "อย่าเพิ่มแท็ก railway=station และ/หรือ public_transport=station ก่อนที่จะเปิดให้บริการ | Do not add railway=station and/or public_transport=station tags before operational service",
        "operator": "ทางด่วนและรถไฟฟ้ากรุงเทพ",
        "public_transport": "station",
        "ref": "PP17",
        "station": "subway",
        "status": "inactive",
        "subway": "yes"
      },
      "geometry": {
        "type": "Point",
        "coordinates": [
          100.5195171,
          13.7952591
        ]
      },
      "id": "node/12620662269"
    },
    {
      "type": "Feature",
      "properties": {
        "@id": "node/12620662270",
        "construction:railway": "station",
        "name": "ศรีย่าน",
        "name:en": "Sri Yan",
        "name:th": "ศรีย่าน",
        "network": "Metropolitan Rapid Transit",
        "network:short": "MRT",
        "network:wikidata": "Q806485",
        "note": "อย่าเพิ่มแท็ก railway=station และ/หรือ public_transport=station ก่อนที่จะเปิดให้บริการ | Do not add railway=station and/or public_transport=station tags before operational service",
        "operator": "ทางด่วนและรถไฟฟ้ากรุงเทพ",
        "public_transport": "station",
        "ref": "PP18",
        "station": "subway",
        "status": "inactive",
        "subway": "yes"
      },
      "geometry": {
        "type": "Point",
        "coordinates": [
          100.512976,
          13.7870134
        ]
      },
      "id": "node/12620662270"
    },
    {
      "type": "Feature",
      "properties": {
        "@id": "node/12620663626",
        "construction:railway": "station",
        "name": "วชิรพยาบาล",
        "name:en": "Vajira Hospital",
        "name:th": "วชิรพยาบาล",
        "network": "Metropolitan Rapid Transit",
        "network:short": "MRT",
        "network:wikidata": "Q806485",
        "note": "อย่าเพิ่มแท็ก railway=station และ/หรือ public_transport=station ก่อนที่จะเปิดให้บริการ | Do not add railway=station and/or public_transport=station tags before operational service",
        "operator": "ทางด่วนและรถไฟฟ้ากรุงเทพ",
        "public_transport": "station",
        "ref": "PP19",
        "station": "subway",
        "status": "inactive",
        "subway": "yes"
      },
      "geometry": {
        "type": "Point",
        "coordinates": [
          100.5089937,
          13.7796159
        ]
      },
      "id": "node/12620663626"
    },
    {
      "type": "Feature",
      "properties": {
        "@id": "node/12620679797",
        "construction:railway": "station",
        "name": "หอสมุดแห่งชาติ",
        "name:en": "National Library",
        "name:th": "หอสมุดแห่งชาติ",
        "network": "Metropolitan Rapid Transit",
        "network:short": "MRT",
        "network:wikidata": "Q806485",
        "note": "อย่าเพิ่มแท็ก railway=station และ/หรือ public_transport=station ก่อนที่จะเปิดให้บริการ | Do not add railway=station and/or public_transport=station tags before operational service",
        "operator": "ทางด่วนและรถไฟฟ้ากรุงเทพ",
        "public_transport": "station",
        "ref": "PP20",
        "station": "subway",
        "status": "inactive",
        "subway": "yes"
      },
      "geometry": {
        "type": "Point",
        "coordinates": [
          100.5055912,
          13.7724242
        ]
      },
      "id": "node/12620679797"
    },
    {
      "type": "Feature",
      "properties": {
        "@id": "node/12620703194",
        "construction:railway": "station",
        "name": "บางขุนพรหม",
        "name:en": "Bang Khun Phrom",
        "name:th": "บางขุนพรหม",
        "network": "Metropolitan Rapid Transit",
        "network:short": "MRT",
        "network:wikidata": "Q806485",
        "note": "อย่าเพิ่มแท็ก railway=station และ/หรือ public_transport=station ก่อนที่จะเปิดให้บริการ | Do not add railway=station and/or public_transport=station tags before operational service",
        "operator": "ทางด่วนและรถไฟฟ้ากรุงเทพ",
        "public_transport": "station",
        "ref": "PP18",
        "station": "subway",
        "status": "inactive",
        "subway": "yes"
      },
      "geometry": {
        "type": "Point",
        "coordinates": [
          100.5005931,
          13.7660736
        ]
      },
      "id": "node/12620703194"
    },
    {
      "type": "Feature",
      "properties": {
        "@id": "node/12620703436",
        "construction:railway": "station",
        "name": "สะพานพุทธฯ",
        "name:en": "Memorial Bridge",
        "name:th": "สะพานพุทธฯ",
        "network": "Metropolitan Rapid Transit",
        "network:short": "MRT",
        "network:wikidata": "Q806485",
        "note": "อย่าเพิ่มแท็ก railway=station และ/หรือ public_transport=station ก่อนที่จะเปิดให้บริการ | Do not add railway=station and/or public_transport=station tags before operational service",
        "operator": "ทางด่วนและรถไฟฟ้ากรุงเทพ",
        "public_transport": "station",
        "ref": "PP24",
        "station": "subway",
        "status": "inactive",
        "subway": "yes"
      },
      "geometry": {
        "type": "Point",
        "coordinates": [
          100.495208,
          13.7324871
        ]
      },
      "id": "node/12620703436"
    },
    {
      "type": "Feature",
      "properties": {
        "@id": "node/12620703437",
        "construction:railway": "station",
        "name": "วงเวียนใหญ่",
        "name:en": "Wongwian Yai",
        "name:th": "วงเวียนใหญ่",
        "network": "Metropolitan Rapid Transit",
        "network:short": "MRT",
        "network:wikidata": "Q806485",
        "note": "อย่าเพิ่มแท็ก railway=station และ/หรือ public_transport=station ก่อนที่จะเปิดให้บริการ | Do not add railway=station and/or public_transport=station tags before operational service",
        "operator": "ทางด่วนและรถไฟฟ้ากรุงเทพ",
        "public_transport": "station",
        "ref": "PP25",
        "station": "subway",
        "status": "inactive",
        "subway": "yes"
      },
      "geometry": {
        "type": "Point",
        "coordinates": [
          100.4923926,
          13.7243208
        ]
      },
      "id": "node/12620703437"
    },
    {
      "type": "Feature",
      "properties": {
        "@id": "node/12620703438",
        "construction:railway": "station",
        "name": "โรงพยาบาลสมเด็จพระปิ่นเกล้า",
        "name:en": "Somdech Phra Pinklao Hospital",
        "name:th": "โรงพยาบาลสมเด็จพระปิ่นเกล้า",
        "network": "Metropolitan Rapid Transit",
        "network:short": "MRT",
        "network:wikidata": "Q806485",
        "note": "อย่าเพิ่มแท็ก railway=station และ/หรือ public_transport=station ก่อนที่จะเปิดให้บริการ | Do not add railway=station and/or public_transport=station tags before operational service",
        "operator": "ทางด่วนและรถไฟฟ้ากรุงเทพ",
        "public_transport": "station",
        "ref": "PP26",
        "station": "subway",
        "status": "inactive",
        "subway": "yes"
      },
      "geometry": {
        "type": "Point",
        "coordinates": [
          100.4881199,
          13.7118613
        ]
      },
      "id": "node/12620703438"
    },
    {
      "type": "Feature",
      "properties": {
        "@id": "node/12620703439",
        "construction:railway": "station",
        "name": "ดาวคะนอง",
        "name:en": "Dao Khanong",
        "name:th": "ดาวคะนอง",
        "network": "Metropolitan Rapid Transit",
        "network:short": "MRT",
        "network:wikidata": "Q806485",
        "note": "อย่าเพิ่มแท็ก railway=station และ/หรือ public_transport=station ก่อนที่จะเปิดให้บริการ | Do not add railway=station and/or public_transport=station tags before operational service",
        "operator": "ทางด่วนและรถไฟฟ้ากรุงเทพ",
        "public_transport": "station",
        "ref": "PP27",
        "station": "subway",
        "status": "inactive",
        "subway": "yes"
      },
      "geometry": {
        "type": "Point",
        "coordinates": [
          100.4824767,
          13.6954627
        ]
      },
      "id": "node/12620703439"
    },
    {
      "type": "Feature",
      "properties": {
        "@id": "node/12803589960",
        "addr:country": "Thailand",
        "addr:province": "กรุงเทพมหานคร",
        "addr:province:en": "Bangkok",
        "alt_name": "สถานีสีลม",
        "alt_name:en": "Si Lom Station",
        "alt_name:th": "สถานีสีลม",
        "name": "สีลม",
        "name:en": "Si Lom",
        "name:fr": "Si Lom",
        "name:ja": "シーロム",
        "name:th": "สีลม",
        "operator": "ทางด่วนและรถไฟฟ้ากรุงเทพ",
        "public_transport": "station",
        "railway": "station",
        "ref": "BL26",
        "station": "subway",
        "subway": "yes",
        "wikidata": "Q1036816"
      },
      "geometry": {
        "type": "Point",
        "coordinates": [
          100.5370702,
          13.7291982
        ]
      },
      "id": "node/12803589960"
    },
    {
      "type": "Feature",
      "properties": {
        "@id": "node/12803915074",
        "addr:country": "Thailand",
        "addr:district": "สัมพันธวงศ์",
        "addr:district:en": "Samphanthawong",
        "addr:postcode": "10100",
        "addr:province": "กรุงเทพมหานคร",
        "addr:province:en": "Bangkok",
        "addr:street": "ถนนเจริญกรุง",
        "addr:street:en": "Charoenkrung Road",
        "addr:subdistrict": "สัมพันธวงศ์",
        "country": "ไทย",
        "name": "วัดมังกร",
        "name:en": "Wat Mangkon",
        "name:zh": "龍蓮寺",
        "operator": "ทางด่วนและรถไฟฟ้ากรุงเทพ",
        "province": "กรุงเทพมหานคร",
        "public_transport": "station",
        "railway": "station",
        "ref": "BL29",
        "station": "subway",
        "subway": "yes",
        "website": "https://metro.bemplc.co.th/Line-Maps?Line=1&Station=29",
        "wikidata": "Q13021830"
      },
      "geometry": {
        "type": "Point",
        "coordinates": [
          100.5099097,
          13.7422095
        ]
      },
      "id": "node/12803915074"
    },
    {
      "type": "Feature",
      "properties": {
        "@id": "node/12803915076",
        "name": "สามยอด",
        "name:en": "Sam Yot",
        "operator": "ทางด่วนและรถไฟฟ้ากรุงเทพ",
        "public_transport": "station",
        "railway": "station",
        "ref": "BL30",
        "station": "subway",
        "subway": "yes",
        "wikidata": "Q61359058"
      },
      "geometry": {
        "type": "Point",
        "coordinates": [
          100.5023022,
          13.7470004
        ]
      },
      "id": "node/12803915076"
    },
    {
      "type": "Feature",
      "properties": {
        "@id": "node/12803915077",
        "air_conditioning": "yes",
        "name": "สนามไชย",
        "name:en": "Sanam Chai",
        "name:th": "สนามไชย",
        "operator": "ทางด่วนและรถไฟฟ้ากรุงเทพ",
        "public_transport": "station",
        "railway": "station",
        "ref": "BL31",
        "station": "subway",
        "subway": "yes",
        "wikidata": "Q19794088",
        "wikipedia": "th:สถานีสนามไชย"
      },
      "geometry": {
        "type": "Point",
        "coordinates": [
          100.4946239,
          13.7443259
        ]
      },
      "id": "node/12803915077"
    },
    {
      "type": "Feature",
      "properties": {
        "@id": "node/12803915078",
        "addr:country": "Thailand",
        "addr:province": "Bangkok",
        "alt_name": "สถานีสามย่าน",
        "alt_name:en": "Sam Yan Station",
        "alt_name:th": "สถานีสามย่าน",
        "country": "ไทย",
        "name": "สามย่าน",
        "name:en": "Sam Yan",
        "name:fr": "Sam Yan",
        "name:th": "สามย่าน",
        "operator": "ทางด่วนและรถไฟฟ้ากรุงเทพ",
        "province": "ฺBangkok",
        "public_transport": "station",
        "railway": "station",
        "ref": "BL27",
        "station": "subway",
        "subway": "yes",
        "website": "https://metro.bemplc.co.th/Line-Maps?Line=1&Station=27",
        "wikidata": "Q1039683"
      },
      "geometry": {
        "type": "Point",
        "coordinates": [
          100.5301206,
          13.7320608
        ]
      },
      "id": "node/12803915078"
    },
    {
      "type": "Feature",
      "properties": {
        "@id": "node/12803915080",
        "name": "อิสรภาพ",
        "name:en": "Itsaraphap",
        "operator": "ทางด่วนและรถไฟฟ้ากรุงเทพ",
        "public_transport": "station",
        "railway": "station",
        "ref": "BL32",
        "station": "subway",
        "subway": "yes",
        "wikidata": "Q25537502"
      },
      "geometry": {
        "type": "Point",
        "coordinates": [
          100.4857002,
          13.7383645
        ]
      },
      "id": "node/12803915080"
    },
    {
      "type": "Feature",
      "properties": {
        "@id": "node/12803915082",
        "name": "บางซื่อ",
        "name:en": "Bang Sue",
        "name:th": "บางซื่อ",
        "name:zh": "挽赐站",
        "operator": "ทางด่วนและรถไฟฟ้ากรุงเทพ",
        "public_transport": "station",
        "railway": "station",
        "ref": "BL11",
        "station": "subway",
        "subway": "yes",
        "wikidata": "Q4384431"
      },
      "geometry": {
        "type": "Point",
        "coordinates": [
          100.5410464,
          13.8023925
        ]
      },
      "id": "node/12803915082"
    },
    {
      "type": "Feature",
      "properties": {
        "@id": "node/12805950167",
        "alt_name": "Phetchaburi MRT station",
        "name": "เพชรบุรี",
        "name:en": "Phetchaburi",
        "name:th": "เพชรบุรี",
        "name:zh": "碧武里",
        "operator": "ทางด่วนและรถไฟฟ้ากรุงเทพ",
        "public_transport": "station",
        "railway": "station",
        "ref": "BL21",
        "station": "subway",
        "subway": "yes",
        "wikidata": "Q4921013"
      },
      "geometry": {
        "type": "Point",
        "coordinates": [
          100.5634165,
          13.7491853
        ]
      },
      "id": "node/12805950167"
    },
    {
      "type": "Feature",
      "properties": {
        "@id": "node/12849038005",
        "monorail": "yes",
        "name": "อิมแพ็ค เมืองทองธานี",
        "name:en": "Impact Muang Thong Thani",
        "name:th": "อิมแพ็ค เมืองทองธานี",
        "network": "MRT",
        "public_transport": "station",
        "railway": "station",
        "ref": "MT01",
        "station": "monorail",
        "wikidata": "Q123537775",
        "wikipedia": "th:สถานีอิมแพ็ค เมืองทองธานี"
      },
      "geometry": {
        "type": "Point",
        "coordinates": [
          100.5442604,
          13.9104409
        ]
      },
      "id": "node/12849038005"
    },
    {
      "type": "Feature",
      "properties": {
        "@id": "node/12849038006",
        "monorail": "yes",
        "name": "ทะเลสาบเมืองทองธานี",
        "name:en": "Lake Muang Thong Thani",
        "name:th": "ทะเลสาบเมืองทองธานี",
        "network": "MRT",
        "public_transport": "station",
        "railway": "station",
        "ref": "MT02",
        "station": "monorail",
        "wikidata": "Q123537776",
        "wikipedia": "th:สถานีทะเลสาบเมืองทองธานี"
      },
      "geometry": {
        "type": "Point",
        "coordinates": [
          100.5456387,
          13.9183795
        ]
      },
      "id": "node/12849038006"
    },
    {
      "type": "Feature",
      "properties": {
        "@id": "node/13373875189",
        "light_rail": "yes",
        "name": "อาคารผู้โดยสารหลัก",
        "name:th": "อาคารผู้โดยสารหลัก",
        "public_transport": "station",
        "railway": "station",
        "station": "light_rail",
        "wheelchair": "yes"
      },
      "geometry": {
        "type": "Point",
        "coordinates": [
          100.7504793,
          13.6914254
        ]
      },
      "id": "node/13373875189"
    },
    {
      "type": "Feature",
      "properties": {
        "@id": "node/13373875190",
        "light_rail": "yes",
        "name": "อาคารเทียบเครื่องบินรองหลังที่ 1",
        "name:en": "Midfield Satellite Concourse 1",
        "name:th": "อาคารเทียบเครื่องบินรองหลังที่ 1",
        "public_transport": "station",
        "railway": "station",
        "station": "light_rail",
        "wheelchair": "yes"
      },
      "geometry": {
        "type": "Point",
        "coordinates": [
          100.7482188,
          13.6824933
        ]
      },
      "id": "node/13373875190"
    },
    {
      "type": "Feature",
      "properties": {
        "@id": "node/13410325190",
        "construction:railway": "station",
        "name": "ราษฎร์พัฒนา",
        "name:en": "Rat Phatthana",
        "name:th": "ราษฎร์พัฒนา",
        "network": "Metropolitan Rapid Transit",
        "network:short": "MRT",
        "network:wikidata": "Q806485",
        "note": "อย่าเพิ่มแท็ก railway=station และ/หรือ public_transport=station ก่อนที่จะเปิดให้บริการ | Do not add railway=station and/or public_transport=station tags before operational service",
        "operator": "ทางด่วนและรถไฟฟ้ากรุงเทพ",
        "public_transport": "station",
        "ref": "OR25",
        "station": "subway",
        "status": "inactive",
        "subway": "yes"
      },
      "geometry": {
        "type": "Point",
        "coordinates": [
          100.70018,
          13.7916638
        ]
      },
      "id": "node/13410325190"
    },
    {
      "type": "Feature",
      "properties": {
        "@id": "node/13971907544",
        "construction:railway": "station",
        "name": "อนุสาวรีย์ประชาธิปไตย",
        "name:en": "Democracy Monument",
        "name:th": "อนุสาวรีย์ประชาธิปไตย",
        "network": "Metropolitan Rapid Transit",
        "network:short": "MRT",
        "network:wikidata": "Q806485",
        "note": "อย่าเพิ่มแท็ก railway=station และ/หรือ public_transport=station ก่อนที่จะเปิดให้บริการ | Do not add railway=station and/or public_transport=station tags before operational service",
        "operator": "ทางด่วนและรถไฟฟ้ากรุงเทพ",
        "public_transport": "station",
        "ref": "PP22;OR05",
        "station": "subway",
        "status": "inactive",
        "subway": "yes"
      },
      "geometry": {
        "type": "Point",
        "coordinates": [
          100.5042404,
          13.7566773
        ]
      },
      "id": "node/13971907544"
    },
    {
      "type": "Feature",
      "properties": {
        "@id": "node/13971907561",
        "construction:railway": "station",
        "name": "บางปะแก้ว",
        "name:en": "Bang Pakaeo",
        "name:th": "บางปะแก้ว",
        "network": "Metropolitan Rapid Transit",
        "network:short": "MRT",
        "network:wikidata": "Q806485",
        "note": "อย่าเพิ่มแท็ก railway=station และ/หรือ public_transport=station ก่อนที่จะเปิดให้บริการ | Do not add railway=station and/or public_transport=station tags before operational service",
        "operator": "ทางด่วนและรถไฟฟ้ากรุงเทพ",
        "public_transport": "station",
        "ref": "PP28",
        "station": "subway",
        "status": "inactive",
        "subway": "yes"
      },
      "geometry": {
        "type": "Point",
        "coordinates": [
          100.4838506,
          13.6881174
        ]
      },
      "id": "node/13971907561"
    },
    {
      "type": "Feature",
      "properties": {
        "@id": "node/13971907564",
        "construction:railway": "station",
        "name": "บางปะกอก",
        "name:en": "Bang Pakok",
        "name:th": "บางปะกอก",
        "network": "Metropolitan Rapid Transit",
        "network:short": "MRT",
        "network:wikidata": "Q806485",
        "note": "อย่าเพิ่มแท็ก railway=station และ/หรือ public_transport=station ก่อนที่จะเปิดให้บริการ | Do not add railway=station and/or public_transport=station tags before operational service",
        "operator": "ทางด่วนและรถไฟฟ้ากรุงเทพ",
        "public_transport": "station",
        "ref": "PP29",
        "station": "subway",
        "status": "inactive",
        "subway": "yes"
      },
      "geometry": {
        "type": "Point",
        "coordinates": [
          100.4972062,
          13.6788409
        ]
      },
      "id": "node/13971907564"
    },
    {
      "type": "Feature",
      "properties": {
        "@id": "node/13971907567",
        "construction:railway": "station",
        "name": "แยกประชาอุทิศ",
        "name:en": "Yaek Pracha Uthit",
        "name:th": "แยกประชาอุทิศ",
        "network": "Metropolitan Rapid Transit",
        "network:short": "MRT",
        "network:wikidata": "Q806485",
        "note": "อย่าเพิ่มแท็ก railway=station และ/หรือ public_transport=station ก่อนที่จะเปิดให้บริการ | Do not add railway=station and/or public_transport=station tags before operational service",
        "operator": "ทางด่วนและรถไฟฟ้ากรุงเทพ",
        "public_transport": "station",
        "ref": "PP30",
        "station": "subway",
        "status": "inactive",
        "subway": "yes"
      },
      "geometry": {
        "type": "Point",
        "coordinates": [
          100.5044452,
          13.6742741
        ]
      },
      "id": "node/13971907567"
    },
    {
      "type": "Feature",
      "properties": {
        "@id": "node/13971907570",
        "construction:railway": "station",
        "name": "ราษฎร์บูรณะ",
        "name:en": "Rat Burana",
        "name:th": "ราษฎร์บูรณะ",
        "network": "Metropolitan Rapid Transit",
        "network:short": "MRT",
        "network:wikidata": "Q806485",
        "note": "อย่าเพิ่มแท็ก railway=station และ/หรือ public_transport=station ก่อนที่จะเปิดให้บริการ | Do not add railway=station and/or public_transport=station tags before operational service",
        "operator": "ทางด่วนและรถไฟฟ้ากรุงเทพ",
        "public_transport": "station",
        "ref": "PP31",
        "station": "subway",
        "status": "inactive",
        "subway": "yes"
      },
      "geometry": {
        "type": "Point",
        "coordinates": [
          100.5115283,
          13.669847
        ]
      },
      "id": "node/13971907570"
    },
    {
      "type": "Feature",
      "properties": {
        "@id": "node/13971907573",
        "construction:railway": "station",
        "name": "พระประแดง",
        "name:en": "Phra Pradaeng",
        "name:th": "พระประแดง",
        "network": "Metropolitan Rapid Transit",
        "network:short": "MRT",
        "network:wikidata": "Q806485",
        "note": "อย่าเพิ่มแท็ก railway=station และ/หรือ public_transport=station ก่อนที่จะเปิดให้บริการ | Do not add railway=station and/or public_transport=station tags before operational service",
        "operator": "ทางด่วนและรถไฟฟ้ากรุงเทพ",
        "public_transport": "station",
        "ref": "PP32",
        "station": "subway",
        "status": "inactive",
        "subway": "yes"
      },
      "geometry": {
        "type": "Point",
        "coordinates": [
          100.5192637,
          13.6579425
        ]
      },
      "id": "node/13971907573"
    },
    {
      "type": "Feature",
      "properties": {
        "@id": "node/13971907577",
        "construction:railway": "station",
        "name": "ครุใน",
        "name:en": "Khru Nai",
        "name:th": "ครุใน",
        "network": "Metropolitan Rapid Transit",
        "network:short": "MRT",
        "network:wikidata": "Q806485",
        "note": "อย่าเพิ่มแท็ก railway=station และ/หรือ public_transport=station ก่อนที่จะเปิดให้บริการ | Do not add railway=station and/or public_transport=station tags before operational service",
        "operator": "ทางด่วนและรถไฟฟ้ากรุงเทพ",
        "public_transport": "station",
        "ref": "PP33",
        "station": "subway",
        "status": "inactive",
        "subway": "yes"
      },
      "geometry": {
        "type": "Point",
        "coordinates": [
          100.5257744,
          13.6417015
        ]
      },
      "id": "node/13971907577"
    },
    {
      "type": "Feature",
      "properties": {
        "@id": "node/13980299805",
        "construction:railway": "station",
        "name": "คลองบ้านม้า",
        "name:en": "Khlong Ban Ma",
        "name:th": "คลองบ้านม้า",
        "network": "Metropolitan Rapid Transit",
        "network:short": "MRT",
        "network:wikidata": "Q806485",
        "note": "อย่าเพิ่มแท็ก railway=station และ/หรือ public_transport=station ก่อนที่จะเปิดให้บริการ | Do not add railway=station and/or public_transport=station tags before operational service",
        "operator": "ทางด่วนและรถไฟฟ้ากรุงเทพ",
        "public_transport": "station",
        "ref": "OR22",
        "station": "subway",
        "status": "inactive",
        "subway": "yes"
      },
      "geometry": {
        "type": "Point",
        "coordinates": [
          100.6677515,
          13.7737996
        ]
      },
      "id": "node/13980299805"
    },
    {
      "type": "Feature",
      "properties": {
        "@id": "node/13980300008",
        "construction:railway": "station",
        "name": "ศรีบูรพา",
        "name:en": "Si Burapha",
        "name:th": "ศรีบูรพา",
        "network": "Metropolitan Rapid Transit",
        "network:short": "MRT",
        "network:wikidata": "Q806485",
        "note": "อย่าเพิ่มแท็ก railway=station และ/หรือ public_transport=station ก่อนที่จะเปิดให้บริการ | Do not add railway=station and/or public_transport=station tags before operational service",
        "operator": "ทางด่วนและรถไฟฟ้ากรุงเทพ",
        "public_transport": "station",
        "ref": "OR21",
        "station": "subway",
        "status": "inactive",
        "subway": "yes"
      },
      "geometry": {
        "type": "Point",
        "coordinates": [
          100.6585776,
          13.7681518
        ]
      },
      "id": "node/13980300008"
    },
    {
      "type": "Feature",
      "properties": {
        "@id": "node/13980300011",
        "construction:railway": "station",
        "name": "แยกลำสาลี",
        "name:en": "Yaek Lam Sali",
        "name:th": "แยกลำสาลี",
        "network": "Metropolitan Rapid Transit",
        "network:short": "MRT",
        "network:wikidata": "Q806485",
        "note": "อย่าเพิ่มแท็ก railway=station และ/หรือ public_transport=station ก่อนที่จะเปิดให้บริการ | Do not add railway=station and/or public_transport=station tags before operational service",
        "operator": "ทางด่วนและรถไฟฟ้ากรุงเทพ",
        "public_transport": "station",
        "station": "subway",
        "status": "inactive",
        "subway": "yes"
      },
      "geometry": {
        "type": "Point",
        "coordinates": [
          100.6460934,
          13.7627763
        ]
      },
      "id": "node/13980300011"
    },
    {
      "type": "Feature",
      "properties": {
        "@id": "node/13980320806",
        "construction:railway": "station",
        "name": "รามคำแหง 40",
        "name:en": "Ramkhamhaeng 40",
        "name:th": "รามคำแหง 40",
        "network": "Metropolitan Rapid Transit",
        "network:short": "MRT",
        "network:wikidata": "Q806485",
        "note": "อย่าเพิ่มแท็ก railway=station และ/หรือ public_transport=station ก่อนที่จะเปิดให้บริการ | Do not add railway=station and/or public_transport=station tags before operational service",
        "operator": "ทางด่วนและรถไฟฟ้ากรุงเทพ",
        "public_transport": "station",
        "ref": "OR19",
        "station": "subway",
        "status": "inactive",
        "subway": "yes"
      },
      "geometry": {
        "type": "Point",
        "coordinates": [
          100.638128,
          13.7618549
        ]
      },
      "id": "node/13980320806"
    },
    {
      "type": "Feature",
      "properties": {
        "@id": "node/13980320809",
        "alt_name": "การกีฬาแห่งประเทศไทย",
        "alt_name:en": "Sports Authority of Thailand",
        "alt_name:th": "การกีฬาแห่งประเทศไทย",
        "construction:railway": "station",
        "name": "กกท.",
        "name:en": "SAT",
        "name:th": "กกท.",
        "network": "Metropolitan Rapid Transit",
        "network:short": "MRT",
        "network:wikidata": "Q806485",
        "note": "อย่าเพิ่มแท็ก railway=station และ/หรือ public_transport=station ก่อนที่จะเปิดให้บริการ | Do not add railway=station and/or public_transport=station tags before operational service",
        "operator": "ทางด่วนและรถไฟฟ้ากรุงเทพ",
        "public_transport": "station",
        "ref": "OR18",
        "station": "subway",
        "status": "inactive",
        "subway": "yes"
      },
      "geometry": {
        "type": "Point",
        "coordinates": [
          100.6267029,
          13.7605651
        ]
      },
      "id": "node/13980320809"
    },
    {
      "type": "Feature",
      "properties": {
        "@id": "node/13980371085",
        "construction:railway": "station",
        "name": "มหาวิทยาลัยรามคำแหง",
        "name:en": "Ramkhamhaeng University",
        "name:th": "มหาวิทยาลัยรามคำแหง",
        "network": "Metropolitan Rapid Transit",
        "network:short": "MRT",
        "network:wikidata": "Q806485",
        "note": "อย่าเพิ่มแท็ก railway=station และ/หรือ public_transport=station ก่อนที่จะเปิดให้บริการ | Do not add railway=station and/or public_transport=station tags before operational service",
        "operator": "ทางด่วนและรถไฟฟ้ากรุงเทพ",
        "public_transport": "station",
        "ref": "OR17",
        "station": "subway",
        "status": "inactive",
        "subway": "yes"
      },
      "geometry": {
        "type": "Point",
        "coordinates": [
          100.6179734,
          13.7590617
        ]
      },
      "id": "node/13980371085"
    },
    {
      "type": "Feature",
      "properties": {
        "@id": "node/13980371088",
        "construction:railway": "station",
        "name": "รามคำแหง 12",
        "name:en": "Ramkhamhaeng 12",
        "name:th": "รามคำแหง 12",
        "network": "Metropolitan Rapid Transit",
        "network:short": "MRT",
        "network:wikidata": "Q806485",
        "note": "อย่าเพิ่มแท็ก railway=station และ/หรือ public_transport=station ก่อนที่จะเปิดให้บริการ | Do not add railway=station and/or public_transport=station tags before operational service",
        "operator": "ทางด่วนและรถไฟฟ้ากรุงเทพ",
        "public_transport": "station",
        "ref": "OR16",
        "station": "subway",
        "status": "inactive",
        "subway": "yes"
      },
      "geometry": {
        "type": "Point",
        "coordinates": [
          100.6098329,
          13.7517193
        ]
      },
      "id": "node/13980371088"
    },
    {
      "type": "Feature",
      "properties": {
        "@id": "node/13980371091",
        "construction:railway": "station",
        "name": "วัดพระราม 9",
        "name:en": "Wat Phra Ram 9",
        "name:th": "วัดพระราม 9",
        "network": "Metropolitan Rapid Transit",
        "network:short": "MRT",
        "network:wikidata": "Q806485",
        "note": "อย่าเพิ่มแท็ก railway=station และ/หรือ public_transport=station ก่อนที่จะเปิดให้บริการ | Do not add railway=station and/or public_transport=station tags before operational service",
        "old_name": "ประดิษฐ์มนูธรรม",
        "old_name:en": "Pradit Manutham",
        "old_name:th": "ประดิษฐ์มนูธรรม",
        "operator": "ทางด่วนและรถไฟฟ้ากรุงเทพ",
        "public_transport": "station",
        "ref": "OR15",
        "station": "subway",
        "status": "inactive",
        "subway": "yes"
      },
      "geometry": {
        "type": "Point",
        "coordinates": [
          100.5922548,
          13.7522601
        ]
      },
      "id": "node/13980371091"
    },
    {
      "type": "Feature",
      "properties": {
        "@id": "node/13980371094",
        "alt_name": "การรถไฟฟ้าขนส่งมวลชนแห่งประเทศไทย",
        "alt_name:en": "Mass Rapid Transit Authority of Thailand",
        "alt_name:th": "การรถไฟฟ้าขนส่งมวลชนแห่งประเทศไทย",
        "construction:railway": "station",
        "name": "รฟม.",
        "name:en": "MRTA",
        "name:th": "รฟม.",
        "network": "Metropolitan Rapid Transit",
        "network:short": "MRT",
        "network:wikidata": "Q806485",
        "note": "อย่าเพิ่มแท็ก railway=station และ/หรือ public_transport=station ก่อนที่จะเปิดให้บริการ | Do not add railway=station and/or public_transport=station tags before operational service",
        "operator": "ทางด่วนและรถไฟฟ้ากรุงเทพ",
        "public_transport": "station",
        "ref": "OR14",
        "station": "subway",
        "status": "inactive",
        "subway": "yes"
      },
      "geometry": {
        "type": "Point",
        "coordinates": [
          100.5781074,
          13.7553937
        ]
      },
      "id": "node/13980371094"
    },
    {
      "type": "Feature",
      "properties": {
        "@id": "node/13980403801",
        "construction:railway": "station",
        "name": "ประชาสงเคราะห์",
        "name:en": "Pracha Songkhro",
        "name:th": "ประชาสงเคราะห์",
        "network": "Metropolitan Rapid Transit",
        "network:short": "MRT",
        "network:wikidata": "Q806485",
        "note": "อย่าเพิ่มแท็ก railway=station และ/หรือ public_transport=station ก่อนที่จะเปิดให้บริการ | Do not add railway=station and/or public_transport=station tags before operational service",
        "operator": "ทางด่วนและรถไฟฟ้ากรุงเทพ",
        "public_transport": "station",
        "ref": "OR12",
        "station": "subway",
        "status": "inactive",
        "subway": "yes"
      },
      "geometry": {
        "type": "Point",
        "coordinates": [
          100.5622596,
          13.7723859
        ]
      },
      "id": "node/13980403801"
    },
    {
      "type": "Feature",
      "properties": {
        "@id": "node/13980403805",
        "construction:railway": "station",
        "name": "ดินแดง",
        "name:en": "Din Daeng",
        "name:th": "ดินแดง",
        "network": "Metropolitan Rapid Transit",
        "network:short": "MRT",
        "network:wikidata": "Q806485",
        "note": "อย่าเพิ่มแท็ก railway=station และ/หรือ public_transport=station ก่อนที่จะเปิดให้บริการ | Do not add railway=station and/or public_transport=station tags before operational service",
        "operator": "ทางด่วนและรถไฟฟ้ากรุงเทพ",
        "public_transport": "station",
        "ref": "OR11",
        "station": "subway",
        "status": "inactive",
        "subway": "yes"
      },
      "geometry": {
        "type": "Point",
        "coordinates": [
          100.5521522,
          13.7710641
        ]
      },
      "id": "node/13980403805"
    },
    {
      "type": "Feature",
      "properties": {
        "@id": "node/13980403807",
        "construction:railway": "station",
        "name": "ราชปรารภ",
        "name:en": "Ratchaprarop",
        "name:th": "ราชปรารภ",
        "network": "Metropolitan Rapid Transit",
        "network:short": "MRT",
        "network:wikidata": "Q806485",
        "note": "อย่าเพิ่มแท็ก railway=station และ/หรือ public_transport=station ก่อนที่จะเปิดให้บริการ | Do not add railway=station and/or public_transport=station tags before operational service",
        "operator": "ทางด่วนและรถไฟฟ้ากรุงเทพ",
        "public_transport": "station",
        "ref": "OR10",
        "station": "subway",
        "status": "inactive",
        "subway": "yes"
      },
      "geometry": {
        "type": "Point",
        "coordinates": [
          100.5424658,
          13.7570617
        ]
      },
      "id": "node/13980403807"
    },
    {
      "type": "Feature",
      "properties": {
        "@id": "node/13980424259",
        "construction:railway": "station",
        "name": "ประตูน้ำ",
        "name:en": "Pratunam",
        "name:th": "ประตูน้ำ",
        "network": "Metropolitan Rapid Transit",
        "network:short": "MRT",
        "network:wikidata": "Q806485",
        "note": "อย่าเพิ่มแท็ก railway=station และ/หรือ public_transport=station ก่อนที่จะเปิดให้บริการ | Do not add railway=station and/or public_transport=station tags before operational service",
        "operator": "ทางด่วนและรถไฟฟ้ากรุงเทพ",
        "public_transport": "station",
        "ref": "OR09",
        "station": "subway",
        "status": "inactive",
        "subway": "yes"
      },
      "geometry": {
        "type": "Point",
        "coordinates": [
          100.536801,
          13.751458
        ]
      },
      "id": "node/13980424259"
    },
    {
      "type": "Feature",
      "properties": {
        "@id": "node/13980424262",
        "construction:railway": "station",
        "name": "ราชเทวี",
        "name:en": "Ratchathewi",
        "name:th": "ราชเทวี",
        "network": "Metropolitan Rapid Transit",
        "network:short": "MRT",
        "network:wikidata": "Q806485",
        "note": "อย่าเพิ่มแท็ก railway=station และ/หรือ public_transport=station ก่อนที่จะเปิดให้บริการ | Do not add railway=station and/or public_transport=station tags before operational service",
        "operator": "ทางด่วนและรถไฟฟ้ากรุงเทพ",
        "public_transport": "station",
        "ref": "OR08",
        "station": "subway",
        "status": "inactive",
        "subway": "yes"
      },
      "geometry": {
        "type": "Point",
        "coordinates": [
          100.53036,
          13.7537307
        ]
      },
      "id": "node/13980424262"
    },
    {
      "type": "Feature",
      "properties": {
        "@id": "node/13980424265",
        "construction:railway": "station",
        "name": "ยมราช",
        "name:en": "Yommarat",
        "name:th": "ยมราช",
        "network": "Metropolitan Rapid Transit",
        "network:short": "MRT",
        "network:wikidata": "Q806485",
        "note": "อย่าเพิ่มแท็ก railway=station และ/หรือ public_transport=station ก่อนที่จะเปิดให้บริการ | Do not add railway=station and/or public_transport=station tags before operational service",
        "operator": "ทางด่วนและรถไฟฟ้ากรุงเทพ",
        "public_transport": "station",
        "ref": "OR07",
        "station": "subway",
        "status": "inactive",
        "subway": "yes"
      },
      "geometry": {
        "type": "Point",
        "coordinates": [
          100.5184065,
          13.756864
        ]
      },
      "id": "node/13980424265"
    },
    {
      "type": "Feature",
      "properties": {
        "@id": "node/13980424268",
        "construction:railway": "station",
        "name": "หลานหลวง",
        "name:en": "Lan Luang",
        "name:th": "หลานหลวง",
        "network": "Metropolitan Rapid Transit",
        "network:short": "MRT",
        "network:wikidata": "Q806485",
        "note": "อย่าเพิ่มแท็ก railway=station และ/หรือ public_transport=station ก่อนที่จะเปิดให้บริการ | Do not add railway=station and/or public_transport=station tags before operational service",
        "operator": "ทางด่วนและรถไฟฟ้ากรุงเทพ",
        "public_transport": "station",
        "ref": "OR06",
        "station": "subway",
        "status": "inactive",
        "subway": "yes"
      },
      "geometry": {
        "type": "Point",
        "coordinates": [
          100.5107763,
          13.7564664
        ]
      },
      "id": "node/13980424268"
    },
    {
      "type": "Feature",
      "properties": {
        "@id": "node/13980424271",
        "construction:railway": "station",
        "name": "สนามหลวง",
        "name:en": "Sanam Luang",
        "name:th": "สนามหลวง",
        "network": "Metropolitan Rapid Transit",
        "network:short": "MRT",
        "network:wikidata": "Q806485",
        "note": "อย่าเพิ่มแท็ก railway=station และ/หรือ public_transport=station ก่อนที่จะเปิดให้บริการ | Do not add railway=station and/or public_transport=station tags before operational service",
        "operator": "ทางด่วนและรถไฟฟ้ากรุงเทพ",
        "public_transport": "station",
        "station": "subway",
        "status": "inactive",
        "subway": "yes"
      },
      "geometry": {
        "type": "Point",
        "coordinates": [
          100.4927997,
          13.759251
        ]
      },
      "id": "node/13980424271"
    },
    {
      "type": "Feature",
      "properties": {
        "@id": "node/13980424274",
        "construction:railway": "station",
        "name": "ศิริราช",
        "name:en": "Siriraj",
        "name:th": "ศิริราช",
        "network": "Metropolitan Rapid Transit",
        "network:short": "MRT",
        "network:wikidata": "Q806485",
        "note": "อย่าเพิ่มแท็ก railway=station และ/หรือ public_transport=station ก่อนที่จะเปิดให้บริการ | Do not add railway=station and/or public_transport=station tags before operational service",
        "operator": "ทางด่วนและรถไฟฟ้ากรุงเทพ",
        "public_transport": "station",
        "ref": "OR03",
        "station": "subway",
        "status": "inactive",
        "subway": "yes"
      },
      "geometry": {
        "type": "Point",
        "coordinates": [
          100.4832828,
          13.7608485
        ]
      },
      "id": "node/13980424274"
    },
    {
      "type": "Feature",
      "properties": {
        "@id": "node/13980424277",
        "name": "ตลิ่งชัน",
        "name:en": "Taling Chan",
        "name:th": "ตลิ่งชัน",
        "network": "Metropolitan Rapid Transit",
        "network:short": "MRT",
        "network:wikidata": "Q806485",
        "note": "อย่าเพิ่มแท็ก railway=station และ/หรือ public_transport=station ก่อนที่จะเปิดให้บริการ | Do not add railway=station and/or public_transport=station tags before operational service",
        "operator": "ทางด่วนและรถไฟฟ้ากรุงเทพ",
        "proposed:railway": "station",
        "public_transport": "station",
        "station": "subway",
        "subway": "yes"
      },
      "geometry": {
        "type": "Point",
        "coordinates": [
          100.4398761,
          13.7889684
        ]
      },
      "id": "node/13980424277"
    }
  ]
}