{
  "type": "FeatureCollection",
  "generator": "overpass-turbo",
  "copyright": "The data included in this document is from www.openstreetmap.org. The data is made available under ODbL.",
  "timestamp": "2026-08-25T04:00:33Z",
  "features": [
    {
      "type": "Feature",
      "properties": {
        "@id": "relation/444651",
        "colour": "#65B724",
        "from": "Khu Khot",
        "name": "รถไฟฟ้าบีทีเอส สายสุขุมวิท (คูคต → เคหะ)",
        "name:en": "BTS Sukhumvit Line (Khu Khot → Kheha)",
        "name:ja": "BTSスクムウィット線（クーコット→ケーハー）",
        "name:th": "รถไฟฟ้าบีทีเอส สายสุขุมวิท (คูคต → เคหะ)",
        "network": "รถไฟฟ้าบีทีเอส",
        "network:en": "BTS Skytrain",
        "network:short": "BTS",
        "network:th": "รถไฟฟ้าบีทีเอส",
        "network:wikidata": "Q806501",
        "note": "I didn't include \"Last train route\" and \"Peak-only route\" into this \"Main route\".",
        "opening_hours": "Mo-Su 05:15-23:35",
        "operator": "ระบบขนส่งมวลชนกรุงเทพ",
        "operator:en": "Bangkok Mass Transit System;BTSC",
        "public_transport:version": "2",
        "ref": "สุขุมวิท",
        "route": "subway",
        "to": "Kheha",
        "type": "route",
        "website": "https://www.bts.co.th/service/timetable.html",
        "wikidata": "Q4921598",
        "wikipedia": "th:รถไฟฟ้าบีทีเอส สายสุขุมวิท"
      },
      "geometry": {
        "type": "MultiLineString",
        "coordinates": [
          [
            [
              100.6472098,
              13.9323307
            ],
            [
              100.6465376,
              13.9323475
            ],
            [
              100.6465227,
              13.9323479
            ],
            [
              100.6458622,
              13.9323643
            ],
            [
              100.6449062,
              13.9323825
            ],
            [
              100.644804,
              13.9323844
            ],
            [
              100.6444406,
              13.9323931
            ],
            [
              100.6438835,
              13.9324064
            ],
            [
              100.6435598,
              13.9324141
            ],
            [
              100.641915,
              13.9324443
            ],
            [
              100.6407534,
              13.9324842
            ],
            [
              100.6404508,
              13.9324907
            ],
            [
              100.6401687,
              13.9324831
            ],
            [
              100.6399293,
              13.9324703
            ],
            [
              100.6396861,
              13.9324495
            ],
            [
              100.6394519,
              13.9324197
            ],
            [
              100.6392075,
              13.9323811
            ],
            [
              100.6389825,
              13.9323396
            ],
            [
              100.6387717,
              13.9322942
            ],
            [
              100.6385267,
              13.9322326
            ],
            [
              100.6382593,
              13.932163
            ],
            [
              100.6380205,
              13.9320877
            ],
            [
              100.6377413,
              13.9319847
            ],
            [
              100.6374569,
              13.9318739
            ],
            [
              100.6371716,
              13.9317479
            ],
            [
              100.63701,
              13.9316658
            ],
            [
              100.6368485,
              13.9315837
            ],
            [
              100.6365957,
              13.9314507
            ],
            [
              100.6349824,
              13.9305493
            ],
            [
              100.6327518,
              13.929327
            ],
            [
              100.6302283,
              13.9279455
            ],
            [
              100.6297661,
              13.9276978
            ],
            [
              100.6290367,
              13.9273055
            ],
            [
              100.6288654,
              13.9272255
            ],
            [
              100.628702,
              13.9271499
            ],
            [
              100.6284866,
              13.9270616
            ],
            [
              100.6282742,
              13.9269804
            ],
            [
              100.628071,
              13.9269131
            ],
            [
              100.627481,
              13.9267071
            ],
            [
              100.6273148,
              13.9266458
            ],
            [
              100.6271492,
              13.9265751
            ],
            [
              100.6269948,
              13.9264907
            ],
            [
              100.6268376,
              13.9263898
            ],
            [
              100.6266895,
              13.926273
            ],
            [
              100.6265756,
              13.9261525
            ],
            [
              100.6264704,
              13.9260095
            ],
            [
              100.6263927,
              13.9259003
            ],
            [
              100.6263495,
              13.9258396
            ],
            [
              100.6262005,
              13.9255885
            ],
            [
              100.6258548,
              13.9250012
            ],
            [
              100.6251844,
              13.9238625
            ],
            [
              100.6220507,
              13.9185306
            ],
            [
              100.621714,
              13.9179618
            ],
            [
              100.6217134,
              13.9179606
            ],
            [
              100.621376,
              13.9173906
            ],
            [
              100.6177525,
              13.9112716
            ],
            [
              100.617417,
              13.9107054
            ],
            [
              100.6170874,
              13.9101478
            ],
            [
              100.6139316,
              13.9048039
            ],
            [
              100.6117369,
              13.9010823
            ],
            [
              100.6090979,
              13.896604
            ],
            [
              100.6087647,
              13.8960387
            ],
            [
              100.6084564,
              13.8955148
            ],
            [
              100.604625,
              13.8890047
            ],
            [
              100.6042877,
              13.8884414
            ],
            [
              100.6039428,
              13.8878655
            ],
            [
              100.6010818,
              13.8830034
            ],
            [
              100.6007499,
              13.8824386
            ],
            [
              100.6007439,
              13.8824283
            ],
            [
              100.6004181,
              13.8818738
            ],
            [
              100.5995817,
              13.8804503
            ],
            [
              100.5995011,
              13.8803112
            ],
            [
              100.5994275,
              13.8801652
            ],
            [
              100.5993556,
              13.8800113
            ],
            [
              100.5992907,
              13.879854
            ],
            [
              100.599234,
              13.8797099
            ],
            [
              100.5991666,
              13.879545
            ],
            [
              100.5990998,
              13.8794099
            ],
            [
              100.5990176,
              13.8792599
            ],
            [
              100.5978088,
              13.877215
            ],
            [
              100.5975835,
              13.8766968
            ],
            [
              100.597499,
              13.8764676
            ],
            [
              100.5973756,
              13.8761825
            ],
            [
              100.5972748,
              13.8759958
            ],
            [
              100.5972256,
              13.8759029
            ],
            [
              100.5968199,
              13.8752221
            ],
            [
              100.5966762,
              13.8749712
            ],
            [
              100.5964466,
              13.8745873
            ],
            [
              100.5963105,
              13.8744024
            ],
            [
              100.5961766,
              13.8742622
            ],
            [
              100.5960144,
              13.8740854
            ],
            [
              100.595881,
              13.8739203
            ],
            [
              100.5949747,
              13.872403
            ],
            [
              100.5947952,
              13.8721215
            ],
            [
              100.5946396,
              13.8719268
            ],
            [
              100.594472,
              13.8717204
            ],
            [
              100.5943303,
              13.8715212
            ],
            [
              100.5941901,
              13.8712973
            ],
            [
              100.5941074,
              13.8711596
            ],
            [
              100.5937317,
              13.8705221
            ],
            [
              100.5923221,
              13.8681305
            ],
            [
              100.5919926,
              13.8675707
            ],
            [
              100.5916561,
              13.866999
            ],
            [
              100.5908175,
              13.8655771
            ],
            [
              100.5892486,
              13.8629261
            ],
            [
              100.5859424,
              13.8573113
            ],
            [
              100.585533,
              13.8566005
            ],
            [
              100.5851985,
              13.856037
            ],
            [
              100.584864,
              13.8554734
            ],
            [
              100.5821647,
              13.850885
            ],
            [
              100.5818348,
              13.8503171
            ],
            [
              100.5815048,
              13.8497492
            ],
            [
              100.5808,
              13.8485561
            ],
            [
              100.5804754,
              13.8480166
            ],
            [
              100.5800589,
              13.8472619
            ],
            [
              100.5797145,
              13.8466796
            ],
            [
              100.5796401,
              13.8465529
            ],
            [
              100.5784423,
              13.8445131
            ],
            [
              100.5771229,
              13.8423024
            ],
            [
              100.5758188,
              13.840117
            ],
            [
              100.5739857,
              13.8369627
            ],
            [
              100.5736484,
              13.836392
            ],
            [
              100.5733111,
              13.8358212
            ],
            [
              100.57303,
              13.8353477
            ],
            [
              100.5727478,
              13.8348726
            ],
            [
              100.5705576,
              13.8311361
            ],
            [
              100.5700747,
              13.8303095
            ],
            [
              100.56974,
              13.8297378
            ],
            [
              100.5694053,
              13.8291661
            ],
            [
              100.5689829,
              13.8284401
            ],
            [
              100.5667705,
              13.8246753
            ],
            [
              100.5664414,
              13.8241136
            ],
            [
              100.5661053,
              13.82354
            ],
            [
              100.5632964,
              13.8187531
            ],
            [
              100.5632387,
              13.8186491
            ],
            [
              100.5630268,
              13.8182207
            ],
            [
              100.5628547,
              13.8178841
            ],
            [
              100.5628,
              13.8177572
            ],
            [
              100.5626945,
              13.817602
            ],
            [
              100.5625943,
              13.8174158
            ],
            [
              100.5624986,
              13.8172523
            ],
            [
              100.5621278,
              13.8166337
            ],
            [
              100.5617467,
              13.8159977
            ],
            [
              100.5615261,
              13.8156171
            ],
            [
              100.5612428,
              13.8151825
            ],
            [
              100.5609365,
              13.8147266
            ],
            [
              100.5606054,
              13.8142104
            ],
            [
              100.5598974,
              13.8131342
            ],
            [
              100.5597757,
              13.8129363
            ],
            [
              100.5597194,
              13.8128544
            ],
            [
              100.5595452,
              13.812595
            ],
            [
              100.5594212,
              13.8123961
            ],
            [
              100.5593323,
              13.8122428
            ],
            [
              100.5592326,
              13.8120523
            ],
            [
              100.5591561,
              13.8118506
            ],
            [
              100.5590951,
              13.8117113
            ],
            [
              100.5589308,
              13.8113932
            ],
            [
              100.5588246,
              13.8112182
            ],
            [
              100.5577376,
              13.80931
            ],
            [
              100.5576779,
              13.8092013
            ],
            [
              100.5576422,
              13.8091376
            ],
            [
              100.5573585,
              13.8086803
            ],
            [
              100.5572084,
              13.8084123
            ],
            [
              100.5571209,
              13.8082645
            ],
            [
              100.5569403,
              13.8079625
            ],
            [
              100.5565032,
              13.8071901
            ],
            [
              100.5563815,
              13.8069884
            ],
            [
              100.5563293,
              13.8068874
            ],
            [
              100.556167,
              13.8066176
            ],
            [
              100.5560187,
              13.8063524
            ],
            [
              100.5559114,
              13.8061655
            ],
            [
              100.5557609,
              13.8059347
            ],
            [
              100.5557266,
              13.8058821
            ],
            [
              100.555422,
              13.8053429
            ],
            [
              100.5553864,
              13.805263
            ],
            [
              100.5549783,
              13.8045535
            ],
            [
              100.5547342,
              13.8041526
            ],
            [
              100.5546952,
              13.8040887
            ],
            [
              100.5546017,
              13.8039336
            ],
            [
              100.5538115,
              13.8025983
            ],
            [
              100.5534867,
              13.8020495
            ],
            [
              100.5519077,
              13.7993404
            ],
            [
              100.5516514,
              13.7989008
            ],
            [
              100.5514299,
              13.7984349
            ],
            [
              100.551346,
              13.7982573
            ],
            [
              100.551194,
              13.7978778
            ],
            [
              100.5509735,
              13.7972731
            ],
            [
              100.5505346,
              13.7960636
            ],
            [
              100.5497245,
              13.793819
            ],
            [
              100.5494923,
              13.7931757
            ],
            [
              100.548079,
              13.7892599
            ],
            [
              100.5468757,
              13.7859043
            ],
            [
              100.5448494,
              13.7802729
            ],
            [
              100.5446403,
              13.779706
            ],
            [
              100.5444258,
              13.7791242
            ],
            [
              100.5440944,
              13.7781831
            ],
            [
              100.5439246,
              13.7776693
            ],
            [
              100.5437928,
              13.7772851
            ],
            [
              100.5437584,
              13.7771913
            ],
            [
              100.5435021,
              13.7764929
            ],
            [
              100.5430804,
              13.7753324
            ],
            [
              100.5423294,
              13.7732657
            ],
            [
              100.5420928,
              13.7726146
            ],
            [
              100.5418851,
              13.7720616
            ],
            [
              100.5415579,
              13.7711536
            ],
            [
              100.5412693,
              13.7703618
            ],
            [
              100.5411287,
              13.7700337
            ],
            [
              100.5394118,
              13.7669302
            ],
            [
              100.5391363,
              13.7664309
            ],
            [
              100.5390149,
              13.7661983
            ],
            [
              100.5389722,
              13.7660656
            ],
            [
              100.5389549,
              13.7659402
            ],
            [
              100.5389544,
              13.7658697
            ],
            [
              100.5389589,
              13.7657493
            ],
            [
              100.5389863,
              13.7656218
            ],
            [
              100.5390483,
              13.7654342
            ],
            [
              100.5391087,
              13.765231
            ],
            [
              100.539124,
              13.7651419
            ],
            [
              100.5391386,
              13.7650483
            ],
            [
              100.5391413,
              13.7649067
            ],
            [
              100.53913,
              13.7647939
            ],
            [
              100.5391056,
              13.7647001
            ],
            [
              100.5390518,
              13.7645643
            ],
            [
              100.5390043,
              13.7644848
            ],
            [
              100.5389275,
              13.7643855
            ],
            [
              100.5388353,
              13.7642907
            ],
            [
              100.5386975,
              13.7641915
            ],
            [
              100.538591,
              13.7641354
            ],
            [
              100.5384994,
              13.7641025
            ],
            [
              100.5382498,
              13.7640439
            ],
            [
              100.5381227,
              13.7640156
            ],
            [
              100.5379931,
              13.7639675
            ],
            [
              100.5378938,
              13.7639214
            ],
            [
              100.5378053,
              13.763871
            ],
            [
              100.5376907,
              13.7637755
            ],
            [
              100.537629,
              13.7637108
            ],
            [
              100.5375684,
              13.7636268
            ],
            [
              100.5375062,
              13.7635269
            ],
            [
              100.5370668,
              13.7627534
            ],
            [
              100.5367608,
              13.7621936
            ],
            [
              100.5359499,
              13.7607309
            ],
            [
              100.534434,
              13.7580109
            ],
            [
              100.5341322,
              13.7574704
            ],
            [
              100.5338497,
              13.7569678
            ],
            [
              100.5335019,
              13.7563491
            ],
            [
              100.5320369,
              13.7537336
            ],
            [
              100.5319343,
              13.7535312
            ],
            [
              100.5318743,
              13.7534112
            ],
            [
              100.5318284,
              13.7533012
            ],
            [
              100.531785,
              13.7531823
            ],
            [
              100.531744,
              13.7530271
            ],
            [
              100.5317245,
              13.7529298
            ],
            [
              100.5316661,
              13.7525528
            ],
            [
              100.5315723,
              13.7518788
            ],
            [
              100.5314751,
              13.7511992
            ],
            [
              100.531447,
              13.7510025
            ],
            [
              100.5314142,
              13.7508438
            ],
            [
              100.5313813,
              13.7507182
            ],
            [
              100.5313131,
              13.7504992
            ],
            [
              100.5312437,
              13.7502604
            ],
            [
              100.5312221,
              13.7501481
            ],
            [
              100.5308797,
              13.7477829
            ],
            [
              100.5308082,
              13.7471736
            ],
            [
              100.5307944,
              13.7469274
            ],
            [
              100.5308227,
              13.7467453
            ],
            [
              100.5308902,
              13.746598
            ],
            [
              100.5309816,
              13.7464539
            ],
            [
              100.5310761,
              13.7463509
            ],
            [
              100.5311858,
              13.7462766
            ],
            [
              100.5314203,
              13.7461709
            ],
            [
              100.5316569,
              13.7461083
            ],
            [
              100.5318745,
              13.7460697
            ],
            [
              100.5326968,
              13.7459264
            ],
            [
              100.5333051,
              13.7458562
            ],
            [
              100.5342336,
              13.7456968
            ],
            [
              100.5351907,
              13.7455324
            ],
            [
              100.5353327,
              13.7455067
            ],
            [
              100.5355235,
              13.7454565
            ],
            [
              100.5358413,
              13.7453619
            ],
            [
              100.5360673,
              13.7453099
            ],
            [
              100.5382558,
              13.7449209
            ],
            [
              100.5386456,
              13.7448539
            ],
            [
              100.5388882,
              13.7448301
            ],
            [
              100.5392196,
              13.7448151
            ],
            [
              100.5396764,
              13.7447641
            ],
            [
              100.539955,
              13.7447121
            ],
            [
              100.5401378,
              13.7446719
            ],
            [
              100.5405462,
              13.7445646
            ],
            [
              100.5407495,
              13.7445204
            ],
            [
              100.5412661,
              13.7444377
            ],
            [
              100.541828,
              13.744339
            ],
            [
              100.542469,
              13.7442237
            ],
            [
              100.5430732,
              13.7441192
            ],
            [
              100.5437425,
              13.7440035
            ],
            [
              100.5467125,
              13.7434892
            ],
            [
              100.5483001,
              13.7432094
            ],
            [
              100.5489792,
              13.7430904
            ],
            [
              100.5497012,
              13.7429638
            ],
            [
              100.5502955,
              13.742855
            ],
            [
              100.5505069,
              13.7428122
            ],
            [
              100.5510123,
              13.7426958
            ],
            [
              100.5511819,
              13.7426617
            ],
            [
              100.5514419,
              13.7426167
            ],
            [
              100.5517342,
              13.7425658
            ],
            [
              100.5519002,
              13.7425262
            ],
            [
              100.5520892,
              13.7424691
            ],
            [
              100.5523892,
              13.7423736
            ],
            [
              100.5526164,
              13.742293
            ],
            [
              100.5528845,
              13.7421839
            ],
            [
              100.553039,
              13.7421206
            ],
            [
              100.5531514,
              13.7420648
            ],
            [
              100.5533543,
              13.7419669
            ],
            [
              100.5535446,
              13.741859
            ],
            [
              100.5537757,
              13.7417238
            ],
            [
              100.5540231,
              13.7415635
            ],
            [
              100.5541769,
              13.7414541
            ],
            [
              100.5545844,
              13.7411575
            ],
            [
              100.5549445,
              13.7409039
            ],
            [
              100.5554426,
              13.7405545
            ],
            [
              100.5560119,
              13.7401551
            ],
            [
              100.5571438,
              13.7393509
            ],
            [
              100.5580175,
              13.7387302
            ],
            [
              100.5590194,
              13.7380209
            ],
            [
              100.5598183,
              13.7374578
            ],
            [
              100.5603644,
              13.7370681
            ],
            [
              100.560956,
              13.7366459
            ],
            [
              100.5610257,
              13.7365955
            ],
            [
              100.5613763,
              13.7363474
            ],
            [
              100.5618412,
              13.7360243
            ],
            [
              100.5621026,
              13.7358474
            ],
            [
              100.5625118,
              13.7355583
            ],
            [
              100.5626436,
              13.7354652
            ],
            [
              100.5627821,
              13.7353674
            ],
            [
              100.5634132,
              13.7349365
            ],
            [
              100.5643589,
              13.734271
            ],
            [
              100.5649653,
              13.7338226
            ],
            [
              100.5657728,
              13.7332597
            ],
            [
              100.5659656,
              13.7331211
            ],
            [
              100.566558,
              13.7326996
            ],
            [
              100.5676529,
              13.7319178
            ],
            [
              100.5685368,
              13.7312818
            ],
            [
              100.569132,
              13.7308634
            ],
            [
              100.5697242,
              13.730452
            ],
            [
              100.5703028,
              13.7300501
            ],
            [
              100.5708622,
              13.729656
            ],
            [
              100.5719748,
              13.7288764
            ],
            [
              100.5738137,
              13.7275878
            ],
            [
              100.5747496,
              13.7269223
            ],
            [
              100.5759043,
              13.7261089
            ],
            [
              100.5768584,
              13.7254334
            ],
            [
              100.5779599,
              13.724657
            ],
            [
              100.5785296,
              13.7242569
            ],
            [
              100.5796464,
              13.7234727
            ],
            [
              100.5810184,
              13.7224946
            ],
            [
              100.5817907,
              13.7219441
            ],
            [
              100.5834464,
              13.7207575
            ],
            [
              100.584557,
              13.7199651
            ],
            [
              100.5851283,
              13.7195515
            ],
            [
              100.5856996,
              13.719138
            ],
            [
              100.5875845,
              13.7178024
            ],
            [
              100.589255,
              13.7166205
            ],
            [
              100.5907434,
              13.7155488
            ],
            [
              100.5912483,
              13.7151891
            ],
            [
              100.5918883,
              13.7147333
            ],
            [
              100.5938554,
              13.7133457
            ],
            [
              100.5954032,
              13.7122375
            ],
            [
              100.5965912,
              13.7113851
            ],
            [
              100.5974831,
              13.7107492
            ],
            [
              100.5982177,
              13.7102285
            ],
            [
              100.5982746,
              13.7101865
            ],
            [
              100.5984388,
              13.7100655
            ],
            [
              100.5985975,
              13.7099378
            ],
            [
              100.5988485,
              13.7097003
            ],
            [
              100.5990696,
              13.709445
            ],
            [
              100.5993363,
              13.7090609
            ],
            [
              100.5995144,
              13.7087539
            ],
            [
              100.5997082,
              13.7083609
            ],
            [
              100.6007451,
              13.7062066
            ],
            [
              100.6010231,
              13.7056321
            ],
            [
              100.6013923,
              13.7048687
            ],
            [
              100.6014403,
              13.704771
            ],
            [
              100.6018135,
              13.7040101
            ],
            [
              100.6020596,
              13.7035083
            ],
            [
              100.6026054,
              13.7023922
            ],
            [
              100.6029365,
              13.7017152
            ],
            [
              100.6034391,
              13.700717
            ],
            [
              100.6040667,
              13.6994337
            ],
            [
              100.604578,
              13.6983837
            ],
            [
              100.605088,
              13.6973218
            ],
            [
              100.605357,
              13.6967721
            ],
            [
              100.6056286,
              13.6962172
            ],
            [
              100.6060986,
              13.6952654
            ],
            [
              100.6065064,
              13.6944271
            ],
            [
              100.6071298,
              13.6931473
            ],
            [
              100.6077859,
              13.6918149
            ],
            [
              100.6085077,
              13.6903371
            ],
            [
              100.6087511,
              13.6898259
            ],
            [
              100.6090144,
              13.6892886
            ],
            [
              100.6096158,
              13.6880612
            ],
            [
              100.6096831,
              13.6879139
            ],
            [
              100.6098068,
              13.6876377
            ],
            [
              100.6098845,
              13.6874489
            ],
            [
              100.6099498,
              13.6872859
            ],
            [
              100.6100284,
              13.6870628
            ],
            [
              100.6101256,
              13.686759
            ],
            [
              100.6102495,
              13.6863063
            ],
            [
              100.6103137,
              13.68603
            ],
            [
              100.6103668,
              13.6857752
            ],
            [
              100.6104028,
              13.6855673
            ],
            [
              100.6104343,
              13.6853293
            ],
            [
              100.6104827,
              13.6848737
            ],
            [
              100.6105037,
              13.6845223
            ],
            [
              100.6105111,
              13.6841342
            ],
            [
              100.6105027,
              13.6837869
            ],
            [
              100.6104933,
              13.6835394
            ],
            [
              100.6104682,
              13.6832811
            ],
            [
              100.6104306,
              13.6829632
            ],
            [
              100.6103666,
              13.6825507
            ],
            [
              100.6103081,
              13.6822666
            ],
            [
              100.6102552,
              13.6820367
            ],
            [
              100.6101318,
              13.6815672
            ],
            [
              100.6100842,
              13.6814137
            ],
            [
              100.6100229,
              13.6812256
            ],
            [
              100.6099374,
              13.6809843
            ],
            [
              100.6098696,
              13.6808103
            ],
            [
              100.6097099,
              13.6804153
            ],
            [
              100.6094903,
              13.679868
            ],
            [
              100.6092331,
              13.6792272
            ],
            [
              100.6088072,
              13.6782091
            ],
            [
              100.6081718,
              13.676644
            ],
            [
              100.6080426,
              13.6763374
            ],
            [
              100.607739,
              13.675607
            ],
            [
              100.6077007,
              13.6755095
            ],
            [
              100.6075253,
              13.6750641
            ],
            [
              100.6074353,
              13.6748199
            ],
            [
              100.6074053,
              13.6746936
            ],
            [
              100.6073615,
              13.6744726
            ],
            [
              100.6072815,
              13.6739806
            ],
            [
              100.6072278,
              13.6737353
            ],
            [
              100.6071878,
              13.6735616
            ],
            [
              100.6071365,
              13.673394
            ],
            [
              100.6071103,
              13.6733247
            ],
            [
              100.6069678,
              13.6730017
            ],
            [
              100.6069177,
              13.6729033
            ],
            [
              100.6068427,
              13.6727684
            ],
            [
              100.6065094,
              13.6722653
            ],
            [
              100.6063174,
              13.6719602
            ],
            [
              100.6062627,
              13.6718674
            ],
            [
              100.60621,
              13.6717802
            ],
            [
              100.6061114,
              13.6716005
            ],
            [
              100.60595,
              13.6712226
            ],
            [
              100.6056483,
              13.6704931
            ],
            [
              100.6054467,
              13.6699929
            ],
            [
              100.6052377,
              13.6694862
            ],
            [
              100.6049045,
              13.6686789
            ],
            [
              100.6046807,
              13.6681362
            ],
            [
              100.6043415,
              13.6673088
            ],
            [
              100.6041924,
              13.6669422
            ],
            [
              100.6040813,
              13.6666463
            ],
            [
              100.6039496,
              13.666301
            ],
            [
              100.6039126,
              13.6662036
            ],
            [
              100.6038371,
              13.6660051
            ],
            [
              100.6035792,
              13.6654012
            ],
            [
              100.6031193,
              13.6642758
            ],
            [
              100.6029738,
              13.6639294
            ],
            [
              100.6027924,
              13.6634975
            ],
            [
              100.6027417,
              13.6633801
            ],
            [
              100.6026307,
              13.6631447
            ],
            [
              100.6025454,
              13.6629422
            ],
            [
              100.6023803,
              13.6625266
            ],
            [
              100.6023437,
              13.6624359
            ],
            [
              100.6020452,
              13.6617167
            ],
            [
              100.6018252,
              13.6611796
            ],
            [
              100.6013646,
              13.6600556
            ],
            [
              100.6012232,
              13.6597145
            ],
            [
              100.6007883,
              13.6586441
            ],
            [
              100.6004738,
              13.6578706
            ],
            [
              100.6001984,
              13.6572067
            ],
            [
              100.5998132,
              13.6562679
            ],
            [
              100.598994,
              13.6542693
            ],
            [
              100.5983938,
              13.6528069
            ],
            [
              100.5978677,
              13.6515345
            ],
            [
              100.5975563,
              13.6507808
            ],
            [
              100.5972585,
              13.6500535
            ],
            [
              100.5969548,
              13.6493055
            ],
            [
              100.596512,
              13.6482315
            ],
            [
              100.5964639,
              13.6481038
            ],
            [
              100.59643,
              13.6479947
            ],
            [
              100.5963693,
              13.6477973
            ],
            [
              100.596321,
              13.647648
            ],
            [
              100.5962615,
              13.6474792
            ],
            [
              100.5961996,
              13.6473012
            ],
            [
              100.5958545,
              13.6464702
            ],
            [
              100.5956944,
              13.6460862
            ],
            [
              100.595612,
              13.6458886
            ],
            [
              100.5954713,
              13.645551
            ],
            [
              100.595234,
              13.6449922
            ],
            [
              100.595126,
              13.6447548
            ],
            [
              100.5950129,
              13.6445154
            ],
            [
              100.5949014,
              13.6442686
            ],
            [
              100.5948218,
              13.6440718
            ],
            [
              100.5946041,
              13.6435331
            ],
            [
              100.5934538,
              13.6407111
            ],
            [
              100.593338,
              13.6404272
            ],
            [
              100.5930929,
              13.6398855
            ],
            [
              100.5922982,
              13.6379279
            ],
            [
              100.5920269,
              13.6372738
            ],
            [
              100.5917518,
              13.6366109
            ],
            [
              100.5915664,
              13.6361562
            ],
            [
              100.5912578,
              13.6354035
            ],
            [
              100.591222,
              13.6353565
            ],
            [
              100.5908425,
              13.6343815
            ],
            [
              100.5907744,
              13.6342193
            ],
            [
              100.5907191,
              13.6340875
            ],
            [
              100.590591,
              13.6338026
            ],
            [
              100.5904609,
              13.6335458
            ],
            [
              100.5903601,
              13.6333708
            ],
            [
              100.590247,
              13.6331897
            ],
            [
              100.5901594,
              13.6330589
            ],
            [
              100.5900484,
              13.6329055
            ],
            [
              100.589924,
              13.6327437
            ],
            [
              100.5889502,
              13.6315806
            ],
            [
              100.5887587,
              13.6313472
            ],
            [
              100.5885778,
              13.6311139
            ],
            [
              100.5884319,
              13.6308982
            ],
            [
              100.5883105,
              13.6306917
            ],
            [
              100.5882033,
              13.6304852
            ],
            [
              100.5881104,
              13.6302678
            ],
            [
              100.5880263,
              13.630028
            ],
            [
              100.5879502,
              13.6297848
            ],
            [
              100.587888,
              13.629528
            ],
            [
              100.587847,
              13.6292589
            ],
            [
              100.5878292,
              13.6289852
            ],
            [
              100.5878227,
              13.6286949
            ],
            [
              100.587829,
              13.628467
            ],
            [
              100.5878488,
              13.6282487
            ],
            [
              100.5878796,
              13.6280234
            ],
            [
              100.5879263,
              13.6278085
            ],
            [
              100.5879634,
              13.6276458
            ],
            [
              100.5880129,
              13.627477
            ],
            [
              100.5880801,
              13.6272738
            ],
            [
              100.5901612,
              13.621541
            ],
            [
              100.5949399,
              13.6084332
            ],
            [
              100.5957282,
              13.6062536
            ],
            [
              100.596601,
              13.6038742
            ],
            [
              100.5966958,
              13.6036089
            ],
            [
              100.5967795,
              13.6033708
            ],
            [
              100.5968631,
              13.6031089
            ],
            [
              100.5969411,
              13.602838
            ],
            [
              100.5971365,
              13.602095
            ],
            [
              100.5974221,
              13.6009431
            ],
            [
              100.5974751,
              13.6007607
            ],
            [
              100.5975416,
              13.6005783
            ],
            [
              100.5975983,
              13.6004682
            ],
            [
              100.597722,
              13.6003256
            ],
            [
              100.597834,
              13.6002214
            ],
            [
              100.5980995,
              13.6000532
            ],
            [
              100.6057938,
              13.5964038
            ],
            [
              100.6063802,
              13.5961257
            ],
            [
              100.6067197,
              13.5958369
            ],
            [
              100.6069616,
              13.5955702
            ],
            [
              100.6089653,
              13.5920539
            ],
            [
              100.6089847,
              13.5920178
            ],
            [
              100.6096259,
              13.5908652
            ],
            [
              100.6097594,
              13.590587
            ],
            [
              100.6098456,
              13.5902667
            ],
            [
              100.6098642,
              13.5900419
            ],
            [
              100.6098569,
              13.5896903
            ],
            [
              100.6097852,
              13.5892773
            ],
            [
              100.6078612,
              13.5842345
            ],
            [
              100.6054668,
              13.5778721
            ],
            [
              100.6048615,
              13.5762637
            ],
            [
              100.6047603,
              13.575938
            ],
            [
              100.6047017,
              13.5756499
            ],
            [
              100.6046537,
              13.5750421
            ],
            [
              100.6047207,
              13.5743336
            ],
            [
              100.604994,
              13.5734409
            ],
            [
              100.6077264,
              13.5677061
            ]
          ],
          [
            [
              100.5598689,
              13.7375304
            ],
            [
              100.5598241,
              13.7374715
            ],
            [
              100.5609498,
              13.7366639
            ],
            [
              100.5609947,
              13.7367231
            ],
            [
              100.5598689,
              13.7375304
            ]
          ],
          [
            [
              100.554927,
              13.7410202
            ],
            [
              100.5548848,
              13.7409642
            ],
            [
              100.5560052,
              13.7401685
            ],
            [
              100.5560472,
              13.7402243
            ],
            [
              100.554927,
              13.7410202
            ]
          ]
        ]
      },
      "id": "relation/444651"
    },
    {
      "type": "Feature",
      "properties": {
        "@id": "relation/444659",
        "colour": "#1E398D",
        "from": "ท่าพระ",
        "name": "รถไฟฟ้ามหานคร สายสีน้ำเงิน",
        "name:en": "MRT Blue Line (Tha Phra → Lak Song)",
        "name:th": "รถไฟฟ้ามหานครสายสีน้ำเงิน",
        "name:zh": "曼谷地铁蓝线",
        "network": "Metropolitan Rapid Transit",
        "network:short": "MRT",
        "network:wikidata": "Q806485",
        "operator": "Bangkok Expressway and Metro Public Company Limited",
        "public_transport:version": "2",
        "ref": "MRT-BL",
        "route": "subway",
        "to": "หลักสอง",
        "type": "route",
        "wikidata": "Q2486364",
        "wikipedia": "th:รถไฟฟ้ามหานคร สายสีน้ำเงิน"
      },
      "geometry": {
        "type": "LineString",
        "coordinates": [
          [
            100.409493,
            13.710856
          ],
          [
            100.4112165,
            13.7109948
          ],
          [
            100.4118284,
            13.7110441
          ],
          [
            100.4156384,
            13.7113761
          ],
          [
            100.4157994,
            13.7113887
          ],
          [
            100.4158873,
            13.7113956
          ],
          [
            100.4197725,
            13.7117145
          ],
          [
            100.4216998,
            13.7118698
          ],
          [
            100.422275,
            13.711912
          ],
          [
            100.4223363,
            13.7119171
          ],
          [
            100.4272251,
            13.7123224
          ],
          [
            100.4288215,
            13.7124668
          ],
          [
            100.433651,
            13.7128433
          ],
          [
            100.4343319,
            13.7128979
          ],
          [
            100.4350817,
            13.7129581
          ],
          [
            100.4373901,
            13.7131221
          ],
          [
            100.4377277,
            13.713152
          ],
          [
            100.4380482,
            13.7131834
          ],
          [
            100.4383487,
            13.7132318
          ],
          [
            100.4386123,
            13.7132953
          ],
          [
            100.4388867,
            13.7133812
          ],
          [
            100.4391295,
            13.7134665
          ],
          [
            100.4397238,
            13.7136654
          ],
          [
            100.4404933,
            13.7139056
          ],
          [
            100.441236,
            13.714152
          ],
          [
            100.4413103,
            13.7141766
          ],
          [
            100.441889,
            13.7143577
          ],
          [
            100.4419688,
            13.7143838
          ],
          [
            100.4453855,
            13.7155165
          ],
          [
            100.4454535,
            13.7155384
          ],
          [
            100.4477855,
            13.7162939
          ],
          [
            100.4483117,
            13.7164692
          ],
          [
            100.4488379,
            13.7166446
          ],
          [
            100.4491324,
            13.7167395
          ],
          [
            100.4502204,
            13.7170901
          ],
          [
            100.4507443,
            13.717262
          ],
          [
            100.4512274,
            13.7174204
          ],
          [
            100.4512608,
            13.7174314
          ],
          [
            100.4517607,
            13.7175976
          ],
          [
            100.4523187,
            13.7177765
          ],
          [
            100.4527393,
            13.7179489
          ],
          [
            100.452948,
            13.7180453
          ],
          [
            100.4531977,
            13.7181743
          ],
          [
            100.4540074,
            13.7186207
          ],
          [
            100.4548747,
            13.7191007
          ],
          [
            100.4560091,
            13.719722
          ],
          [
            100.4570368,
            13.7202595
          ],
          [
            100.457666,
            13.7206232
          ],
          [
            100.4585703,
            13.7211114
          ],
          [
            100.4650861,
            13.72461
          ],
          [
            100.4651377,
            13.7246377
          ],
          [
            100.4670891,
            13.7256786
          ],
          [
            100.4673059,
            13.7257884
          ],
          [
            100.4680462,
            13.7261661
          ],
          [
            100.4687605,
            13.7265586
          ],
          [
            100.4699554,
            13.7272045
          ],
          [
            100.4706467,
            13.7275769
          ],
          [
            100.4707074,
            13.7276096
          ],
          [
            100.4709517,
            13.727743
          ],
          [
            100.4710867,
            13.7278162
          ],
          [
            100.4713799,
            13.7279979
          ],
          [
            100.4714691,
            13.7280504
          ],
          [
            100.4715594,
            13.7281137
          ],
          [
            100.471644,
            13.7281711
          ],
          [
            100.4717133,
            13.7282222
          ],
          [
            100.4718905,
            13.7283609
          ],
          [
            100.4721179,
            13.7285338
          ],
          [
            100.4722802,
            13.7286521
          ],
          [
            100.4724745,
            13.7287918
          ],
          [
            100.4726061,
            13.7288748
          ],
          [
            100.4727572,
            13.728962
          ],
          [
            100.4734301,
            13.7292965
          ],
          [
            100.4740518,
            13.7296279
          ],
          [
            100.4747504,
            13.7300047
          ],
          [
            100.4752201,
            13.7302729
          ],
          [
            100.4763568,
            13.730874
          ],
          [
            100.4767884,
            13.7310974
          ],
          [
            100.4771021,
            13.7312798
          ],
          [
            100.4773714,
            13.7314706
          ],
          [
            100.4775563,
            13.7316348
          ],
          [
            100.4776154,
            13.7316952
          ],
          [
            100.4777683,
            13.7318444
          ],
          [
            100.4787043,
            13.7332578
          ],
          [
            100.4806073,
            13.736246
          ],
          [
            100.4808664,
            13.7366776
          ],
          [
            100.4811353,
            13.7370829
          ],
          [
            100.4814258,
            13.7373838
          ],
          [
            100.4816924,
            13.7375975
          ],
          [
            100.4819373,
            13.7377562
          ],
          [
            100.4821924,
            13.7378953
          ],
          [
            100.48247,
            13.7380192
          ],
          [
            100.4827871,
            13.7381201
          ],
          [
            100.4831282,
            13.7382022
          ],
          [
            100.4834998,
            13.7382549
          ],
          [
            100.4852356,
            13.7383178
          ],
          [
            100.4857021,
            13.7383274
          ],
          [
            100.4864971,
            13.7383415
          ],
          [
            100.4902613,
            13.738469
          ],
          [
            100.4907319,
            13.7385604
          ],
          [
            100.4908153,
            13.7385766
          ],
          [
            100.4909132,
            13.7386066
          ],
          [
            100.4913533,
            13.7387416
          ],
          [
            100.4918775,
            13.7389529
          ],
          [
            100.4923171,
            13.7391741
          ],
          [
            100.492773,
            13.7394611
          ],
          [
            100.4931134,
            13.7397472
          ],
          [
            100.4932075,
            13.7398262
          ],
          [
            100.4935571,
            13.7401652
          ],
          [
            100.4938402,
            13.7405076
          ],
          [
            100.4940763,
            13.7408229
          ],
          [
            100.4942578,
            13.7411207
          ],
          [
            100.4944327,
            13.7414797
          ],
          [
            100.4945353,
            13.7417402
          ],
          [
            100.4946477,
            13.7420386
          ],
          [
            100.494766,
            13.7424677
          ],
          [
            100.4948178,
            13.7428765
          ],
          [
            100.4948295,
            13.7430415
          ],
          [
            100.4948199,
            13.7432268
          ],
          [
            100.494772,
            13.7438148
          ],
          [
            100.494692,
            13.7443341
          ],
          [
            100.4946689,
            13.7444962
          ],
          [
            100.4946334,
            13.7447452
          ],
          [
            100.4945398,
            13.745402
          ],
          [
            100.4945197,
            13.7456035
          ],
          [
            100.4945065,
            13.7458092
          ],
          [
            100.4945029,
            13.7459961
          ],
          [
            100.4945031,
            13.7461817
          ],
          [
            100.4945126,
            13.7463742
          ],
          [
            100.4945522,
            13.7465656
          ],
          [
            100.4946095,
            13.7467233
          ],
          [
            100.4947034,
            13.7468716
          ],
          [
            100.4948544,
            13.7470255
          ],
          [
            100.4950216,
            13.7471359
          ],
          [
            100.4951863,
            13.7472048
          ],
          [
            100.4953549,
            13.7472391
          ],
          [
            100.4955028,
            13.747254
          ],
          [
            100.4956933,
            13.747263
          ],
          [
            100.4958931,
            13.747279
          ],
          [
            100.4964544,
            13.7472623
          ],
          [
            100.4988385,
            13.7471536
          ],
          [
            100.5000231,
            13.7471036
          ],
          [
            100.5009145,
            13.7470595
          ],
          [
            100.5019711,
            13.7470031
          ],
          [
            100.5023028,
            13.7469811
          ],
          [
            100.5027749,
            13.7469728
          ],
          [
            100.5030749,
            13.7469549
          ],
          [
            100.5032186,
            13.7469326
          ],
          [
            100.5041826,
            13.7467234
          ],
          [
            100.5042753,
            13.7466715
          ],
          [
            100.5046861,
            13.7463488
          ],
          [
            100.505384,
            13.7458413
          ],
          [
            100.5085421,
            13.7432984
          ],
          [
            100.5099045,
            13.7422014
          ],
          [
            100.514311,
            13.7387941
          ],
          [
            100.514649,
            13.7385359
          ],
          [
            100.5149035,
            13.7383775
          ],
          [
            100.5150924,
            13.738271
          ],
          [
            100.5152947,
            13.7381749
          ],
          [
            100.5155074,
            13.7380919
          ],
          [
            100.5159486,
            13.7378902
          ],
          [
            100.5161595,
            13.7377949
          ],
          [
            100.5164532,
            13.7376737
          ],
          [
            100.5170471,
            13.7374083
          ],
          [
            100.5182908,
            13.7369444
          ],
          [
            100.5200176,
            13.7362436
          ],
          [
            100.5250331,
            13.7341792
          ],
          [
            100.5257038,
            13.733905
          ],
          [
            100.5262363,
            13.7336647
          ],
          [
            100.5267197,
            13.7334896
          ],
          [
            100.5285476,
            13.7327124
          ],
          [
            100.5301137,
            13.7320456
          ],
          [
            100.5315311,
            13.7315208
          ],
          [
            100.5321989,
            13.7312722
          ],
          [
            100.5335973,
            13.7306778
          ],
          [
            100.5339685,
            13.73052
          ],
          [
            100.5342051,
            13.7304131
          ],
          [
            100.5349168,
            13.7301055
          ],
          [
            100.5360548,
            13.7295989
          ],
          [
            100.537068,
            13.7291743
          ],
          [
            100.5399951,
            13.727962
          ],
          [
            100.5418413,
            13.7272102
          ],
          [
            100.5426628,
            13.7268616
          ],
          [
            100.5434702,
            13.7265256
          ],
          [
            100.544058,
            13.726283
          ],
          [
            100.545087,
            13.72585
          ],
          [
            100.5457184,
            13.7255938
          ],
          [
            100.5482403,
            13.7245704
          ],
          [
            100.550203,
            13.7237442
          ],
          [
            100.551888,
            13.7230164
          ],
          [
            100.5532247,
            13.7224721
          ],
          [
            100.5543059,
            13.7220528
          ],
          [
            100.5544928,
            13.7219824
          ],
          [
            100.5562518,
            13.7213198
          ],
          [
            100.5577959,
            13.7206548
          ],
          [
            100.5579822,
            13.7205944
          ],
          [
            100.5586797,
            13.720618
          ],
          [
            100.5589781,
            13.7207292
          ],
          [
            100.5593307,
            13.7208873
          ],
          [
            100.5595778,
            13.7211596
          ],
          [
            100.5596411,
            13.7212972
          ],
          [
            100.5597827,
            13.7217481
          ],
          [
            100.5600667,
            13.7226217
          ],
          [
            100.5602348,
            13.7231387
          ],
          [
            100.5603885,
            13.7237418
          ],
          [
            100.5605,
            13.7243039
          ],
          [
            100.5605723,
            13.7248689
          ],
          [
            100.5605693,
            13.7252173
          ],
          [
            100.5605241,
            13.725753
          ],
          [
            100.5604819,
            13.7261102
          ],
          [
            100.560289,
            13.7273339
          ],
          [
            100.5601413,
            13.728538
          ],
          [
            100.560054,
            13.7292167
          ],
          [
            100.5600158,
            13.7294632
          ],
          [
            100.5599666,
            13.7298371
          ],
          [
            100.5599312,
            13.7309558
          ],
          [
            100.5599312,
            13.7324669
          ],
          [
            100.5599721,
            13.7329573
          ],
          [
            100.560024,
            13.7331615
          ],
          [
            100.5601795,
            13.733477
          ],
          [
            100.5605561,
            13.7341424
          ],
          [
            100.5610171,
            13.7348788
          ],
          [
            100.5612624,
            13.7354641
          ],
          [
            100.5614495,
            13.7364601
          ],
          [
            100.5616094,
            13.7374717
          ],
          [
            100.561731,
            13.7383228
          ],
          [
            100.5618186,
            13.7391144
          ],
          [
            100.5618755,
            13.7395447
          ],
          [
            100.5619158,
            13.7399451
          ],
          [
            100.5620271,
            13.7414178
          ],
          [
            100.5621029,
            13.7425016
          ],
          [
            100.5621882,
            13.7433024
          ],
          [
            100.5622024,
            13.7434151
          ],
          [
            100.5623516,
            13.7440456
          ],
          [
            100.5627298,
            13.7457162
          ],
          [
            100.5631114,
            13.7473831
          ],
          [
            100.5633676,
            13.7486352
          ],
          [
            100.5634829,
            13.7491774
          ],
          [
            100.5639174,
            13.7512197
          ],
          [
            100.5644618,
            13.7535398
          ],
          [
            100.5648514,
            13.7554295
          ],
          [
            100.5652491,
            13.7574073
          ],
          [
            100.565499,
            13.7584902
          ],
          [
            100.565785,
            13.7595823
          ],
          [
            100.5659924,
            13.7602168
          ],
          [
            100.5661817,
            13.7606219
          ],
          [
            100.566347,
            13.7609711
          ],
          [
            100.566476,
            13.7612186
          ],
          [
            100.5666261,
            13.7614676
          ],
          [
            100.5674376,
            13.7626034
          ],
          [
            100.568331,
            13.7637408
          ],
          [
            100.5690075,
            13.7646188
          ],
          [
            100.5695778,
            13.7653083
          ],
          [
            100.570037,
            13.7659022
          ],
          [
            100.5701929,
            13.7661039
          ],
          [
            100.5708792,
            13.7669918
          ],
          [
            100.5714518,
            13.7677288
          ],
          [
            100.5718014,
            13.7681797
          ],
          [
            100.572258,
            13.7687625
          ],
          [
            100.5724809,
            13.7690843
          ],
          [
            100.5726941,
            13.7694311
          ],
          [
            100.5728278,
            13.7696931
          ],
          [
            100.5730973,
            13.7703706
          ],
          [
            100.573232,
            13.7709355
          ],
          [
            100.573269,
            13.7711092
          ],
          [
            100.5732922,
            13.7713354
          ],
          [
            100.5733619,
            13.7723568
          ],
          [
            100.5734202,
            13.7739604
          ],
          [
            100.5735363,
            13.7762725
          ],
          [
            100.5736593,
            13.7786753
          ],
          [
            100.5737573,
            13.7807196
          ],
          [
            100.5738234,
            13.7819188
          ],
          [
            100.5739099,
            13.7843016
          ],
          [
            100.5740056,
            13.7861335
          ],
          [
            100.5740899,
            13.7878747
          ],
          [
            100.5741785,
            13.7897865
          ],
          [
            100.5742759,
            13.7920316
          ],
          [
            100.5743844,
            13.7942467
          ],
          [
            100.5744752,
            13.7959907
          ],
          [
            100.5745815,
            13.798225
          ],
          [
            100.5746368,
            13.7994465
          ],
          [
            100.574796,
            13.8025515
          ],
          [
            100.574864,
            13.8043988
          ],
          [
            100.5748427,
            13.804539
          ],
          [
            100.5747892,
            13.8047181
          ],
          [
            100.5746448,
            13.8049985
          ],
          [
            100.5745138,
            13.8053023
          ],
          [
            100.5741903,
            13.8056866
          ],
          [
            100.5739444,
            13.8059124
          ],
          [
            100.5737171,
            13.8060682
          ],
          [
            100.5730862,
            13.806455
          ],
          [
            100.5722226,
            13.8069328
          ],
          [
            100.5709791,
            13.8076005
          ],
          [
            100.5693172,
            13.8085614
          ],
          [
            100.5673529,
            13.8096392
          ],
          [
            100.5646461,
            13.8111677
          ],
          [
            100.5636673,
            13.8117121
          ],
          [
            100.56236,
            13.8124562
          ],
          [
            100.5609662,
            13.8132754
          ],
          [
            100.5604731,
            13.813548
          ],
          [
            100.5598551,
            13.8138961
          ],
          [
            100.5596632,
            13.81393
          ],
          [
            100.5593144,
            13.8139385
          ],
          [
            100.5589482,
            13.8138566
          ],
          [
            100.5586982,
            13.8137606
          ],
          [
            100.5583116,
            13.8135264
          ],
          [
            100.5581343,
            13.8133542
          ],
          [
            100.5578756,
            13.8129675
          ],
          [
            100.5577158,
            13.812609
          ],
          [
            100.5576111,
            13.8123013
          ],
          [
            100.557146,
            13.8103368
          ],
          [
            100.5570036,
            13.8099868
          ],
          [
            100.5567304,
            13.8093658
          ],
          [
            100.5563089,
            13.8083524
          ],
          [
            100.5558555,
            13.8075254
          ],
          [
            100.5552887,
            13.8065318
          ],
          [
            100.5546954,
            13.8055269
          ],
          [
            100.5541245,
            13.8045176
          ],
          [
            100.5533952,
            13.8032701
          ],
          [
            100.5528109,
            13.8022869
          ],
          [
            100.5523114,
            13.801466
          ],
          [
            100.5519175,
            13.8007794
          ],
          [
            100.5510425,
            13.7992805
          ],
          [
            100.5507216,
            13.798939
          ],
          [
            100.5503652,
            13.7985692
          ],
          [
            100.5499092,
            13.7983693
          ],
          [
            100.5492202,
            13.7981139
          ],
          [
            100.5485411,
            13.7980803
          ],
          [
            100.5467736,
            13.7979806
          ],
          [
            100.5465874,
            13.7980129
          ],
          [
            100.5461109,
            13.7981764
          ],
          [
            100.5459211,
            13.7983406
          ],
          [
            100.5455895,
            13.7989569
          ],
          [
            100.5449676,
            13.8001228
          ],
          [
            100.5447231,
            13.8005448
          ],
          [
            100.5446647,
            13.8006279
          ],
          [
            100.5445881,
            13.8006972
          ],
          [
            100.5445379,
            13.8007434
          ],
          [
            100.5444797,
            13.8007973
          ],
          [
            100.5443925,
            13.8008551
          ],
          [
            100.5442429,
            13.8009379
          ],
          [
            100.5437845,
            13.8011627
          ],
          [
            100.5419369,
            13.8020512
          ],
          [
            100.5410596,
            13.802427
          ],
          [
            100.5380429,
            13.8037882
          ],
          [
            100.5374079,
            13.8041
          ],
          [
            100.5363874,
            13.8046832
          ],
          [
            100.5358293,
            13.8049821
          ],
          [
            100.5355761,
            13.805105
          ],
          [
            100.5352123,
            13.805257
          ],
          [
            100.5350054,
            13.805338
          ],
          [
            100.5343114,
            13.8055816
          ],
          [
            100.5336426,
            13.8057684
          ],
          [
            100.5333659,
            13.8058321
          ],
          [
            100.5331822,
            13.8058704
          ],
          [
            100.5318641,
            13.8060503
          ],
          [
            100.5316986,
            13.8060666
          ],
          [
            100.5307757,
            13.806198
          ],
          [
            100.5299932,
            13.8063042
          ],
          [
            100.5293615,
            13.8063944
          ],
          [
            100.5291475,
            13.8064132
          ],
          [
            100.5289361,
            13.8064207
          ],
          [
            100.5287133,
            13.8064247
          ],
          [
            100.5274931,
            13.80643
          ],
          [
            100.5272374,
            13.8064311
          ],
          [
            100.5254636,
            13.8064389
          ],
          [
            100.5240133,
            13.8064407
          ],
          [
            100.5219856,
            13.806446
          ],
          [
            100.5210262,
            13.8064497
          ],
          [
            100.5202016,
            13.8064529
          ],
          [
            100.5199445,
            13.8064407
          ],
          [
            100.5197762,
            13.8064214
          ],
          [
            100.5193852,
            13.8063208
          ],
          [
            100.5189322,
            13.8061998
          ],
          [
            100.5173836,
            13.8058135
          ],
          [
            100.5165693,
            13.8056152
          ],
          [
            100.5150231,
            13.8052185
          ],
          [
            100.5138458,
            13.8049088
          ],
          [
            100.5135907,
            13.8048134
          ],
          [
            100.5134028,
            13.8047179
          ],
          [
            100.5130218,
            13.804502
          ],
          [
            100.5125599,
            13.8042077
          ],
          [
            100.5123831,
            13.8040736
          ],
          [
            100.5121744,
            13.8038842
          ],
          [
            100.5120209,
            13.8036997
          ],
          [
            100.511918,
            13.8035414
          ],
          [
            100.5118404,
            13.8033877
          ],
          [
            100.5117581,
            13.8031955
          ],
          [
            100.5117011,
            13.8029911
          ],
          [
            100.5116521,
            13.8027528
          ],
          [
            100.5115238,
            13.8020626
          ],
          [
            100.5114241,
            13.801666
          ],
          [
            100.5113402,
            13.8014155
          ],
          [
            100.5112493,
            13.8011875
          ],
          [
            100.5110923,
            13.8008485
          ],
          [
            100.5109984,
            13.8006847
          ],
          [
            100.5108954,
            13.8005277
          ],
          [
            100.5105766,
            13.8000814
          ],
          [
            100.5097597,
            13.7990007
          ],
          [
            100.5093273,
            13.7984287
          ],
          [
            100.5078977,
            13.7964931
          ],
          [
            100.5060619,
            13.794033
          ],
          [
            100.5048593,
            13.7924196
          ],
          [
            100.5041733,
            13.7914993
          ],
          [
            100.5040046,
            13.7912707
          ],
          [
            100.5034449,
            13.7905274
          ],
          [
            100.5033191,
            13.7903807
          ],
          [
            100.5031237,
            13.7901766
          ],
          [
            100.5029209,
            13.7899911
          ],
          [
            100.5027151,
            13.7898229
          ],
          [
            100.502536,
            13.7896906
          ],
          [
            100.5023761,
            13.7895813
          ],
          [
            100.5019355,
            13.7893068
          ],
          [
            100.5018638,
            13.7892621
          ],
          [
            100.5002592,
            13.7882662
          ],
          [
            100.4993107,
            13.7876716
          ],
          [
            100.4988047,
            13.7873544
          ],
          [
            100.4948178,
            13.7848415
          ],
          [
            100.4933056,
            13.7838927
          ],
          [
            100.4926931,
            13.7835084
          ],
          [
            100.4914836,
            13.7827374
          ],
          [
            100.4913195,
            13.7826349
          ],
          [
            100.4902496,
            13.7819664
          ],
          [
            100.4887765,
            13.7810407
          ],
          [
            100.4880782,
            13.7805838
          ],
          [
            100.4878854,
            13.7804308
          ],
          [
            100.4877593,
            13.7803224
          ],
          [
            100.4876045,
            13.78018
          ],
          [
            100.4875017,
            13.7800791
          ],
          [
            100.4872736,
            13.7798196
          ],
          [
            100.4866353,
            13.7790723
          ],
          [
            100.4858668,
            13.7781617
          ],
          [
            100.4852308,
            13.7774131
          ],
          [
            100.4847648,
            13.7768645
          ],
          [
            100.484356,
            13.7763286
          ],
          [
            100.4834199,
            13.7750374
          ],
          [
            100.4831141,
            13.7745597
          ],
          [
            100.483005,
            13.7743985
          ],
          [
            100.4828989,
            13.7742626
          ],
          [
            100.4822914,
            13.7735474
          ],
          [
            100.4817053,
            13.7728476
          ],
          [
            100.4813233,
            13.7723949
          ],
          [
            100.4811289,
            13.7721582
          ],
          [
            100.4809461,
            13.7719797
          ],
          [
            100.4804906,
            13.7715843
          ],
          [
            100.4803572,
            13.7714509
          ],
          [
            100.4800264,
            13.7710892
          ],
          [
            100.4793968,
            13.7704045
          ],
          [
            100.4788166,
            13.7697733
          ],
          [
            100.4782065,
            13.7690975
          ],
          [
            100.4768119,
            13.7674811
          ],
          [
            100.4758325,
            13.7663264
          ],
          [
            100.4754017,
            13.7658232
          ],
          [
            100.4739179,
            13.7640902
          ],
          [
            100.4732739,
            13.7633437
          ],
          [
            100.4728332,
            13.762833
          ],
          [
            100.4720586,
            13.7619007
          ],
          [
            100.4718484,
            13.7616533
          ],
          [
            100.4708366,
            13.7604626
          ],
          [
            100.4697105,
            13.7591326
          ],
          [
            100.469582,
            13.7589563
          ],
          [
            100.46947,
            13.7587535
          ],
          [
            100.4693823,
            13.7585728
          ],
          [
            100.4693158,
            13.7584186
          ],
          [
            100.4692749,
            13.7582805
          ],
          [
            100.4692311,
            13.7580983
          ],
          [
            100.4692013,
            13.7579391
          ],
          [
            100.4691683,
            13.7577285
          ],
          [
            100.4691591,
            13.757559
          ],
          [
            100.4691627,
            13.757427
          ],
          [
            100.4692122,
            13.7567762
          ],
          [
            100.4692992,
            13.755796
          ],
          [
            100.469577,
            13.7526685
          ],
          [
            100.469853,
            13.7495725
          ],
          [
            100.4700344,
            13.7475947
          ],
          [
            100.4702732,
            13.7448573
          ],
          [
            100.4705695,
            13.7415463
          ],
          [
            100.470688,
            13.7401792
          ],
          [
            100.4706892,
            13.7401655
          ],
          [
            100.4707353,
            13.7396341
          ],
          [
            100.4709375,
            13.7374333
          ],
          [
            100.471075,
            13.7359648
          ],
          [
            100.4711083,
            13.7357908
          ],
          [
            100.4712125,
            13.7353588
          ],
          [
            100.47131,
            13.7350624
          ],
          [
            100.4713705,
            13.7349069
          ],
          [
            100.4716161,
            13.7343771
          ],
          [
            100.4722566,
            13.7331153
          ],
          [
            100.4725801,
            13.7324884
          ],
          [
            100.4727164,
            13.732153
          ],
          [
            100.4728079,
            13.7319255
          ],
          [
            100.472904,
            13.731703
          ],
          [
            100.472967,
            13.7315604
          ],
          [
            100.4731345,
            13.7312446
          ],
          [
            100.4734972,
            13.7305339
          ],
          [
            100.4739662,
            13.7296093
          ]
        ]
      },
      "id": "relation/444659"
    },
    {
      "type": "Feature",
      "properties": {
        "@id": "relation/2067854",
        "colour": "#02817D",
        "name": "รถไฟฟ้าบีทีเอส สายสีลม (สนามกีฬาแห่งชาติ → บางหว้า)",
        "name:en": "BTS Silom Line (National Stadium → Bang Wa)",
        "name:th": "รถไฟฟ้าบีทีเอส สายสีลม (สนามกีฬาแห่งชาติ → บางหว้า)",
        "network": "รถไฟฟ้าบีทีเอส",
        "network:en": "BTS Skytrain",
        "network:short": "BTS",
        "network:th": "รถไฟฟ้าบีทีเอส",
        "network:wikidata": "Q806501",
        "operator": "ระบบขนส่งมวลชนกรุงเทพ",
        "operator:en": "Bangkok Mass Transit System;BTSC",
        "public_transport:version": "2",
        "ref": "สีลม",
        "route": "subway",
        "type": "route",
        "wikidata": "Q2634702",
        "wikipedia": "th:รถไฟฟ้าบีทีเอส สายสีลม"
      },
      "geometry": {
        "type": "LineString",
        "coordinates": [
          [
            100.4576618,
            13.721761
          ],
          [
            100.4576992,
            13.7215259
          ],
          [
            100.4578054,
            13.7207956
          ],
          [
            100.4579133,
            13.7200604
          ],
          [
            100.4580606,
            13.7190264
          ],
          [
            100.4581103,
            13.7187583
          ],
          [
            100.4581514,
            13.7184692
          ],
          [
            100.4581963,
            13.7182739
          ],
          [
            100.4582357,
            13.7181247
          ],
          [
            100.4582696,
            13.7180115
          ],
          [
            100.458336,
            13.7178131
          ],
          [
            100.4584433,
            13.7175763
          ],
          [
            100.4584848,
            13.7174798
          ],
          [
            100.4586075,
            13.7172631
          ],
          [
            100.4588299,
            13.7169468
          ],
          [
            100.4589917,
            13.7167257
          ],
          [
            100.4592106,
            13.7164305
          ],
          [
            100.4593912,
            13.7161884
          ],
          [
            100.4596345,
            13.7158574
          ],
          [
            100.4598456,
            13.7156083
          ],
          [
            100.4600563,
            13.7154099
          ],
          [
            100.4602857,
            13.7152251
          ],
          [
            100.4604963,
            13.7150876
          ],
          [
            100.4606632,
            13.7149871
          ],
          [
            100.4608136,
            13.7149072
          ],
          [
            100.461007,
            13.7148279
          ],
          [
            100.4611999,
            13.7147627
          ],
          [
            100.4613773,
            13.7147143
          ],
          [
            100.4615313,
            13.7146733
          ],
          [
            100.4617518,
            13.7146222
          ],
          [
            100.4618762,
            13.7145877
          ],
          [
            100.462159,
            13.7145165
          ],
          [
            100.462555,
            13.7144242
          ],
          [
            100.4626772,
            13.7143933
          ],
          [
            100.4629919,
            13.7143146
          ],
          [
            100.4632525,
            13.7142687
          ],
          [
            100.4633963,
            13.714253
          ],
          [
            100.4636598,
            13.714245
          ],
          [
            100.4638606,
            13.7142474
          ],
          [
            100.4642135,
            13.7142804
          ],
          [
            100.464666,
            13.7143249
          ],
          [
            100.4648466,
            13.7143387
          ],
          [
            100.4650444,
            13.7143385
          ],
          [
            100.4652192,
            13.7143379
          ],
          [
            100.4654073,
            13.7143238
          ],
          [
            100.4656068,
            13.7143015
          ],
          [
            100.4657884,
            13.7142671
          ],
          [
            100.4660356,
            13.7142103
          ],
          [
            100.4662294,
            13.7141597
          ],
          [
            100.466426,
            13.7140865
          ],
          [
            100.4672966,
            13.7137329
          ],
          [
            100.4674804,
            13.713649
          ],
          [
            100.4678216,
            13.7134942
          ],
          [
            100.4682257,
            13.7133248
          ],
          [
            100.4689201,
            13.7130504
          ],
          [
            100.4695944,
            13.7127839
          ],
          [
            100.4700888,
            13.7125848
          ],
          [
            100.4704555,
            13.712464
          ],
          [
            100.4708403,
            13.7123786
          ],
          [
            100.4710622,
            13.7123294
          ],
          [
            100.4712596,
            13.7122859
          ],
          [
            100.4715839,
            13.712219
          ],
          [
            100.4717827,
            13.7121983
          ],
          [
            100.472073,
            13.7121891
          ],
          [
            100.4723117,
            13.712195
          ],
          [
            100.4726663,
            13.7122243
          ],
          [
            100.4729676,
            13.7122591
          ],
          [
            100.4732465,
            13.7123023
          ],
          [
            100.4734932,
            13.7123753
          ],
          [
            100.4738205,
            13.7125108
          ],
          [
            100.4743352,
            13.71279
          ],
          [
            100.4745828,
            13.7129379
          ],
          [
            100.4747465,
            13.7130477
          ],
          [
            100.4748826,
            13.7131422
          ],
          [
            100.4750551,
            13.7132631
          ],
          [
            100.4753274,
            13.7134637
          ],
          [
            100.4754783,
            13.7135631
          ],
          [
            100.4756739,
            13.7136906
          ],
          [
            100.4758082,
            13.7137596
          ],
          [
            100.476036,
            13.7138915
          ],
          [
            100.4766775,
            13.7142443
          ],
          [
            100.477783,
            13.7148524
          ],
          [
            100.4786636,
            13.7153826
          ],
          [
            100.4788694,
            13.7155042
          ],
          [
            100.4790734,
            13.7156407
          ],
          [
            100.4792068,
            13.7157371
          ],
          [
            100.4795195,
            13.7160043
          ],
          [
            100.479605,
            13.7160852
          ],
          [
            100.47981,
            13.7162765
          ],
          [
            100.4799712,
            13.7164158
          ],
          [
            100.4800457,
            13.7164816
          ],
          [
            100.4801187,
            13.716543
          ],
          [
            100.4801916,
            13.7166045
          ],
          [
            100.4803036,
            13.7166847
          ],
          [
            100.480423,
            13.7167632
          ],
          [
            100.4806532,
            13.7168965
          ],
          [
            100.4810282,
            13.7171111
          ],
          [
            100.4815673,
            13.717408
          ],
          [
            100.4831046,
            13.7182495
          ],
          [
            100.4834297,
            13.7184227
          ],
          [
            100.4836131,
            13.7185207
          ],
          [
            100.4838458,
            13.7186334
          ],
          [
            100.4842213,
            13.718793
          ],
          [
            100.4845186,
            13.7188972
          ],
          [
            100.4847986,
            13.7189847
          ],
          [
            100.4850333,
            13.7190478
          ],
          [
            100.4852681,
            13.7191027
          ],
          [
            100.4859652,
            13.7192674
          ],
          [
            100.486683,
            13.7194369
          ],
          [
            100.4869387,
            13.7194941
          ],
          [
            100.4871903,
            13.7195637
          ],
          [
            100.4875958,
            13.7197011
          ],
          [
            100.4880149,
            13.7198603
          ],
          [
            100.4887593,
            13.7201238
          ],
          [
            100.4892495,
            13.7203036
          ],
          [
            100.4896546,
            13.7204304
          ],
          [
            100.4898446,
            13.7204911
          ],
          [
            100.4901105,
            13.7205525
          ],
          [
            100.4904953,
            13.7206288
          ],
          [
            100.4910929,
            13.7207288
          ],
          [
            100.4911549,
            13.7207382
          ],
          [
            100.4921655,
            13.7208907
          ],
          [
            100.4927751,
            13.7209931
          ],
          [
            100.4932825,
            13.7210456
          ],
          [
            100.4938474,
            13.7210866
          ],
          [
            100.4941186,
            13.7210942
          ],
          [
            100.4943687,
            13.7211013
          ],
          [
            100.49457,
            13.7211038
          ],
          [
            100.4951556,
            13.7211086
          ],
          [
            100.4958058,
            13.7211141
          ],
          [
            100.4962547,
            13.7211157
          ],
          [
            100.4966359,
            13.7211031
          ],
          [
            100.4976516,
            13.7210787
          ],
          [
            100.4983242,
            13.7210626
          ],
          [
            100.5005204,
            13.7210124
          ],
          [
            100.50197,
            13.720973
          ],
          [
            100.5027177,
            13.7209558
          ],
          [
            100.5027299,
            13.7209555
          ],
          [
            100.5032779,
            13.7209422
          ],
          [
            100.504114,
            13.7209237
          ],
          [
            100.5043599,
            13.7209127
          ],
          [
            100.5046508,
            13.720898
          ],
          [
            100.5049899,
            13.72087
          ],
          [
            100.505341,
            13.7208346
          ],
          [
            100.5057641,
            13.7207816
          ],
          [
            100.5061337,
            13.720727
          ],
          [
            100.5064773,
            13.7206714
          ],
          [
            100.5068105,
            13.7206091
          ],
          [
            100.5071736,
            13.7205339
          ],
          [
            100.5079685,
            13.7203479
          ],
          [
            100.5118137,
            13.7194175
          ],
          [
            100.5119307,
            13.7193889
          ],
          [
            100.5128175,
            13.7191717
          ],
          [
            100.5131003,
            13.7191007
          ],
          [
            100.514223,
            13.7188128
          ],
          [
            100.5146969,
            13.718694
          ],
          [
            100.5158965,
            13.7183775
          ],
          [
            100.5161999,
            13.718252
          ],
          [
            100.5162833,
            13.7182295
          ],
          [
            100.5165778,
            13.71815
          ],
          [
            100.5166714,
            13.7181266
          ],
          [
            100.5167911,
            13.7180985
          ],
          [
            100.516906,
            13.7180827
          ],
          [
            100.517033,
            13.7180736
          ],
          [
            100.5171556,
            13.7180737
          ],
          [
            100.5172417,
            13.7180816
          ],
          [
            100.5173152,
            13.7180864
          ],
          [
            100.5174466,
            13.7181089
          ],
          [
            100.5175981,
            13.7181368
          ],
          [
            100.5178283,
            13.7181953
          ],
          [
            100.5185281,
            13.7183849
          ],
          [
            100.5200663,
            13.7188303
          ],
          [
            100.5208814,
            13.7190731
          ],
          [
            100.5214721,
            13.7192502
          ],
          [
            100.5220627,
            13.7194273
          ],
          [
            100.5223889,
            13.7195235
          ],
          [
            100.5246629,
            13.7201943
          ],
          [
            100.5260184,
            13.7205905
          ],
          [
            100.526694,
            13.7207968
          ],
          [
            100.5273656,
            13.7209906
          ],
          [
            100.5279554,
            13.7211653
          ],
          [
            100.5282625,
            13.7212541
          ],
          [
            100.5284126,
            13.7212901
          ],
          [
            100.5285694,
            13.721322
          ],
          [
            100.529066,
            13.7213835
          ],
          [
            100.5292422,
            13.7214036
          ],
          [
            100.5293976,
            13.7214444
          ],
          [
            100.5295493,
            13.7214995
          ],
          [
            100.5296858,
            13.721581
          ],
          [
            100.5297839,
            13.721669
          ],
          [
            100.5298732,
            13.721774
          ],
          [
            100.5299412,
            13.7218766
          ],
          [
            100.5299916,
            13.7219864
          ],
          [
            100.5300306,
            13.7221366
          ],
          [
            100.5300465,
            13.7222394
          ],
          [
            100.5300395,
            13.7223926
          ],
          [
            100.5300078,
            13.7225402
          ],
          [
            100.5299761,
            13.7226339
          ],
          [
            100.5296688,
            13.723196
          ],
          [
            100.5293527,
            13.7237942
          ],
          [
            100.529348,
            13.7238031
          ],
          [
            100.5290363,
            13.724404
          ],
          [
            100.5289174,
            13.7246033
          ],
          [
            100.5288263,
            13.7247359
          ],
          [
            100.5287475,
            13.7248403
          ],
          [
            100.5286524,
            13.7249497
          ],
          [
            100.528461,
            13.7251453
          ],
          [
            100.5283663,
            13.7252607
          ],
          [
            100.5282973,
            13.7253601
          ],
          [
            100.5282335,
            13.7254888
          ],
          [
            100.5281992,
            13.7256098
          ],
          [
            100.5281815,
            13.7257113
          ],
          [
            100.5281764,
            13.7258122
          ],
          [
            100.5281847,
            13.7259076
          ],
          [
            100.5282021,
            13.726003
          ],
          [
            100.5282513,
            13.7261359
          ],
          [
            100.5283239,
            13.7262666
          ],
          [
            100.5284068,
            13.7263744
          ],
          [
            100.5284884,
            13.7264483
          ],
          [
            100.5286026,
            13.7265321
          ],
          [
            100.528717,
            13.7265892
          ],
          [
            100.5289346,
            13.7266603
          ],
          [
            100.5293036,
            13.7267491
          ],
          [
            100.5343447,
            13.7285512
          ],
          [
            100.5352673,
            13.7288762
          ],
          [
            100.5357455,
            13.7290464
          ],
          [
            100.5358507,
            13.7290864
          ],
          [
            100.5359614,
            13.7291475
          ],
          [
            100.5360456,
            13.7292001
          ],
          [
            100.53611,
            13.7292522
          ],
          [
            100.5361824,
            13.7293122
          ],
          [
            100.5362436,
            13.7293701
          ],
          [
            100.5366611,
            13.7299457
          ],
          [
            100.5368582,
            13.7302414
          ],
          [
            100.5370015,
            13.7304957
          ],
          [
            100.537164,
            13.7308269
          ],
          [
            100.5376698,
            13.7321798
          ],
          [
            100.5384088,
            13.7340413
          ],
          [
            100.53867,
            13.7347145
          ],
          [
            100.5387487,
            13.7349576
          ],
          [
            100.5388161,
            13.7351956
          ],
          [
            100.5388456,
            13.7353339
          ],
          [
            100.5390023,
            13.7363367
          ],
          [
            100.5394654,
            13.739454
          ],
          [
            100.539468,
            13.7394705
          ],
          [
            100.5397371,
            13.7411717
          ],
          [
            100.5397649,
            13.7413408
          ],
          [
            100.5399663,
            13.7425932
          ],
          [
            100.5400831,
            13.743171
          ],
          [
            100.540235,
            13.7436778
          ],
          [
            100.5402773,
            13.7438795
          ],
          [
            100.5402754,
            13.7440241
          ],
          [
            100.54026,
            13.7441383
          ],
          [
            100.5402308,
            13.7442314
          ],
          [
            100.5401899,
            13.7443292
          ],
          [
            100.5401334,
            13.7444183
          ],
          [
            100.5399967,
            13.7445664
          ],
          [
            100.5398481,
            13.7446624
          ],
          [
            100.5396895,
            13.7447162
          ],
          [
            100.53946,
            13.7447558
          ],
          [
            100.5392149,
            13.7447826
          ],
          [
            100.5386388,
            13.7448156
          ],
          [
            100.53825,
            13.7448772
          ],
          [
            100.5360582,
            13.745265
          ],
          [
            100.5356678,
            13.7453251
          ],
          [
            100.5353165,
            13.7453668
          ],
          [
            100.5351462,
            13.745393
          ],
          [
            100.5342076,
            13.7455583
          ],
          [
            100.5332901,
            13.7457146
          ],
          [
            100.5326602,
            13.7458775
          ],
          [
            100.5324316,
            13.7459228
          ],
          [
            100.5316137,
            13.746064
          ],
          [
            100.5314327,
            13.746102
          ],
          [
            100.5311036,
            13.7461722
          ],
          [
            100.5309348,
            13.7462024
          ],
          [
            100.5302842,
            13.7463189
          ],
          [
            100.5300497,
            13.7463578
          ],
          [
            100.5290896,
            13.7465319
          ]
        ]
      },
      "id": "relation/2067854"
    },
    {
      "type": "Feature",
      "properties": {
        "@id": "relation/6988563",
        "colour": "#893B90",
        "from": "คลองบางไผ่",
        "name": "รถไฟฟ้ามหานคร สายสีม่วง (คลองบางไผ่ → เตาปูน)",
        "name:en": "MRT Purple Line (Khlong Bang Phai → Tao Poon)",
        "name:th": "รถไฟฟ้ามหานคร สายสีม่วง (คลองบางไผ่ → เตาปูน)",
        "network": "Metropolitan Rapid Transit",
        "network:short": "MRT",
        "network:wikidata": "Q806485",
        "operator": "Bangkok Expressway and Metro Public Company Limited",
        "public_transport:version": "2",
        "ref": "MRT Purple",
        "route": "subway",
        "to": "เตาปูน",
        "type": "route",
        "wikidata": "Q6584549",
        "wikipedia": "en:MRT Purple Line"
      },
      "geometry": {
        "type": "LineString",
        "coordinates": [
          [
            100.4081611,
            13.8937545
          ],
          [
            100.4081962,
            13.8933814
          ],
          [
            100.4082849,
            13.8924405
          ],
          [
            100.408381,
            13.8914213
          ],
          [
            100.4084343,
            13.8904126
          ],
          [
            100.4090036,
            13.8843507
          ],
          [
            100.409127,
            13.8830375
          ],
          [
            100.40927,
            13.8819349
          ],
          [
            100.409354,
            13.8810184
          ],
          [
            100.4095623,
            13.8787469
          ],
          [
            100.4095895,
            13.878432
          ],
          [
            100.4096332,
            13.8781197
          ],
          [
            100.4097075,
            13.8777715
          ],
          [
            100.4098014,
            13.8774832
          ],
          [
            100.4099419,
            13.8771576
          ],
          [
            100.4100782,
            13.8768853
          ],
          [
            100.410239,
            13.8766212
          ],
          [
            100.4104465,
            13.8763323
          ],
          [
            100.4106512,
            13.8760937
          ],
          [
            100.410893,
            13.8758604
          ],
          [
            100.4113045,
            13.8755299
          ],
          [
            100.4117228,
            13.8752697
          ],
          [
            100.41233,
            13.8749743
          ],
          [
            100.4127652,
            13.8748002
          ],
          [
            100.4132802,
            13.8746447
          ],
          [
            100.4137309,
            13.8745383
          ],
          [
            100.4142295,
            13.8744518
          ],
          [
            100.4145505,
            13.8744206
          ],
          [
            100.4149149,
            13.8744009
          ],
          [
            100.4152382,
            13.8743971
          ],
          [
            100.4157152,
            13.8744235
          ],
          [
            100.4172159,
            13.8745342
          ],
          [
            100.4183582,
            13.8746615
          ],
          [
            100.4193571,
            13.8747373
          ],
          [
            100.4203259,
            13.8748109
          ],
          [
            100.4206228,
            13.8748295
          ],
          [
            100.4213994,
            13.8748518
          ],
          [
            100.4315708,
            13.8756241
          ],
          [
            100.4323526,
            13.875714
          ],
          [
            100.4337979,
            13.8758237
          ],
          [
            100.4351239,
            13.8759244
          ],
          [
            100.4359859,
            13.8759592
          ],
          [
            100.4427083,
            13.8764696
          ],
          [
            100.4436126,
            13.8765716
          ],
          [
            100.4439875,
            13.8765993
          ],
          [
            100.4449336,
            13.8766694
          ],
          [
            100.4458682,
            13.8767386
          ],
          [
            100.4461671,
            13.8767628
          ],
          [
            100.4469802,
            13.8767843
          ],
          [
            100.4482295,
            13.876872
          ],
          [
            100.4488187,
            13.8768806
          ],
          [
            100.4494024,
            13.8768651
          ],
          [
            100.4499348,
            13.8768289
          ],
          [
            100.4504721,
            13.8767714
          ],
          [
            100.451091,
            13.8766656
          ],
          [
            100.4517252,
            13.8765283
          ],
          [
            100.4523354,
            13.8763639
          ],
          [
            100.4529916,
            13.8761631
          ],
          [
            100.4536031,
            13.8759272
          ],
          [
            100.4541922,
            13.8756723
          ],
          [
            100.4551308,
            13.8752531
          ],
          [
            100.4559982,
            13.8748656
          ],
          [
            100.456854,
            13.8744834
          ],
          [
            100.4572343,
            13.8743072
          ],
          [
            100.4577743,
            13.8740279
          ],
          [
            100.4623651,
            13.8719887
          ],
          [
            100.4635832,
            13.8714541
          ],
          [
            100.4641945,
            13.8712355
          ],
          [
            100.4645015,
            13.8711407
          ],
          [
            100.4648157,
            13.8710566
          ],
          [
            100.4657939,
            13.8708064
          ],
          [
            100.4667109,
            13.8705727
          ],
          [
            100.4676213,
            13.8703406
          ],
          [
            100.4686355,
            13.870088
          ],
          [
            100.4692974,
            13.869924
          ],
          [
            100.4699789,
            13.8697955
          ],
          [
            100.4706254,
            13.8697075
          ],
          [
            100.4709965,
            13.8696793
          ],
          [
            100.4714921,
            13.8696632
          ],
          [
            100.4719176,
            13.8696575
          ],
          [
            100.4723184,
            13.8696728
          ],
          [
            100.477908,
            13.8701254
          ],
          [
            100.4784886,
            13.870199
          ],
          [
            100.4788341,
            13.8702378
          ],
          [
            100.4792008,
            13.8702649
          ],
          [
            100.4801258,
            13.8703479
          ],
          [
            100.4810564,
            13.8704314
          ],
          [
            100.4818033,
            13.8705048
          ],
          [
            100.4824677,
            13.8705345
          ],
          [
            100.4827659,
            13.8705303
          ],
          [
            100.4830671,
            13.8705228
          ],
          [
            100.4836704,
            13.8704874
          ],
          [
            100.4840115,
            13.8704542
          ],
          [
            100.484333,
            13.8704106
          ],
          [
            100.4846313,
            13.8703639
          ],
          [
            100.4849575,
            13.870305
          ],
          [
            100.4853147,
            13.8702288
          ],
          [
            100.485668,
            13.8701344
          ],
          [
            100.4860052,
            13.8700361
          ],
          [
            100.4863358,
            13.8699289
          ],
          [
            100.4866735,
            13.8698029
          ],
          [
            100.4870197,
            13.8696689
          ],
          [
            100.4873624,
            13.8695277
          ],
          [
            100.487698,
            13.8693626
          ],
          [
            100.4932691,
            13.8664518
          ],
          [
            100.4941078,
            13.8660112
          ],
          [
            100.4949438,
            13.865572
          ],
          [
            100.4956107,
            13.8652367
          ],
          [
            100.4962652,
            13.8648524
          ],
          [
            100.4969676,
            13.8644963
          ],
          [
            100.4979024,
            13.8640553
          ],
          [
            100.4992176,
            13.8634884
          ],
          [
            100.5007816,
            13.8628929
          ],
          [
            100.5014977,
            13.8626411
          ],
          [
            100.5026217,
            13.8622692
          ],
          [
            100.5030418,
            13.8621561
          ],
          [
            100.5037769,
            13.8619488
          ],
          [
            100.5046681,
            13.8617136
          ],
          [
            100.5055653,
            13.8614769
          ],
          [
            100.5063262,
            13.861289
          ],
          [
            100.5067417,
            13.8611861
          ],
          [
            100.5076882,
            13.8609955
          ],
          [
            100.5084962,
            13.860841
          ],
          [
            100.5102828,
            13.8605855
          ],
          [
            100.5110224,
            13.8605178
          ],
          [
            100.5113861,
            13.8604779
          ],
          [
            100.5121493,
            13.8603593
          ],
          [
            100.5130721,
            13.8602332
          ],
          [
            100.514001,
            13.8601063
          ],
          [
            100.5151231,
            13.859969
          ],
          [
            100.5154898,
            13.8599096
          ],
          [
            100.5158428,
            13.859811
          ],
          [
            100.5161846,
            13.8596599
          ],
          [
            100.516492,
            13.859474
          ],
          [
            100.5167826,
            13.8592493
          ],
          [
            100.517022,
            13.8590019
          ],
          [
            100.5171747,
            13.8588064
          ],
          [
            100.5173559,
            13.858508
          ],
          [
            100.5182776,
            13.8566641
          ],
          [
            100.5184357,
            13.8563451
          ],
          [
            100.5185598,
            13.8560546
          ],
          [
            100.5186496,
            13.8557542
          ],
          [
            100.5187076,
            13.8554189
          ],
          [
            100.5187173,
            13.8551623
          ],
          [
            100.5186952,
            13.8548554
          ],
          [
            100.5186606,
            13.8546341
          ],
          [
            100.5186082,
            13.8544197
          ],
          [
            100.518539,
            13.8541981
          ],
          [
            100.5184505,
            13.8540141
          ],
          [
            100.5183264,
            13.8537771
          ],
          [
            100.5180548,
            13.8533663
          ],
          [
            100.515691,
            13.8499311
          ],
          [
            100.5152963,
            13.8492534
          ],
          [
            100.514776,
            13.8484992
          ],
          [
            100.5142582,
            13.8477487
          ],
          [
            100.5136806,
            13.8468955
          ],
          [
            100.5133825,
            13.8464274
          ],
          [
            100.5131584,
            13.8460169
          ],
          [
            100.513054,
            13.8457996
          ],
          [
            100.5129285,
            13.8455665
          ],
          [
            100.5124672,
            13.8448888
          ],
          [
            100.5122603,
            13.8445509
          ],
          [
            100.5121079,
            13.8441952
          ],
          [
            100.5120019,
            13.8437944
          ],
          [
            100.5119691,
            13.843501
          ],
          [
            100.5119768,
            13.8430137
          ],
          [
            100.5120616,
            13.8425927
          ],
          [
            100.512187,
            13.8422699
          ],
          [
            100.5123288,
            13.8419805
          ],
          [
            100.512508,
            13.841712
          ],
          [
            100.512717,
            13.841467
          ],
          [
            100.5133108,
            13.840958
          ],
          [
            100.5140019,
            13.8404272
          ],
          [
            100.5142864,
            13.8401798
          ],
          [
            100.5150107,
            13.8395749
          ],
          [
            100.5157382,
            13.8389674
          ],
          [
            100.5160437,
            13.8387085
          ],
          [
            100.5165193,
            13.8382664
          ],
          [
            100.521576,
            13.8340104
          ],
          [
            100.5221905,
            13.8335317
          ],
          [
            100.5229831,
            13.8328839
          ],
          [
            100.523237,
            13.8326721
          ],
          [
            100.5246252,
            13.8315137
          ],
          [
            100.5252312,
            13.8310034
          ],
          [
            100.5253122,
            13.8309352
          ],
          [
            100.5259254,
            13.8304245
          ],
          [
            100.5265316,
            13.8299187
          ],
          [
            100.5271403,
            13.8294107
          ],
          [
            100.527975,
            13.8287246
          ],
          [
            100.5285959,
            13.8281659
          ],
          [
            100.5314852,
            13.825725
          ],
          [
            100.5317403,
            13.8254981
          ],
          [
            100.5319575,
            13.8252629
          ],
          [
            100.5320688,
            13.8251321
          ],
          [
            100.5322481,
            13.8248905
          ],
          [
            100.5324188,
            13.8246018
          ],
          [
            100.5325411,
            13.8243582
          ],
          [
            100.5326539,
            13.8240655
          ],
          [
            100.532736,
            13.8237755
          ],
          [
            100.5327964,
            13.8234612
          ],
          [
            100.5328373,
            13.8231468
          ],
          [
            100.5328363,
            13.8228274
          ],
          [
            100.5328127,
            13.8224903
          ],
          [
            100.5326262,
            13.8209926
          ],
          [
            100.532521,
            13.8200869
          ],
          [
            100.5324215,
            13.81923
          ],
          [
            100.5322319,
            13.8180379
          ],
          [
            100.5312451,
            13.8098373
          ],
          [
            100.5311906,
            13.8093844
          ],
          [
            100.5310699,
            13.8083816
          ],
          [
            100.5309984,
            13.8075468
          ],
          [
            100.5309704,
            13.8072262
          ],
          [
            100.5309472,
            13.8069488
          ],
          [
            100.5308491,
            13.8060902
          ],
          [
            100.5307396,
            13.8051322
          ]
        ]
      },
      "id": "relation/6988563"
    },
    {
      "type": "Feature",
      "properties": {
        "@id": "relation/7725025",
        "colour": "#1E398D",
        "from": "หลักสอง",
        "name": "รถไฟฟ้ามหานคร สายสีน้ำเงิน",
        "name:en": "MRT Blue Line (Lak Song → Tha Phra)",
        "name:th": "รถไฟฟ้ามหานครสายสีน้ำเงิน",
        "name:zh": "曼谷地铁蓝线",
        "network": "Metropolitan Rapid Transit",
        "network:short": "MRT",
        "network:wikidata": "Q806485",
        "operator": "Bangkok Expressway and Metro Public Company Limited",
        "public_transport:version": "2",
        "ref": "MRT-BL",
        "route": "subway",
        "to": "ท่าพระ",
        "type": "route",
        "wikidata": "Q2486364",
        "wikipedia": "th:รถไฟฟ้ามหานคร สายสีน้ำเงิน"
      },
      "geometry": {
        "type": "LineString",
        "coordinates": [
          [
            100.4094821,
            13.7109118
          ],
          [
            100.4112229,
            13.7110561
          ],
          [
            100.4117287,
            13.711098
          ],
          [
            100.4127634,
            13.7111838
          ],
          [
            100.4152773,
            13.7113964
          ],
          [
            100.4153369,
            13.7114014
          ],
          [
            100.4154886,
            13.7114142
          ],
          [
            100.4179824,
            13.7116122
          ],
          [
            100.4223316,
            13.7119679
          ],
          [
            100.423139,
            13.7120339
          ],
          [
            100.4287938,
            13.7124973
          ],
          [
            100.4306434,
            13.7126362
          ],
          [
            100.4342807,
            13.7129367
          ],
          [
            100.434326,
            13.7129403
          ],
          [
            100.4373865,
            13.7131813
          ],
          [
            100.4381076,
            13.7132534
          ],
          [
            100.4383117,
            13.7132804
          ],
          [
            100.4385075,
            13.7133181
          ],
          [
            100.4387176,
            13.7133736
          ],
          [
            100.4402122,
            13.7138614
          ],
          [
            100.4415899,
            13.714311
          ],
          [
            100.442244,
            13.7145265
          ],
          [
            100.4442917,
            13.7152011
          ],
          [
            100.4454417,
            13.7155773
          ],
          [
            100.4459094,
            13.7157302
          ],
          [
            100.4473615,
            13.7161971
          ],
          [
            100.4478368,
            13.716356
          ],
          [
            100.4479101,
            13.7163801
          ],
          [
            100.4484967,
            13.7165729
          ],
          [
            100.4501691,
            13.7171154
          ],
          [
            100.4509275,
            13.7173674
          ],
          [
            100.4511361,
            13.7174297
          ],
          [
            100.4512403,
            13.7174608
          ],
          [
            100.4524238,
            13.7178564
          ],
          [
            100.4525788,
            13.7179179
          ],
          [
            100.4529103,
            13.7180818
          ],
          [
            100.4539597,
            13.7186436
          ],
          [
            100.4542579,
            13.7188044
          ],
          [
            100.4559845,
            13.7197575
          ],
          [
            100.4563227,
            13.7199355
          ],
          [
            100.4570052,
            13.7203153
          ],
          [
            100.4575172,
            13.7206002
          ],
          [
            100.4604848,
            13.7221735
          ],
          [
            100.4615537,
            13.7227464
          ],
          [
            100.4637704,
            13.7239579
          ],
          [
            100.4648326,
            13.7245118
          ],
          [
            100.4650677,
            13.7246395
          ],
          [
            100.4664886,
            13.7254067
          ],
          [
            100.4670526,
            13.7257049
          ],
          [
            100.46753,
            13.725981
          ],
          [
            100.4681955,
            13.7263411
          ],
          [
            100.4683718,
            13.7264499
          ],
          [
            100.4685586,
            13.7265495
          ],
          [
            100.4702199,
            13.72745
          ],
          [
            100.4708749,
            13.727805
          ],
          [
            100.471339,
            13.7280564
          ],
          [
            100.4713901,
            13.728084
          ],
          [
            100.4714647,
            13.7281258
          ],
          [
            100.4719507,
            13.7284757
          ],
          [
            100.4723902,
            13.7288009
          ],
          [
            100.4725655,
            13.7289148
          ],
          [
            100.4727853,
            13.7290309
          ],
          [
            100.4734029,
            13.7293504
          ],
          [
            100.4740253,
            13.7296671
          ],
          [
            100.4740699,
            13.7296898
          ],
          [
            100.4748862,
            13.7301356
          ],
          [
            100.4755196,
            13.7304722
          ],
          [
            100.4764968,
            13.7309904
          ],
          [
            100.4769814,
            13.7312487
          ],
          [
            100.4770439,
            13.7312871
          ],
          [
            100.4771968,
            13.7313861
          ],
          [
            100.4773807,
            13.7315245
          ],
          [
            100.477527,
            13.7316516
          ],
          [
            100.477676,
            13.7318064
          ],
          [
            100.4777306,
            13.731873
          ],
          [
            100.478666,
            13.7332814
          ],
          [
            100.4804508,
            13.7361399
          ],
          [
            100.4810171,
            13.7370233
          ],
          [
            100.4811578,
            13.7372066
          ],
          [
            100.4814169,
            13.7374583
          ],
          [
            100.4816794,
            13.73768
          ],
          [
            100.4820414,
            13.7379167
          ],
          [
            100.4824807,
            13.7381
          ],
          [
            100.483016,
            13.73826
          ],
          [
            100.4833557,
            13.7383417
          ],
          [
            100.4835771,
            13.7383517
          ],
          [
            100.4847782,
            13.738365
          ],
          [
            100.4856982,
            13.7383988
          ],
          [
            100.4860479,
            13.7384117
          ],
          [
            100.4870345,
            13.7384383
          ],
          [
            100.4883454,
            13.73848
          ],
          [
            100.4899685,
            13.7385384
          ],
          [
            100.4901657,
            13.7385592
          ],
          [
            100.4904707,
            13.7385914
          ],
          [
            100.4907188,
            13.7386474
          ],
          [
            100.490825,
            13.7386714
          ],
          [
            100.4908739,
            13.7386824
          ],
          [
            100.4914749,
            13.7388936
          ],
          [
            100.4914949,
            13.738902
          ],
          [
            100.4921028,
            13.7391576
          ],
          [
            100.4925114,
            13.7394052
          ],
          [
            100.4928654,
            13.7396872
          ],
          [
            100.4931261,
            13.7398949
          ],
          [
            100.4933548,
            13.740128
          ],
          [
            100.493962,
            13.7408817
          ],
          [
            100.4942554,
            13.741336
          ],
          [
            100.4944486,
            13.741681
          ],
          [
            100.4946541,
            13.7422844
          ],
          [
            100.4947519,
            13.7428849
          ],
          [
            100.4947582,
            13.7431024
          ],
          [
            100.4947141,
            13.7433031
          ],
          [
            100.4945552,
            13.7443177
          ],
          [
            100.4943553,
            13.7457357
          ],
          [
            100.494323,
            13.7459867
          ],
          [
            100.4943381,
            13.7463089
          ],
          [
            100.4943833,
            13.7465495
          ],
          [
            100.4944393,
            13.7467545
          ],
          [
            100.4945297,
            13.7469303
          ],
          [
            100.4946654,
            13.747129
          ],
          [
            100.4948076,
            13.7472378
          ],
          [
            100.4950983,
            13.7474052
          ],
          [
            100.495916,
            13.7473726
          ],
          [
            100.4982567,
            13.7471876
          ],
          [
            100.4996122,
            13.7471329
          ],
          [
            100.5005906,
            13.7470934
          ],
          [
            100.5009124,
            13.7470745
          ],
          [
            100.5019662,
            13.747026
          ],
          [
            100.5023016,
            13.7470185
          ],
          [
            100.5030909,
            13.7470009
          ],
          [
            100.5031547,
            13.7469928
          ],
          [
            100.5033304,
            13.7469533
          ],
          [
            100.5037256,
            13.7468663
          ],
          [
            100.5040919,
            13.7467878
          ],
          [
            100.5041892,
            13.7467608
          ],
          [
            100.5042275,
            13.7467412
          ],
          [
            100.504678,
            13.7463954
          ],
          [
            100.5061857,
            13.7452209
          ],
          [
            100.5077023,
            13.7439675
          ],
          [
            100.5097377,
            13.7423538
          ],
          [
            100.5099156,
            13.7422168
          ],
          [
            100.5110517,
            13.7413418
          ],
          [
            100.5130765,
            13.7397895
          ],
          [
            100.5148372,
            13.7384278
          ],
          [
            100.5152483,
            13.7382372
          ],
          [
            100.5168085,
            13.7378198
          ],
          [
            100.5171924,
            13.737675
          ],
          [
            100.5173818,
            13.7376036
          ],
          [
            100.5188301,
            13.7369795
          ],
          [
            100.5250465,
            13.7342475
          ],
          [
            100.525742,
            13.7339598
          ],
          [
            100.5261791,
            13.7337734
          ],
          [
            100.5268022,
            13.7335091
          ],
          [
            100.5285487,
            13.7327384
          ],
          [
            100.5299208,
            13.7321575
          ],
          [
            100.5301286,
            13.7320794
          ],
          [
            100.5315374,
            13.7315502
          ],
          [
            100.5322214,
            13.7312825
          ],
          [
            100.5370753,
            13.7292217
          ],
          [
            100.5372682,
            13.7291475
          ],
          [
            100.5400227,
            13.7279871
          ],
          [
            100.5418674,
            13.7272553
          ],
          [
            100.5434821,
            13.726564
          ],
          [
            100.5441941,
            13.7262609
          ],
          [
            100.5457358,
            13.7256181
          ],
          [
            100.5465165,
            13.7252914
          ],
          [
            100.5479796,
            13.7247135
          ],
          [
            100.5484946,
            13.7244915
          ],
          [
            100.5490535,
            13.7242696
          ],
          [
            100.5512665,
            13.723461
          ],
          [
            100.5543746,
            13.7222374
          ],
          [
            100.5568955,
            13.7211092
          ],
          [
            100.5578442,
            13.7207329
          ],
          [
            100.5584178,
            13.7207351
          ],
          [
            100.5590953,
            13.7209768
          ],
          [
            100.5592783,
            13.7211866
          ],
          [
            100.559388,
            13.7214672
          ],
          [
            100.5598021,
            13.7227074
          ],
          [
            100.5600903,
            13.7235533
          ],
          [
            100.5601804,
            13.7239299
          ],
          [
            100.5602384,
            13.7243276
          ],
          [
            100.5602788,
            13.7246943
          ],
          [
            100.5602791,
            13.7255195
          ],
          [
            100.5602242,
            13.726033
          ],
          [
            100.5600209,
            13.7275905
          ],
          [
            100.5598518,
            13.7287631
          ],
          [
            100.5597186,
            13.7298508
          ],
          [
            100.5596613,
            13.7308891
          ],
          [
            100.5596273,
            13.7319128
          ],
          [
            100.559656,
            13.7327802
          ],
          [
            100.559736,
            13.7331191
          ],
          [
            100.5598565,
            13.733398
          ],
          [
            100.5599526,
            13.7336124
          ],
          [
            100.5600704,
            13.7338171
          ],
          [
            100.5601948,
            13.7339903
          ],
          [
            100.5607597,
            13.7348931
          ],
          [
            100.5608968,
            13.7352508
          ],
          [
            100.5610337,
            13.7357478
          ],
          [
            100.5611577,
            13.7362019
          ],
          [
            100.5613369,
            13.7369024
          ],
          [
            100.5613964,
            13.7374958
          ],
          [
            100.5615498,
            13.7382146
          ],
          [
            100.5615999,
            13.7384854
          ],
          [
            100.5616275,
            13.7385992
          ],
          [
            100.56177,
            13.7395113
          ],
          [
            100.5618182,
            13.7398686
          ],
          [
            100.5618277,
            13.7399904
          ],
          [
            100.56188,
            13.7404115
          ],
          [
            100.5619256,
            13.7409712
          ],
          [
            100.5619564,
            13.7415163
          ],
          [
            100.5620004,
            13.7420613
          ],
          [
            100.5620326,
            13.7424243
          ],
          [
            100.5620548,
            13.7428986
          ],
          [
            100.5620993,
            13.7433756
          ],
          [
            100.5622433,
            13.7440176
          ],
          [
            100.5623737,
            13.7446212
          ],
          [
            100.5625233,
            13.7454358
          ],
          [
            100.5626339,
            13.7458614
          ],
          [
            100.5628435,
            13.7467966
          ],
          [
            100.5628937,
            13.7470425
          ],
          [
            100.5630276,
            13.7477059
          ],
          [
            100.5633376,
            13.7492003
          ],
          [
            100.5644063,
            13.7540989
          ],
          [
            100.5652243,
            13.7578483
          ],
          [
            100.5656223,
            13.7596208
          ],
          [
            100.5663763,
            13.7613335
          ],
          [
            100.5674715,
            13.7629263
          ],
          [
            100.5675098,
            13.762982
          ],
          [
            100.5700446,
            13.7662418
          ],
          [
            100.570083,
            13.7662912
          ],
          [
            100.5701017,
            13.766316
          ],
          [
            100.5720041,
            13.7688409
          ],
          [
            100.572588,
            13.7696187
          ],
          [
            100.5730317,
            13.770697
          ],
          [
            100.5730478,
            13.7709947
          ],
          [
            100.5734952,
            13.7786915
          ],
          [
            100.5740102,
            13.7894448
          ],
          [
            100.5744782,
            13.7989733
          ],
          [
            100.5745315,
            13.800611
          ],
          [
            100.5746691,
            13.8030238
          ],
          [
            100.5746845,
            13.8043421
          ],
          [
            100.5746708,
            13.8045333
          ],
          [
            100.5746171,
            13.8047858
          ],
          [
            100.5745566,
            13.8049703
          ],
          [
            100.5744736,
            13.8051615
          ],
          [
            100.5743421,
            13.8053762
          ],
          [
            100.574221,
            13.8054838
          ],
          [
            100.5740431,
            13.8056919
          ],
          [
            100.5736568,
            13.8059776
          ],
          [
            100.5728344,
            13.8064599
          ],
          [
            100.5727771,
            13.8064892
          ],
          [
            100.5714188,
            13.807258
          ],
          [
            100.570411,
            13.8078029
          ],
          [
            100.5687984,
            13.8086968
          ],
          [
            100.5671242,
            13.8096294
          ],
          [
            100.5660074,
            13.8102749
          ],
          [
            100.5646495,
            13.8110239
          ],
          [
            100.5623678,
            13.8123019
          ],
          [
            100.5614562,
            13.8128057
          ],
          [
            100.5608759,
            13.8131367
          ],
          [
            100.5598443,
            13.8137372
          ],
          [
            100.559556,
            13.8137715
          ],
          [
            100.5588422,
            13.8136994
          ],
          [
            100.5585272,
            13.8134989
          ],
          [
            100.5582883,
            13.8132751
          ],
          [
            100.5579919,
            13.8128329
          ],
          [
            100.5577744,
            13.8122067
          ],
          [
            100.5573015,
            13.8102499
          ],
          [
            100.55647,
            13.8082901
          ],
          [
            100.5533607,
            13.802937
          ],
          [
            100.5517164,
            13.8001878
          ],
          [
            100.5511352,
            13.7992348
          ],
          [
            100.551056,
            13.7991425
          ],
          [
            100.5504716,
            13.7984612
          ],
          [
            100.549231,
            13.7979716
          ],
          [
            100.5478858,
            13.7978695
          ],
          [
            100.5470441,
            13.797841
          ],
          [
            100.5467763,
            13.797895
          ],
          [
            100.546534,
            13.7979399
          ],
          [
            100.5462917,
            13.7980401
          ],
          [
            100.5460941,
            13.7981205
          ],
          [
            100.5458803,
            13.7983036
          ],
          [
            100.5446652,
            13.8005283
          ],
          [
            100.5445168,
            13.8006761
          ],
          [
            100.5443684,
            13.8007923
          ],
          [
            100.5441889,
            13.8008945
          ],
          [
            100.5439361,
            13.8010204
          ],
          [
            100.541897,
            13.8019838
          ],
          [
            100.5414855,
            13.8021596
          ],
          [
            100.5410395,
            13.8023502
          ],
          [
            100.5410302,
            13.8023542
          ],
          [
            100.5404704,
            13.8025934
          ],
          [
            100.5399634,
            13.8028101
          ],
          [
            100.5380173,
            13.8037311
          ],
          [
            100.5376336,
            13.803925
          ],
          [
            100.5372433,
            13.8041249
          ],
          [
            100.536364,
            13.8046338
          ],
          [
            100.5358015,
            13.8049316
          ],
          [
            100.5355401,
            13.8050656
          ],
          [
            100.5352817,
            13.8051883
          ],
          [
            100.5350602,
            13.8052764
          ],
          [
            100.534806,
            13.8053619
          ],
          [
            100.5343369,
            13.8055188
          ],
          [
            100.534186,
            13.805559
          ],
          [
            100.5338411,
            13.8056668
          ],
          [
            100.5335576,
            13.8057371
          ],
          [
            100.5334338,
            13.8057681
          ],
          [
            100.5330832,
            13.8058371
          ],
          [
            100.5325309,
            13.8059185
          ],
          [
            100.5317381,
            13.8060238
          ],
          [
            100.5316041,
            13.8060361
          ],
          [
            100.5307713,
            13.8061472
          ],
          [
            100.5299478,
            13.8062691
          ],
          [
            100.5295555,
            13.8063306
          ],
          [
            100.5293517,
            13.8063534
          ],
          [
            100.5291457,
            13.8063618
          ],
          [
            100.5288477,
            13.8063793
          ],
          [
            100.5285595,
            13.8063818
          ],
          [
            100.5275077,
            13.8063816
          ],
          [
            100.5267387,
            13.8063824
          ],
          [
            100.5217982,
            13.8063874
          ],
          [
            100.5210194,
            13.806385
          ],
          [
            100.5202323,
            13.8063874
          ],
          [
            100.5200384,
            13.8063901
          ],
          [
            100.5199172,
            13.8063855
          ],
          [
            100.5198179,
            13.806375
          ],
          [
            100.5197395,
            13.8063635
          ],
          [
            100.5196042,
            13.8063278
          ],
          [
            100.519471,
            13.8063005
          ],
          [
            100.519338,
            13.8062661
          ],
          [
            100.5191911,
            13.8062338
          ],
          [
            100.5177363,
            13.8058584
          ],
          [
            100.5169256,
            13.8056497
          ],
          [
            100.5161596,
            13.8054542
          ],
          [
            100.514146,
            13.8049437
          ],
          [
            100.5138821,
            13.8048683
          ],
          [
            100.5135799,
            13.8047533
          ],
          [
            100.5133418,
            13.8046299
          ],
          [
            100.5130985,
            13.8044794
          ],
          [
            100.5128258,
            13.8043134
          ],
          [
            100.5126989,
            13.804229
          ],
          [
            100.5125842,
            13.8041508
          ],
          [
            100.5124191,
            13.8040361
          ],
          [
            100.5122891,
            13.8039363
          ],
          [
            100.5121446,
            13.8037827
          ],
          [
            100.5120157,
            13.8036145
          ],
          [
            100.51191,
            13.8034332
          ],
          [
            100.5117832,
            13.8030892
          ],
          [
            100.5115847,
            13.8021506
          ],
          [
            100.5114177,
            13.8015131
          ],
          [
            100.5113157,
            13.801231
          ],
          [
            100.5110842,
            13.8007349
          ],
          [
            100.5109616,
            13.8005329
          ],
          [
            100.5105433,
            13.7999604
          ],
          [
            100.5098155,
            13.7989727
          ],
          [
            100.509367,
            13.7983813
          ],
          [
            100.506079,
            13.7939679
          ],
          [
            100.5048978,
            13.7923954
          ],
          [
            100.5048848,
            13.792378
          ],
          [
            100.5039806,
            13.7911678
          ],
          [
            100.5036324,
            13.7906925
          ],
          [
            100.5033317,
            13.7903173
          ],
          [
            100.5030992,
            13.7900639
          ],
          [
            100.5028639,
            13.7898451
          ],
          [
            100.502415,
            13.7895063
          ],
          [
            100.5018509,
            13.7891527
          ],
          [
            100.50149,
            13.7889264
          ],
          [
            100.5006195,
            13.7883889
          ],
          [
            100.4998345,
            13.7879034
          ],
          [
            100.4997275,
            13.7878356
          ],
          [
            100.4990202,
            13.7873877
          ],
          [
            100.4982261,
            13.7869237
          ],
          [
            100.4977748,
            13.7866463
          ],
          [
            100.4948665,
            13.7848219
          ],
          [
            100.4941105,
            13.7843388
          ],
          [
            100.493338,
            13.7838554
          ],
          [
            100.4932564,
            13.7838043
          ],
          [
            100.4927273,
            13.783476
          ],
          [
            100.4916497,
            13.7827978
          ],
          [
            100.4907174,
            13.7822111
          ],
          [
            100.4882328,
            13.7806458
          ],
          [
            100.4880062,
            13.7804747
          ],
          [
            100.4878128,
            13.7803076
          ],
          [
            100.4874948,
            13.7799931
          ],
          [
            100.4872982,
            13.7797765
          ],
          [
            100.4862967,
            13.7786117
          ],
          [
            100.4857645,
            13.7779547
          ],
          [
            100.4853434,
            13.7774577
          ],
          [
            100.4852762,
            13.7773776
          ],
          [
            100.4847917,
            13.7767999
          ],
          [
            100.484665,
            13.7766606
          ],
          [
            100.4843808,
            13.7762873
          ],
          [
            100.4840956,
            13.7758726
          ],
          [
            100.4837709,
            13.7754624
          ],
          [
            100.48336,
            13.7748491
          ],
          [
            100.4830622,
            13.7743975
          ],
          [
            100.4827054,
            13.7739669
          ],
          [
            100.4822406,
            13.7734121
          ],
          [
            100.4817968,
            13.7728825
          ],
          [
            100.4813784,
            13.7723767
          ],
          [
            100.4812499,
            13.7722269
          ],
          [
            100.4811223,
            13.7720785
          ],
          [
            100.4807175,
            13.7717163
          ],
          [
            100.480524,
            13.7715351
          ],
          [
            100.4803727,
            13.7713973
          ],
          [
            100.4792202,
            13.7701448
          ],
          [
            100.4787186,
            13.7696037
          ],
          [
            100.478562,
            13.7694295
          ],
          [
            100.4782236,
            13.7690589
          ],
          [
            100.4776248,
            13.7683584
          ],
          [
            100.475193,
            13.7654963
          ],
          [
            100.4733627,
            13.7633421
          ],
          [
            100.4733265,
            13.7633001
          ],
          [
            100.4721048,
            13.7618806
          ],
          [
            100.4717706,
            13.7614925
          ],
          [
            100.4699246,
            13.759339
          ],
          [
            100.4697729,
            13.759139
          ],
          [
            100.4696046,
            13.7589009
          ],
          [
            100.4694548,
            13.7586333
          ],
          [
            100.4693707,
            13.7584275
          ],
          [
            100.4693023,
            13.7582156
          ],
          [
            100.4692565,
            13.7580248
          ],
          [
            100.4692295,
            13.7578803
          ],
          [
            100.4692076,
            13.7577016
          ],
          [
            100.4691984,
            13.7575542
          ],
          [
            100.4691985,
            13.7574119
          ],
          [
            100.4692481,
            13.7569074
          ],
          [
            100.4692652,
            13.756708
          ],
          [
            100.4693484,
            13.7557994
          ],
          [
            100.4694144,
            13.7549519
          ],
          [
            100.4698937,
            13.7495679
          ],
          [
            100.4706134,
            13.741514
          ],
          [
            100.4707336,
            13.7401843
          ],
          [
            100.4707408,
            13.7401052
          ],
          [
            100.4708051,
            13.7393595
          ],
          [
            100.4710446,
            13.736695
          ],
          [
            100.4710932,
            13.7361678
          ],
          [
            100.4711376,
            13.7358817
          ],
          [
            100.4711997,
            13.735579
          ],
          [
            100.4713002,
            13.7352206
          ],
          [
            100.4714276,
            13.7348634
          ],
          [
            100.4715848,
            13.7345404
          ],
          [
            100.4725331,
            13.7326877
          ],
          [
            100.4726842,
            13.7323882
          ],
          [
            100.4728673,
            13.7320837
          ],
          [
            100.472989,
            13.7318885
          ],
          [
            100.4730919,
            13.7317111
          ],
          [
            100.4731537,
            13.7315914
          ],
          [
            100.4733062,
            13.7313001
          ],
          [
            100.4736714,
            13.7305726
          ],
          [
            100.4741202,
            13.7296938
          ]
        ]
      },
      "id": "relation/7725025"
    },
    {
      "type": "Feature",
      "properties": {
        "@id": "relation/7725057",
        "colour": "#893B90",
        "from": "เตาปูน",
        "name": "รถไฟฟ้ามหานคร สายสีม่วง (เตาปูน → คลองบางไผ่)",
        "name:en": "MRT Purple Line (Tao Poon → Khlong Bang Phai)",
        "name:th": "รถไฟฟ้ามหานคร สายสีม่วง",
        "network": "Metropolitan Rapid Transit",
        "network:short": "MRT",
        "network:wikidata": "Q806485",
        "operator": "Bangkok Expressway and Metro Public Company Limited",
        "public_transport:version": "2",
        "ref": "MRT Purple",
        "route": "subway",
        "to": "คลองบางไผ่",
        "type": "route",
        "wikidata": "Q6584549",
        "wikipedia": "en:Purple Line (Bangkok)"
      },
      "geometry": {
        "type": "LineString",
        "coordinates": [
          [
            100.5305825,
            13.8051496
          ],
          [
            100.5306924,
            13.8061106
          ],
          [
            100.5307902,
            13.8069669
          ],
          [
            100.5308436,
            13.8073338
          ],
          [
            100.5309012,
            13.807673
          ],
          [
            100.5310286,
            13.8083864
          ],
          [
            100.5310916,
            13.8089098
          ],
          [
            100.5312519,
            13.8102424
          ],
          [
            100.5321906,
            13.8180427
          ],
          [
            100.5322974,
            13.8192441
          ],
          [
            100.5323971,
            13.8201022
          ],
          [
            100.5325022,
            13.8210067
          ],
          [
            100.5326883,
            13.8225017
          ],
          [
            100.5327114,
            13.8228315
          ],
          [
            100.5327239,
            13.8231318
          ],
          [
            100.5327066,
            13.8234465
          ],
          [
            100.5326584,
            13.8237482
          ],
          [
            100.5325797,
            13.8240391
          ],
          [
            100.5324792,
            13.8243347
          ],
          [
            100.5323706,
            13.8245715
          ],
          [
            100.5322058,
            13.8248625
          ],
          [
            100.5320357,
            13.8251075
          ],
          [
            100.531926,
            13.8252365
          ],
          [
            100.5317106,
            13.8254696
          ],
          [
            100.5314575,
            13.8256948
          ],
          [
            100.528558,
            13.8281147
          ],
          [
            100.5278936,
            13.8286326
          ],
          [
            100.5270592,
            13.8293185
          ],
          [
            100.5264565,
            13.8298214
          ],
          [
            100.5258441,
            13.8303325
          ],
          [
            100.5252307,
            13.8308433
          ],
          [
            100.525147,
            13.8309138
          ],
          [
            100.5245436,
            13.8314219
          ],
          [
            100.5231536,
            13.8325818
          ],
          [
            100.5229017,
            13.832792
          ],
          [
            100.5221317,
            13.8334585
          ],
          [
            100.5215488,
            13.8339798
          ],
          [
            100.5164832,
            13.8382186
          ],
          [
            100.5159699,
            13.8386143
          ],
          [
            100.5156564,
            13.8388757
          ],
          [
            100.5149298,
            13.8394825
          ],
          [
            100.5142045,
            13.8400882
          ],
          [
            100.5139262,
            13.8403368
          ],
          [
            100.5132833,
            13.8409277
          ],
          [
            100.512687,
            13.8414388
          ],
          [
            100.5124744,
            13.841688
          ],
          [
            100.5122923,
            13.8419608
          ],
          [
            100.5121486,
            13.8422541
          ],
          [
            100.5120214,
            13.8425816
          ],
          [
            100.5119353,
            13.8430095
          ],
          [
            100.5119275,
            13.8435028
          ],
          [
            100.5119608,
            13.8438017
          ],
          [
            100.5120684,
            13.8442081
          ],
          [
            100.512223,
            13.8445691
          ],
          [
            100.512432,
            13.8449103
          ],
          [
            100.5128926,
            13.8455871
          ],
          [
            100.5130167,
            13.8458175
          ],
          [
            100.5131209,
            13.8460345
          ],
          [
            100.5133193,
            13.8464486
          ],
          [
            100.5135733,
            13.8469578
          ],
          [
            100.5141587,
            13.8478148
          ],
          [
            100.5146718,
            13.8485661
          ],
          [
            100.5151917,
            13.8493197
          ],
          [
            100.5156561,
            13.8499532
          ],
          [
            100.51802,
            13.8533884
          ],
          [
            100.5182902,
            13.8537973
          ],
          [
            100.5184131,
            13.8540318
          ],
          [
            100.5185,
            13.8542125
          ],
          [
            100.518568,
            13.8544302
          ],
          [
            100.5186197,
            13.8546418
          ],
          [
            100.5186538,
            13.8548599
          ],
          [
            100.5186756,
            13.8551629
          ],
          [
            100.5186661,
            13.8554148
          ],
          [
            100.5186089,
            13.8557452
          ],
          [
            100.5185204,
            13.8560412
          ],
          [
            100.5183976,
            13.8563286
          ],
          [
            100.5182401,
            13.8566465
          ],
          [
            100.5173193,
            13.8584885
          ],
          [
            100.5171294,
            13.858772
          ],
          [
            100.5169634,
            13.8589579
          ],
          [
            100.5167321,
            13.8591839
          ],
          [
            100.5164497,
            13.8593967
          ],
          [
            100.5161718,
            13.8595509
          ],
          [
            100.515831,
            13.8596915
          ],
          [
            100.5154626,
            13.8597911
          ],
          [
            100.515105,
            13.859849
          ],
          [
            100.5139845,
            13.8599861
          ],
          [
            100.5130557,
            13.860113
          ],
          [
            100.5121307,
            13.8602394
          ],
          [
            100.5113677,
            13.860358
          ],
          [
            100.5110161,
            13.8604123
          ],
          [
            100.5102788,
            13.8605326
          ],
          [
            100.5084891,
            13.8608012
          ],
          [
            100.5076803,
            13.8609558
          ],
          [
            100.5067358,
            13.8611234
          ],
          [
            100.5063119,
            13.8612046
          ],
          [
            100.5055347,
            13.8613593
          ],
          [
            100.5046353,
            13.8615966
          ],
          [
            100.5037419,
            13.8618323
          ],
          [
            100.5030241,
            13.8620642
          ],
          [
            100.5025962,
            13.8622119
          ],
          [
            100.5014837,
            13.8626031
          ],
          [
            100.5007669,
            13.862855
          ],
          [
            100.4992016,
            13.8634511
          ],
          [
            100.4978848,
            13.8640186
          ],
          [
            100.4969488,
            13.8644602
          ],
          [
            100.4962459,
            13.8648165
          ],
          [
            100.4955594,
            13.8651224
          ],
          [
            100.494885,
            13.865465
          ],
          [
            100.4940457,
            13.8659059
          ],
          [
            100.4932098,
            13.8663451
          ],
          [
            100.4876396,
            13.8692554
          ],
          [
            100.4873204,
            13.8694268
          ],
          [
            100.4869892,
            13.8695856
          ],
          [
            100.4866564,
            13.8697266
          ],
          [
            100.48632,
            13.8698607
          ],
          [
            100.4859943,
            13.8699772
          ],
          [
            100.4856537,
            13.8700871
          ],
          [
            100.4853023,
            13.8701822
          ],
          [
            100.484949,
            13.8702593
          ],
          [
            100.4846203,
            13.8703205
          ],
          [
            100.4843284,
            13.8703608
          ],
          [
            100.4840082,
            13.8703983
          ],
          [
            100.4836675,
            13.8704361
          ],
          [
            100.4830696,
            13.8704557
          ],
          [
            100.4827663,
            13.8704449
          ],
          [
            100.482475,
            13.8704309
          ],
          [
            100.4818051,
            13.8703759
          ],
          [
            100.4810671,
            13.8703106
          ],
          [
            100.4801384,
            13.8702273
          ],
          [
            100.479211,
            13.870144
          ],
          [
            100.4788391,
            13.8701247
          ],
          [
            100.4784981,
            13.8701173
          ],
          [
            100.4779116,
            13.8700852
          ],
          [
            100.4723211,
            13.869628
          ],
          [
            100.471678,
            13.8695966
          ],
          [
            100.4709976,
            13.8696043
          ],
          [
            100.4706251,
            13.8696276
          ],
          [
            100.4699768,
            13.8696925
          ],
          [
            100.4692868,
            13.8698103
          ],
          [
            100.4686043,
            13.8699659
          ],
          [
            100.4675888,
            13.8702188
          ],
          [
            100.4666765,
            13.8704514
          ],
          [
            100.4657606,
            13.8706849
          ],
          [
            100.4647865,
            13.870949
          ],
          [
            100.4644817,
            13.8710478
          ],
          [
            100.464164,
            13.8711575
          ],
          [
            100.4635649,
            13.8714128
          ],
          [
            100.4623459,
            13.8719478
          ],
          [
            100.457755,
            13.873987
          ],
          [
            100.4572096,
            13.8741978
          ],
          [
            100.4567999,
            13.8743692
          ],
          [
            100.4559427,
            13.874752
          ],
          [
            100.4550767,
            13.8751388
          ],
          [
            100.4541388,
            13.8755577
          ],
          [
            100.4535519,
            13.8758117
          ],
          [
            100.4529656,
            13.8760575
          ],
          [
            100.4523082,
            13.876281
          ],
          [
            100.4517068,
            13.8764595
          ],
          [
            100.4510845,
            13.8765962
          ],
          [
            100.4504679,
            13.8767123
          ],
          [
            100.4499303,
            13.8767842
          ],
          [
            100.4494001,
            13.8768202
          ],
          [
            100.4488184,
            13.8768357
          ],
          [
            100.4482316,
            13.8768271
          ],
          [
            100.4469837,
            13.8767395
          ],
          [
            100.4461836,
            13.8766441
          ],
          [
            100.4458782,
            13.8766132
          ],
          [
            100.4449426,
            13.8765439
          ],
          [
            100.4439971,
            13.8764739
          ],
          [
            100.4436126,
            13.8764516
          ],
          [
            100.4427117,
            13.8764248
          ],
          [
            100.4359896,
            13.8759145
          ],
          [
            100.435134,
            13.875809
          ],
          [
            100.4338088,
            13.8757084
          ],
          [
            100.4323627,
            13.8755986
          ],
          [
            100.4315744,
            13.8755793
          ],
          [
            100.421403,
            13.8748071
          ],
          [
            100.4206407,
            13.8747121
          ],
          [
            100.420336,
            13.8746855
          ],
          [
            100.4193685,
            13.8746121
          ],
          [
            100.4183683,
            13.8745361
          ],
          [
            100.4172195,
            13.8744895
          ],
          [
            100.4157183,
            13.8743787
          ],
          [
            100.4152392,
            13.8743522
          ],
          [
            100.4149134,
            13.874356
          ],
          [
            100.4145469,
            13.8743758
          ],
          [
            100.4142231,
            13.8744073
          ],
          [
            100.4137214,
            13.8744943
          ],
          [
            100.4132679,
            13.8746013
          ],
          [
            100.4127495,
            13.8747579
          ],
          [
            100.4123108,
            13.8749334
          ],
          [
            100.4117004,
            13.8752304
          ],
          [
            100.4112695,
            13.8754771
          ],
          [
            100.4108523,
            13.875803
          ],
          [
            100.4105994,
            13.8760459
          ],
          [
            100.4103823,
            13.8762848
          ],
          [
            100.4101721,
            13.876579
          ],
          [
            100.4100002,
            13.8768432
          ],
          [
            100.4098535,
            13.8771178
          ],
          [
            100.4097055,
            13.8774486
          ],
          [
            100.4096069,
            13.8777446
          ],
          [
            100.4095136,
            13.8780981
          ],
          [
            100.4094666,
            13.8784182
          ],
          [
            100.4094333,
            13.8787355
          ],
          [
            100.4092247,
            13.8810099
          ],
          [
            100.4091409,
            13.8819244
          ],
          [
            100.409081,
            13.8830334
          ],
          [
            100.4083883,
            13.8904085
          ],
          [
            100.4082518,
            13.8914119
          ],
          [
            100.4081559,
            13.8924292
          ],
          [
            100.4080672,
            13.8933699
          ],
          [
            100.4080321,
            13.8937423
          ]
        ]
      },
      "id": "relation/7725057"
    },
    {
      "type": "Feature",
      "properties": {
        "@id": "relation/7989376",
        "colour": "#65B724",
        "from": "Kheha",
        "name": "รถไฟฟ้าบีทีเอส สายสุขุมวิท (เคหะ → คูคต)",
        "name:en": "BTS Sukhumvit Line (Kheha → Khu Khot)",
        "name:ja": "BTSスクムウィット線（クーコット→ケーハー）",
        "name:th": "รถไฟฟ้าบีทีเอส สายสุขุมวิท (เคหะ → คูคต)",
        "network": "รถไฟฟ้าบีทีเอส",
        "network:en": "BTS Skytrain",
        "network:short": "BTS",
        "network:th": "รถไฟฟ้าบีทีเอส",
        "network:wikidata": "Q806501",
        "note": "I didn't include \"Last train route\" and \"Peak-only route\" into this \"Main route\".",
        "opening_hours": "Mo-Su 05:15-23:43",
        "operator": "ระบบขนส่งมวลชนกรุงเทพ",
        "operator:en": "Bangkok Mass Transit System;BTSC",
        "public_transport:version": "2",
        "ref": "สุขุมวิท",
        "route": "subway",
        "to": "Khu Khot",
        "type": "route",
        "website": "https://www.bts.co.th/service/timetable.html",
        "wikidata": "Q4921598",
        "wikipedia": "th:รถไฟฟ้าบีทีเอส สายสุขุมวิท"
      },
      "geometry": {
        "type": "MultiLineString",
        "coordinates": [
          [
            [
              100.6077264,
              13.5677061
            ],
            [
              100.604994,
              13.5734409
            ],
            [
              100.6047207,
              13.5743336
            ],
            [
              100.6046537,
              13.5750421
            ],
            [
              100.6047017,
              13.5756499
            ],
            [
              100.6047603,
              13.575938
            ],
            [
              100.6048615,
              13.5762637
            ],
            [
              100.6054668,
              13.5778721
            ],
            [
              100.6078612,
              13.5842345
            ],
            [
              100.6097852,
              13.5892773
            ],
            [
              100.6098569,
              13.5896903
            ],
            [
              100.6098642,
              13.5900419
            ],
            [
              100.6098456,
              13.5902667
            ],
            [
              100.6097594,
              13.590587
            ],
            [
              100.6096259,
              13.5908652
            ],
            [
              100.6089847,
              13.5920178
            ],
            [
              100.6089653,
              13.5920539
            ],
            [
              100.6069616,
              13.5955702
            ],
            [
              100.6067197,
              13.5958369
            ],
            [
              100.6063802,
              13.5961257
            ],
            [
              100.6057938,
              13.5964038
            ],
            [
              100.5980995,
              13.6000532
            ],
            [
              100.597834,
              13.6002214
            ],
            [
              100.597722,
              13.6003256
            ],
            [
              100.5975983,
              13.6004682
            ],
            [
              100.5975416,
              13.6005783
            ],
            [
              100.5974751,
              13.6007607
            ],
            [
              100.5974221,
              13.6009431
            ],
            [
              100.5971365,
              13.602095
            ],
            [
              100.5969411,
              13.602838
            ],
            [
              100.5968631,
              13.6031089
            ],
            [
              100.5967795,
              13.6033708
            ],
            [
              100.5966958,
              13.6036089
            ],
            [
              100.596601,
              13.6038742
            ],
            [
              100.5957282,
              13.6062536
            ],
            [
              100.5949399,
              13.6084332
            ],
            [
              100.5901612,
              13.621541
            ],
            [
              100.5880801,
              13.6272738
            ],
            [
              100.5880129,
              13.627477
            ],
            [
              100.5879634,
              13.6276458
            ],
            [
              100.5879263,
              13.6278085
            ],
            [
              100.5878796,
              13.6280234
            ],
            [
              100.5878488,
              13.6282487
            ],
            [
              100.587829,
              13.628467
            ],
            [
              100.5878227,
              13.6286949
            ],
            [
              100.5878292,
              13.6289852
            ],
            [
              100.587847,
              13.6292589
            ],
            [
              100.587888,
              13.629528
            ],
            [
              100.5879502,
              13.6297848
            ],
            [
              100.5880263,
              13.630028
            ],
            [
              100.5881104,
              13.6302678
            ],
            [
              100.5882033,
              13.6304852
            ],
            [
              100.5883105,
              13.6306917
            ],
            [
              100.5884319,
              13.6308982
            ],
            [
              100.5885778,
              13.6311139
            ],
            [
              100.5887587,
              13.6313472
            ],
            [
              100.5889502,
              13.6315806
            ],
            [
              100.589924,
              13.6327437
            ],
            [
              100.5900484,
              13.6329055
            ],
            [
              100.5901594,
              13.6330589
            ],
            [
              100.590247,
              13.6331897
            ],
            [
              100.5903601,
              13.6333708
            ],
            [
              100.5904609,
              13.6335458
            ],
            [
              100.590591,
              13.6338026
            ],
            [
              100.5907191,
              13.6340875
            ],
            [
              100.5907744,
              13.6342193
            ],
            [
              100.5908425,
              13.6343815
            ],
            [
              100.591222,
              13.6353565
            ],
            [
              100.5912295,
              13.6354239
            ],
            [
              100.5914062,
              13.6358505
            ],
            [
              100.5915102,
              13.6361018
            ],
            [
              100.5919898,
              13.6372874
            ],
            [
              100.5922559,
              13.6379453
            ],
            [
              100.5925954,
              13.6387803
            ],
            [
              100.5930546,
              13.6398943
            ],
            [
              100.5931853,
              13.6402614
            ],
            [
              100.5934014,
              13.6407906
            ],
            [
              100.5940576,
              13.6423971
            ],
            [
              100.5947512,
              13.6440948
            ],
            [
              100.5947778,
              13.6441598
            ],
            [
              100.594923,
              13.6445258
            ],
            [
              100.5950407,
              13.6448416
            ],
            [
              100.5951511,
              13.6451671
            ],
            [
              100.5952229,
              13.6453462
            ],
            [
              100.5953324,
              13.645631
            ],
            [
              100.595713,
              13.6465228
            ],
            [
              100.5960635,
              13.6474137
            ],
            [
              100.5961742,
              13.6476505
            ],
            [
              100.5962572,
              13.6478086
            ],
            [
              100.596347,
              13.6479988
            ],
            [
              100.5963862,
              13.6480744
            ],
            [
              100.5965956,
              13.6485527
            ],
            [
              100.5969133,
              13.6493272
            ],
            [
              100.5975821,
              13.6509361
            ],
            [
              100.5981667,
              13.6523709
            ],
            [
              100.5990214,
              13.6544513
            ],
            [
              100.5997478,
              13.6562144
            ],
            [
              100.601448,
              13.6603669
            ],
            [
              100.6015219,
              13.6605474
            ],
            [
              100.6017887,
              13.6611943
            ],
            [
              100.6020107,
              13.6617327
            ],
            [
              100.6021725,
              13.6621315
            ],
            [
              100.6022165,
              13.6622397
            ],
            [
              100.6025206,
              13.6629723
            ],
            [
              100.6027764,
              13.6636478
            ],
            [
              100.6029053,
              13.6639588
            ],
            [
              100.6029982,
              13.664183
            ],
            [
              100.603349,
              13.6650361
            ],
            [
              100.6038363,
              13.6662214
            ],
            [
              100.6038523,
              13.6662603
            ],
            [
              100.6041078,
              13.6668568
            ],
            [
              100.6041741,
              13.6670186
            ],
            [
              100.604392,
              13.6675301
            ],
            [
              100.6046454,
              13.668148
            ],
            [
              100.6048732,
              13.6687037
            ],
            [
              100.6052014,
              13.6695028
            ],
            [
              100.6056071,
              13.6704879
            ],
            [
              100.6058713,
              13.671135
            ],
            [
              100.6059863,
              13.6714125
            ],
            [
              100.6060314,
              13.6715084
            ],
            [
              100.6061208,
              13.6716871
            ],
            [
              100.6061881,
              13.6718277
            ],
            [
              100.6062582,
              13.671939
            ],
            [
              100.6063287,
              13.6720516
            ],
            [
              100.606581,
              13.6724433
            ],
            [
              100.6067251,
              13.6726602
            ],
            [
              100.6068559,
              13.6728694
            ],
            [
              100.6069352,
              13.6730254
            ],
            [
              100.6070783,
              13.6733553
            ],
            [
              100.6071525,
              13.6735814
            ],
            [
              100.6071916,
              13.6737477
            ],
            [
              100.6072522,
              13.6740868
            ],
            [
              100.6072885,
              13.674311
            ],
            [
              100.6073303,
              13.6745366
            ],
            [
              100.6073546,
              13.6746477
            ],
            [
              100.6074146,
              13.6748809
            ],
            [
              100.6074853,
              13.6750704
            ],
            [
              100.6076726,
              13.6755242
            ],
            [
              100.6077591,
              13.6757338
            ],
            [
              100.6085458,
              13.6776878
            ],
            [
              100.6089737,
              13.6787216
            ],
            [
              100.6091866,
              13.679242
            ],
            [
              100.6094473,
              13.6798835
            ],
            [
              100.6096674,
              13.680425
            ],
            [
              100.6098033,
              13.6807525
            ],
            [
              100.6099251,
              13.6810696
            ],
            [
              100.6100166,
              13.6813196
            ],
            [
              100.6100949,
              13.6815799
            ],
            [
              100.6102021,
              13.681974
            ],
            [
              100.6103067,
              13.6824381
            ],
            [
              100.6103871,
              13.6829272
            ],
            [
              100.6104384,
              13.6833422
            ],
            [
              100.6104461,
              13.6834537
            ],
            [
              100.6104673,
              13.6840309
            ],
            [
              100.6104715,
              13.6842547
            ],
            [
              100.6104548,
              13.6846482
            ],
            [
              100.61044,
              13.6848725
            ],
            [
              100.6104183,
              13.6850968
            ],
            [
              100.6103629,
              13.6855051
            ],
            [
              100.6102988,
              13.6858931
            ],
            [
              100.6102249,
              13.6862211
            ],
            [
              100.6101372,
              13.6865612
            ],
            [
              100.6100316,
              13.6869085
            ],
            [
              100.6099153,
              13.6872451
            ],
            [
              100.6097861,
              13.6875724
            ],
            [
              100.609632,
              13.687924
            ],
            [
              100.6095524,
              13.6880895
            ],
            [
              100.6092649,
              13.6886856
            ],
            [
              100.608977,
              13.6892717
            ],
            [
              100.6086847,
              13.6898667
            ],
            [
              100.6082988,
              13.6906553
            ],
            [
              100.6071515,
              13.6930075
            ],
            [
              100.6067255,
              13.6938746
            ],
            [
              100.6064738,
              13.6943923
            ],
            [
              100.6053182,
              13.6967555
            ],
            [
              100.6044501,
              13.698545
            ],
            [
              100.6025659,
              13.702377
            ],
            [
              100.6018267,
              13.7038805
            ],
            [
              100.6015972,
              13.7043532
            ],
            [
              100.601547,
              13.7044566
            ],
            [
              100.6009828,
              13.7056187
            ],
            [
              100.6007059,
              13.7061891
            ],
            [
              100.5998519,
              13.7079569
            ],
            [
              100.5994549,
              13.708768
            ],
            [
              100.5993457,
              13.7089599
            ],
            [
              100.5991979,
              13.7091891
            ],
            [
              100.5990599,
              13.7093843
            ],
            [
              100.5989217,
              13.7095528
            ],
            [
              100.5987479,
              13.7097335
            ],
            [
              100.598568,
              13.7099134
            ],
            [
              100.5984323,
              13.710022
            ],
            [
              100.5982532,
              13.710149
            ],
            [
              100.597457,
              13.7107042
            ],
            [
              100.5965645,
              13.7113482
            ],
            [
              100.594669,
              13.7127112
            ],
            [
              100.5930457,
              13.7138729
            ],
            [
              100.5917855,
              13.7147599
            ],
            [
              100.5912246,
              13.7151573
            ],
            [
              100.5907054,
              13.7155251
            ],
            [
              100.5892146,
              13.7165912
            ],
            [
              100.5872338,
              13.7180008
            ],
            [
              100.5856679,
              13.7191044
            ],
            [
              100.5850979,
              13.7195218
            ],
            [
              100.584528,
              13.7199393
            ],
            [
              100.5833709,
              13.7207611
            ],
            [
              100.5823194,
              13.7215139
            ],
            [
              100.5797601,
              13.7233352
            ],
            [
              100.5790587,
              13.7238281
            ],
            [
              100.5784999,
              13.7242199
            ],
            [
              100.5779292,
              13.724626
            ],
            [
              100.5771321,
              13.7251899
            ],
            [
              100.5763727,
              13.7257225
            ],
            [
              100.5752366,
              13.7265253
            ],
            [
              100.5720327,
              13.7287759
            ],
            [
              100.5712239,
              13.7293495
            ],
            [
              100.5702911,
              13.7300106
            ],
            [
              100.5697037,
              13.730418
            ],
            [
              100.5692037,
              13.7307649
            ],
            [
              100.5685096,
              13.7312559
            ],
            [
              100.5673263,
              13.7320981
            ],
            [
              100.5664472,
              13.7327165
            ],
            [
              100.5657441,
              13.7332249
            ],
            [
              100.5648489,
              13.7338541
            ],
            [
              100.5644286,
              13.7341298
            ],
            [
              100.5632311,
              13.7349683
            ],
            [
              100.5624674,
              13.7355065
            ],
            [
              100.5624302,
              13.7355327
            ],
            [
              100.5619013,
              13.7359201
            ],
            [
              100.5616884,
              13.7360846
            ],
            [
              100.5613255,
              13.7363391
            ],
            [
              100.5609273,
              13.7366091
            ],
            [
              100.5603422,
              13.7370298
            ],
            [
              100.5597901,
              13.7374268
            ],
            [
              100.558492,
              13.7383421
            ],
            [
              100.5583119,
              13.738465
            ],
            [
              100.5559728,
              13.7401284
            ],
            [
              100.5554116,
              13.7405255
            ],
            [
              100.5549158,
              13.7408763
            ],
            [
              100.5540554,
              13.7414847
            ],
            [
              100.5538542,
              13.7416279
            ],
            [
              100.5537128,
              13.7417161
            ],
            [
              100.5535431,
              13.7418125
            ],
            [
              100.553352,
              13.7419188
            ],
            [
              100.5531894,
              13.7419991
            ],
            [
              100.5530873,
              13.742049
            ],
            [
              100.5529491,
              13.7421121
            ],
            [
              100.5528321,
              13.7421629
            ],
            [
              100.5525156,
              13.7422867
            ],
            [
              100.5523798,
              13.7423345
            ],
            [
              100.5520823,
              13.7424296
            ],
            [
              100.5519551,
              13.7424658
            ],
            [
              100.5517572,
              13.7425118
            ],
            [
              100.5514618,
              13.7425717
            ],
            [
              100.5511308,
              13.742631
            ],
            [
              100.5509452,
              13.7426651
            ],
            [
              100.5507777,
              13.742707
            ],
            [
              100.5504149,
              13.7427894
            ],
            [
              100.5496601,
              13.7429328
            ],
            [
              100.5489714,
              13.74305
            ],
            [
              100.5483437,
              13.7431569
            ],
            [
              100.5470509,
              13.7433871
            ],
            [
              100.543743,
              13.7439585
            ],
            [
              100.5430673,
              13.7440781
            ],
            [
              100.5424606,
              13.7441854
            ],
            [
              100.5418318,
              13.7442914
            ],
            [
              100.5412336,
              13.7443898
            ],
            [
              100.5407664,
              13.7444806
            ],
            [
              100.5405482,
              13.7445306
            ],
            [
              100.5402458,
              13.7446241
            ],
            [
              100.5401272,
              13.7446587
            ],
            [
              100.5399519,
              13.744699
            ],
            [
              100.5396743,
              13.7447509
            ],
            [
              100.5392185,
              13.7448018
            ],
            [
              100.5388872,
              13.7448168
            ],
            [
              100.5386437,
              13.7448406
            ],
            [
              100.5382534,
              13.7449077
            ],
            [
              100.5366491,
              13.7451929
            ],
            [
              100.5360645,
              13.7452968
            ],
            [
              100.5358377,
              13.7453489
            ],
            [
              100.5355197,
              13.7454437
            ],
            [
              100.5353297,
              13.7454937
            ],
            [
              100.5351909,
              13.7455186
            ],
            [
              100.5342312,
              13.745684
            ],
            [
              100.5332925,
              13.7458457
            ],
            [
              100.5326792,
              13.7459151
            ],
            [
              100.5320165,
              13.7460329
            ],
            [
              100.5316894,
              13.7460911
            ],
            [
              100.5314373,
              13.7461256
            ],
            [
              100.5311694,
              13.7462474
            ],
            [
              100.5310626,
              13.7463222
            ],
            [
              100.5309583,
              13.7464223
            ],
            [
              100.5308922,
              13.7464913
            ],
            [
              100.5308458,
              13.7465615
            ],
            [
              100.5308043,
              13.7466428
            ],
            [
              100.530773,
              13.7467241
            ],
            [
              100.5307561,
              13.7467975
            ],
            [
              100.5307379,
              13.7469186
            ],
            [
              100.5307358,
              13.7470509
            ],
            [
              100.5307506,
              13.7471791
            ],
            [
              100.5308125,
              13.7476376
            ],
            [
              100.5309194,
              13.7483813
            ],
            [
              100.5310719,
              13.7493934
            ],
            [
              100.5311811,
              13.7501616
            ],
            [
              100.5312007,
              13.7502596
            ],
            [
              100.5312274,
              13.7503541
            ],
            [
              100.5313376,
              13.7507091
            ],
            [
              100.5313743,
              13.7508437
            ],
            [
              100.5313988,
              13.7509506
            ],
            [
              100.5314341,
              13.751196
            ],
            [
              100.5315331,
              13.7518858
            ],
            [
              100.5316305,
              13.7525643
            ],
            [
              100.5316845,
              13.7529421
            ],
            [
              100.5317177,
              13.7530967
            ],
            [
              100.531744,
              13.7531962
            ],
            [
              100.5317897,
              13.753324
            ],
            [
              100.5318613,
              13.753491
            ],
            [
              100.5319648,
              13.7536734
            ],
            [
              100.5323055,
              13.7542765
            ],
            [
              100.5328754,
              13.7553157
            ],
            [
              100.5331047,
              13.7557208
            ],
            [
              100.5334674,
              13.7563696
            ],
            [
              100.5338074,
              13.7569781
            ],
            [
              100.5341357,
              13.7575658
            ],
            [
              100.53547,
              13.7599571
            ],
            [
              100.5364955,
              13.7617991
            ],
            [
              100.5367274,
              13.7622145
            ],
            [
              100.5370398,
              13.7627683
            ],
            [
              100.5373452,
              13.7633096
            ],
            [
              100.5374723,
              13.7635481
            ],
            [
              100.5375353,
              13.7636484
            ],
            [
              100.5375962,
              13.7637275
            ],
            [
              100.5376798,
              13.763814
            ],
            [
              100.5377852,
              13.7639037
            ],
            [
              100.5378684,
              13.7639562
            ],
            [
              100.5380101,
              13.7640174
            ],
            [
              100.5381957,
              13.7640665
            ],
            [
              100.5384116,
              13.7641201
            ],
            [
              100.5385229,
              13.7641528
            ],
            [
              100.5386016,
              13.76419
            ],
            [
              100.5386995,
              13.764238
            ],
            [
              100.5387692,
              13.764285
            ],
            [
              100.5388311,
              13.7643353
            ],
            [
              100.5388828,
              13.7643866
            ],
            [
              100.5389356,
              13.7644478
            ],
            [
              100.538975,
              13.7645046
            ],
            [
              100.5390132,
              13.7645777
            ],
            [
              100.5390593,
              13.7646848
            ],
            [
              100.5390841,
              13.7647634
            ],
            [
              100.5390998,
              13.7648508
            ],
            [
              100.5391066,
              13.7649229
            ],
            [
              100.5391066,
              13.7650114
            ],
            [
              100.5390965,
              13.765113
            ],
            [
              100.5389695,
              13.7655425
            ],
            [
              100.5389298,
              13.7656882
            ],
            [
              100.5389144,
              13.765799
            ],
            [
              100.5389119,
              13.7659073
            ],
            [
              100.5389221,
              13.7659895
            ],
            [
              100.5389465,
              13.7661152
            ],
            [
              100.5389785,
              13.7662086
            ],
            [
              100.5393554,
              13.7669171
            ],
            [
              100.5402354,
              13.7684985
            ],
            [
              100.5406886,
              13.7693188
            ],
            [
              100.5410729,
              13.7700231
            ],
            [
              100.5411144,
              13.7700965
            ],
            [
              100.5411502,
              13.7701649
            ],
            [
              100.5412075,
              13.7702959
            ],
            [
              100.5413256,
              13.7706182
            ],
            [
              100.5415954,
              13.771367
            ],
            [
              100.5418496,
              13.7720753
            ],
            [
              100.5420529,
              13.7726371
            ],
            [
              100.5422952,
              13.7733068
            ],
            [
              100.5426194,
              13.7742056
            ],
            [
              100.5428382,
              13.7748568
            ],
            [
              100.5429924,
              13.7752848
            ],
            [
              100.5430235,
              13.7753705
            ],
            [
              100.5431435,
              13.7757097
            ],
            [
              100.5434457,
              13.776552
            ],
            [
              100.5436999,
              13.7772525
            ],
            [
              100.5437258,
              13.7773239
            ],
            [
              100.5439745,
              13.7779995
            ],
            [
              100.5441854,
              13.7785544
            ],
            [
              100.5443932,
              13.7791398
            ],
            [
              100.5446036,
              13.7797175
            ],
            [
              100.544638,
              13.7798119
            ],
            [
              100.5448176,
              13.7803048
            ],
            [
              100.5452028,
              13.7813888
            ],
            [
              100.5456987,
              13.7827501
            ],
            [
              100.5460147,
              13.7836377
            ],
            [
              100.5463663,
              13.7846166
            ],
            [
              100.5467941,
              13.7858064
            ],
            [
              100.5472138,
              13.7869631
            ],
            [
              100.5475427,
              13.7878837
            ],
            [
              100.5478733,
              13.7887996
            ],
            [
              100.5482168,
              13.7897407
            ],
            [
              100.5485344,
              13.7906251
            ],
            [
              100.5489481,
              13.7917793
            ],
            [
              100.5493556,
              13.792892
            ],
            [
              100.5496927,
              13.793831
            ],
            [
              100.5499135,
              13.7944461
            ],
            [
              100.5502703,
              13.7954511
            ],
            [
              100.5504863,
              13.7960494
            ],
            [
              100.5509438,
              13.7973096
            ],
            [
              100.5512835,
              13.7982112
            ],
            [
              100.5514159,
              13.7984993
            ],
            [
              100.5515643,
              13.7988292
            ],
            [
              100.5518705,
              13.7993714
            ],
            [
              100.5522191,
              13.7999559
            ],
            [
              100.5525245,
              13.8004784
            ],
            [
              100.5528033,
              13.8009546
            ],
            [
              100.5532614,
              13.8017409
            ],
            [
              100.553452,
              13.802062
            ],
            [
              100.5537779,
              13.8026148
            ],
            [
              100.5541285,
              13.8032095
            ],
            [
              100.5544444,
              13.8037349
            ],
            [
              100.5545251,
              13.803869
            ],
            [
              100.5547411,
              13.8042479
            ],
            [
              100.5548781,
              13.8044894
            ],
            [
              100.5551388,
              13.8049491
            ],
            [
              100.5555754,
              13.8056964
            ],
            [
              100.5557591,
              13.8059861
            ],
            [
              100.5558234,
              13.8060999
            ],
            [
              100.556181,
              13.8067327
            ],
            [
              100.5562395,
              13.8068364
            ],
            [
              100.5563398,
              13.8070074
            ],
            [
              100.5564974,
              13.8072761
            ],
            [
              100.5569333,
              13.8080114
            ],
            [
              100.5572553,
              13.8085672
            ],
            [
              100.5576052,
              13.8091602
            ],
            [
              100.5577764,
              13.8094602
            ],
            [
              100.5580709,
              13.8099907
            ],
            [
              100.5583797,
              13.8105334
            ],
            [
              100.5586299,
              13.8109594
            ],
            [
              100.5588626,
              13.8113545
            ],
            [
              100.5589734,
              13.8115559
            ],
            [
              100.5590969,
              13.8118135
            ],
            [
              100.5592049,
              13.8120576
            ],
            [
              100.5592848,
              13.8122263
            ],
            [
              100.5593635,
              13.8123689
            ],
            [
              100.5595143,
              13.8126135
            ],
            [
              100.5598054,
              13.8130632
            ],
            [
              100.5601508,
              13.8135948
            ],
            [
              100.5604208,
              13.814002
            ],
            [
              100.5605685,
              13.8142454
            ],
            [
              100.5606777,
              13.8144417
            ],
            [
              100.5607651,
              13.8146093
            ],
            [
              100.5610871,
              13.8152594
            ],
            [
              100.5611971,
              13.8154792
            ],
            [
              100.5612906,
              13.8156205
            ],
            [
              100.5613517,
              13.8157129
            ],
            [
              100.5615828,
              13.8161138
            ],
            [
              100.5619431,
              13.8167252
            ],
            [
              100.5623126,
              13.8173524
            ],
            [
              100.5624494,
              13.8175859
            ],
            [
              100.5625935,
              13.8177939
            ],
            [
              100.5627184,
              13.8179438
            ],
            [
              100.5628568,
              13.8181172
            ],
            [
              100.5629865,
              13.8183011
            ],
            [
              100.5630729,
              13.8184363
            ],
            [
              100.563156,
              13.8185664
            ],
            [
              100.563266,
              13.8187648
            ],
            [
              100.5634124,
              13.8190288
            ],
            [
              100.5639057,
              13.8198761
            ],
            [
              100.5654352,
              13.8224698
            ],
            [
              100.5658768,
              13.8232212
            ],
            [
              100.5660762,
              13.8235547
            ],
            [
              100.5664091,
              13.8241276
            ],
            [
              100.566742,
              13.8247005
            ],
            [
              100.5677314,
              13.8263845
            ],
            [
              100.5679749,
              13.8268004
            ],
            [
              100.5683348,
              13.8274159
            ],
            [
              100.5689084,
              13.8283931
            ],
            [
              100.5693715,
              13.8291922
            ],
            [
              100.5697043,
              13.8297575
            ],
            [
              100.5700451,
              13.8303364
            ],
            [
              100.5706874,
              13.8314272
            ],
            [
              100.5710447,
              13.8320436
            ],
            [
              100.5714627,
              13.8327559
            ],
            [
              100.5718807,
              13.8334767
            ],
            [
              100.5723195,
              13.8342211
            ],
            [
              100.5727288,
              13.834925
            ],
            [
              100.5729512,
              13.8353048
            ],
            [
              100.5732699,
              13.8358496
            ],
            [
              100.5736088,
              13.8364194
            ],
            [
              100.5739675,
              13.8370226
            ],
            [
              100.5747548,
              13.8383586
            ],
            [
              100.5751998,
              13.8391211
            ],
            [
              100.5757724,
              13.8401158
            ],
            [
              100.5762612,
              13.8409191
            ],
            [
              100.576749,
              13.8417559
            ],
            [
              100.577087,
              13.8423258
            ],
            [
              100.5774249,
              13.8428958
            ],
            [
              100.577916,
              13.8437428
            ],
            [
              100.5781235,
              13.8441232
            ],
            [
              100.5784035,
              13.8445953
            ],
            [
              100.5785184,
              13.844789
            ],
            [
              100.5788275,
              13.8453147
            ],
            [
              100.5793221,
              13.846153
            ],
            [
              100.5795983,
              13.8466188
            ],
            [
              100.5796998,
              13.8467899
            ],
            [
              100.5799888,
              13.8472892
            ],
            [
              100.5802211,
              13.8476662
            ],
            [
              100.5804604,
              13.8480622
            ],
            [
              100.5807743,
              13.8485993
            ],
            [
              100.5814655,
              13.849775
            ],
            [
              100.5817968,
              13.8503348
            ],
            [
              100.582154,
              13.8509384
            ],
            [
              100.5827126,
              13.85189
            ],
            [
              100.5832113,
              13.8527459
            ],
            [
              100.5839946,
              13.8540802
            ],
            [
              100.5844697,
              13.8548828
            ],
            [
              100.5848229,
              13.8554894
            ],
            [
              100.5851586,
              13.8560609
            ],
            [
              100.5854943,
              13.8566323
            ],
            [
              100.5866402,
              13.8585732
            ],
            [
              100.5872853,
              13.8596529
            ],
            [
              100.5879098,
              13.8607235
            ],
            [
              100.5883373,
              13.86145
            ],
            [
              100.5886843,
              13.8620381
            ],
            [
              100.5891625,
              13.8628574
            ],
            [
              100.5897438,
              13.8638369
            ],
            [
              100.5902352,
              13.8646781
            ],
            [
              100.5907793,
              13.865601
            ],
            [
              100.5914298,
              13.8666863
            ],
            [
              100.591616,
              13.8670155
            ],
            [
              100.5919528,
              13.8675861
            ],
            [
              100.5922964,
              13.8681681
            ],
            [
              100.5929366,
              13.8692571
            ],
            [
              100.5935089,
              13.8702247
            ],
            [
              100.5940722,
              13.871177
            ],
            [
              100.5943363,
              13.8715949
            ],
            [
              100.5943979,
              13.8716878
            ],
            [
              100.594521,
              13.8718443
            ],
            [
              100.5946521,
              13.8720046
            ],
            [
              100.5947543,
              13.8721356
            ],
            [
              100.5948892,
              13.8723379
            ],
            [
              100.5952929,
              13.8730029
            ],
            [
              100.5958572,
              13.8739526
            ],
            [
              100.5959956,
              13.8741958
            ],
            [
              100.5966803,
              13.8753392
            ],
            [
              100.5973534,
              13.8764786
            ],
            [
              100.5975045,
              13.8767428
            ],
            [
              100.5977705,
              13.8772057
            ],
            [
              100.5986429,
              13.8786924
            ],
            [
              100.598983,
              13.879267
            ],
            [
              100.5990675,
              13.8794293
            ],
            [
              100.5991348,
              13.8795823
            ],
            [
              100.599202,
              13.8797352
            ],
            [
              100.5992501,
              13.8798621
            ],
            [
              100.5993673,
              13.8801419
            ],
            [
              100.5995114,
              13.880418
            ],
            [
              100.599765,
              13.8808526
            ],
            [
              100.6003838,
              13.8818954
            ],
            [
              100.6007124,
              13.8824579
            ],
            [
              100.6010494,
              13.8830347
            ],
            [
              100.6015968,
              13.8839756
            ],
            [
              100.60242,
              13.8853482
            ],
            [
              100.6033439,
              13.8869292
            ],
            [
              100.6039121,
              13.8878886
            ],
            [
              100.6042443,
              13.8884523
            ],
            [
              100.6042492,
              13.8884606
            ],
            [
              100.6045864,
              13.8890326
            ],
            [
              100.6056634,
              13.8908704
            ],
            [
              100.6071824,
              13.8934384
            ],
            [
              100.6079965,
              13.8948126
            ],
            [
              100.6085589,
              13.8957759
            ],
            [
              100.6087282,
              13.8960659
            ],
            [
              100.6090569,
              13.8966218
            ],
            [
              100.6093993,
              13.8972009
            ],
            [
              100.6100653,
              13.8983333
            ],
            [
              100.6106038,
              13.8992532
            ],
            [
              100.6110872,
              13.9000568
            ],
            [
              100.6115515,
              13.9008493
            ],
            [
              100.612052,
              13.9017009
            ],
            [
              100.6124859,
              13.9024416
            ],
            [
              100.6131367,
              13.9035315
            ],
            [
              100.6137837,
              13.904638
            ],
            [
              100.6143109,
              13.9055265
            ],
            [
              100.6148266,
              13.9064057
            ],
            [
              100.6154108,
              13.9073903
            ],
            [
              100.6160159,
              13.9084136
            ],
            [
              100.6164974,
              13.9092301
            ],
            [
              100.6170492,
              13.910174
            ],
            [
              100.6173751,
              13.9107226
            ],
            [
              100.6177178,
              13.9112995
            ],
            [
              100.6184859,
              13.9125917
            ],
            [
              100.619167,
              13.913745
            ],
            [
              100.6197186,
              13.91468
            ],
            [
              100.6203615,
              13.9157674
            ],
            [
              100.6208962,
              13.9166674
            ],
            [
              100.6213311,
              13.9174108
            ],
            [
              100.6216679,
              13.9179808
            ],
            [
              100.6220046,
              13.9185507
            ],
            [
              100.6237773,
              13.9215618
            ],
            [
              100.6249802,
              13.9235931
            ],
            [
              100.6251434,
              13.9238688
            ],
            [
              100.625489,
              13.9244685
            ],
            [
              100.6258199,
              13.9250239
            ],
            [
              100.6261702,
              13.9256118
            ],
            [
              100.6263531,
              13.9259112
            ],
            [
              100.6264615,
              13.9260699
            ],
            [
              100.6265566,
              13.9261929
            ],
            [
              100.6267618,
              13.9263823
            ],
            [
              100.6269186,
              13.9264957
            ],
            [
              100.6272689,
              13.926677
            ],
            [
              100.6278678,
              13.926881
            ],
            [
              100.6283143,
              13.9270384
            ],
            [
              100.6286575,
              13.9271737
            ],
            [
              100.62897,
              13.9273146
            ],
            [
              100.6296096,
              13.9276521
            ],
            [
              100.630104,
              13.9279297
            ],
            [
              100.6307664,
              13.9282858
            ],
            [
              100.6312209,
              13.9285331
            ],
            [
              100.6317956,
              13.9288516
            ],
            [
              100.6321933,
              13.9290676
            ],
            [
              100.6327405,
              13.9293746
            ],
            [
              100.6333168,
              13.9296869
            ],
            [
              100.6342149,
              13.930181
            ],
            [
              100.6355147,
              13.9308903
            ],
            [
              100.6363455,
              13.9313508
            ],
            [
              100.6369981,
              13.9317019
            ],
            [
              100.6372747,
              13.9318368
            ],
            [
              100.637577,
              13.9319626
            ],
            [
              100.6379193,
              13.9320939
            ],
            [
              100.6381881,
              13.932184
            ],
            [
              100.6385917,
              13.932294
            ],
            [
              100.6389865,
              13.9323806
            ],
            [
              100.6393749,
              13.9324408
            ],
            [
              100.6397792,
              13.9324933
            ],
            [
              100.6401119,
              13.9325134
            ],
            [
              100.640357,
              13.9325181
            ],
            [
              100.6409868,
              13.9325112
            ],
            [
              100.6426508,
              13.9324741
            ],
            [
              100.6439152,
              13.9324413
            ],
            [
              100.6447358,
              13.932423
            ],
            [
              100.645864,
              13.9323979
            ],
            [
              100.6465226,
              13.9323836
            ],
            [
              100.6472095,
              13.9323686
            ]
          ],
          [
            [
              100.5548479,
              13.7409149
            ],
            [
              100.5548058,
              13.7408589
            ],
            [
              100.5559261,
              13.7400633
            ],
            [
              100.5559681,
              13.740119
            ],
            [
              100.5548479,
              13.7409149
            ]
          ],
          [
            [
              100.5597829,
              13.7374187
            ],
            [
              100.5597381,
              13.7373598
            ],
            [
              100.5608638,
              13.7365522
            ],
            [
              100.5609088,
              13.7366113
            ],
            [
              100.5597829,
              13.7374187
            ]
          ]
        ]
      },
      "id": "relation/7989376"
    },
    {
      "type": "Feature",
      "properties": {
        "@id": "relation/7989385",
        "colour": "#02817D",
        "name": "รถไฟฟ้าบีทีเอส สายสีลม (บางหว้า → สนามกีฬาแห่งชาติ)",
        "name:en": "BTS Silom Line (Bang Wa → National Stadium)",
        "name:th": "รถไฟฟ้าบีทีเอส สายสีลม (บางหว้า → สนามกีฬาแห่งชาติ)",
        "network": "รถไฟฟ้าบีทีเอส",
        "network:en": "BTS Skytrain",
        "network:short": "BTS",
        "network:th": "รถไฟฟ้าบีทีเอส",
        "network:wikidata": "Q806501",
        "operator": "ระบบขนส่งมวลชนกรุงเทพ",
        "operator:en": "Bangkok Mass Transit System;BTSC",
        "public_transport:version": "2",
        "ref": "สีลม",
        "route": "subway",
        "type": "route",
        "wikidata": "Q2634702",
        "wikipedia": "th:รถไฟฟ้าบีทีเอส สายสีลม"
      },
      "geometry": {
        "type": "LineString",
        "coordinates": [
          [
            100.4576223,
            13.721749
          ],
          [
            100.4576529,
            13.7215482
          ],
          [
            100.4577634,
            13.7207873
          ],
          [
            100.4578636,
            13.7200977
          ],
          [
            100.4578693,
            13.7200609
          ],
          [
            100.4579643,
            13.7194536
          ],
          [
            100.4580771,
            13.718732
          ],
          [
            100.4581604,
            13.718265
          ],
          [
            100.4582159,
            13.7180458
          ],
          [
            100.4583929,
            13.7175855
          ],
          [
            100.4584746,
            13.7174325
          ],
          [
            100.4585432,
            13.7173133
          ],
          [
            100.4586434,
            13.7171443
          ],
          [
            100.4590787,
            13.7165572
          ],
          [
            100.4593501,
            13.7161725
          ],
          [
            100.4596624,
            13.7157746
          ],
          [
            100.4598212,
            13.7155822
          ],
          [
            100.4600465,
            13.7153666
          ],
          [
            100.4603264,
            13.7151544
          ],
          [
            100.4605022,
            13.7150399
          ],
          [
            100.4607019,
            13.7149288
          ],
          [
            100.4608675,
            13.7148509
          ],
          [
            100.4610416,
            13.7147846
          ],
          [
            100.4612055,
            13.7147232
          ],
          [
            100.4614615,
            13.7146469
          ],
          [
            100.4621187,
            13.7144861
          ],
          [
            100.4628542,
            13.714297
          ],
          [
            100.4631031,
            13.7142543
          ],
          [
            100.4633429,
            13.7142204
          ],
          [
            100.463522,
            13.7142056
          ],
          [
            100.4637254,
            13.7142056
          ],
          [
            100.463947,
            13.7142145
          ],
          [
            100.4642202,
            13.7142395
          ],
          [
            100.4647347,
            13.7142941
          ],
          [
            100.4649533,
            13.7143044
          ],
          [
            100.46514,
            13.7143029
          ],
          [
            100.4652963,
            13.7143
          ],
          [
            100.4654466,
            13.7142882
          ],
          [
            100.4656181,
            13.7142631
          ],
          [
            100.4658245,
            13.7142277
          ],
          [
            100.4660173,
            13.7141835
          ],
          [
            100.4661372,
            13.7141511
          ],
          [
            100.4662465,
            13.7141142
          ],
          [
            100.4663692,
            13.7140663
          ],
          [
            100.4668285,
            13.7138877
          ],
          [
            100.4672669,
            13.7137028
          ],
          [
            100.4674009,
            13.7136445
          ],
          [
            100.4676722,
            13.7135224
          ],
          [
            100.4678575,
            13.7134373
          ],
          [
            100.4682371,
            13.7132748
          ],
          [
            100.4689006,
            13.7130133
          ],
          [
            100.469564,
            13.7127518
          ],
          [
            100.4700328,
            13.7125685
          ],
          [
            100.470313,
            13.7124769
          ],
          [
            100.470488,
            13.7124211
          ],
          [
            100.4714311,
            13.7122127
          ],
          [
            100.4715621,
            13.7121909
          ],
          [
            100.4717864,
            13.7121645
          ],
          [
            100.4719221,
            13.7121565
          ],
          [
            100.4720992,
            13.7121496
          ],
          [
            100.472318,
            13.7121576
          ],
          [
            100.4728745,
            13.7122051
          ],
          [
            100.4731423,
            13.7122469
          ],
          [
            100.4733333,
            13.7122911
          ],
          [
            100.4736255,
            13.7123906
          ],
          [
            100.4738304,
            13.7124822
          ],
          [
            100.4741274,
            13.7126383
          ],
          [
            100.4743882,
            13.7127763
          ],
          [
            100.4746734,
            13.7129562
          ],
          [
            100.4749191,
            13.7131202
          ],
          [
            100.4753162,
            13.7134132
          ],
          [
            100.475549,
            13.713567
          ],
          [
            100.4756329,
            13.7136224
          ],
          [
            100.4757536,
            13.713688
          ],
          [
            100.4760567,
            13.7138527
          ],
          [
            100.4766992,
            13.7142066
          ],
          [
            100.4773046,
            13.7145401
          ],
          [
            100.4782383,
            13.7150858
          ],
          [
            100.4789978,
            13.715544
          ],
          [
            100.479155,
            13.7156485
          ],
          [
            100.4792444,
            13.7157155
          ],
          [
            100.4793811,
            13.7158259
          ],
          [
            100.4795855,
            13.7160104
          ],
          [
            100.4799371,
            13.7163332
          ],
          [
            100.4800919,
            13.7164703
          ],
          [
            100.4802175,
            13.7165753
          ],
          [
            100.480311,
            13.7166439
          ],
          [
            100.4804459,
            13.7167313
          ],
          [
            100.480887,
            13.7169816
          ],
          [
            100.481706,
            13.7174326
          ],
          [
            100.4826294,
            13.7179401
          ],
          [
            100.4836391,
            13.7184936
          ],
          [
            100.483854,
            13.7185959
          ],
          [
            100.4841565,
            13.7187285
          ],
          [
            100.4842341,
            13.71876
          ],
          [
            100.4843582,
            13.7188066
          ],
          [
            100.4845698,
            13.7188779
          ],
          [
            100.4847461,
            13.7189354
          ],
          [
            100.484897,
            13.7189738
          ],
          [
            100.4850254,
            13.7190067
          ],
          [
            100.4852761,
            13.7190678
          ],
          [
            100.4859751,
            13.7192286
          ],
          [
            100.486689,
            13.7193928
          ],
          [
            100.4870004,
            13.7194658
          ],
          [
            100.4872257,
            13.7195366
          ],
          [
            100.4874113,
            13.7195946
          ],
          [
            100.4879039,
            13.7197705
          ],
          [
            100.4890967,
            13.7202083
          ],
          [
            100.4895871,
            13.7203714
          ],
          [
            100.4897528,
            13.720425
          ],
          [
            100.4900532,
            13.7205023
          ],
          [
            100.490241,
            13.7205452
          ],
          [
            100.4905347,
            13.7205924
          ],
          [
            100.491147,
            13.7206937
          ],
          [
            100.4915663,
            13.7207631
          ],
          [
            100.4925524,
            13.7209187
          ],
          [
            100.4927418,
            13.7209429
          ],
          [
            100.4928805,
            13.7209647
          ],
          [
            100.4932214,
            13.7210023
          ],
          [
            100.4935934,
            13.7210339
          ],
          [
            100.4937814,
            13.7210433
          ],
          [
            100.4939266,
            13.7210505
          ],
          [
            100.4940986,
            13.721058
          ],
          [
            100.4942535,
            13.7210625
          ],
          [
            100.4945741,
            13.7210613
          ],
          [
            100.4951564,
            13.7210685
          ],
          [
            100.4958088,
            13.7210766
          ],
          [
            100.4962588,
            13.721073
          ],
          [
            100.497455,
            13.7210397
          ],
          [
            100.4981978,
            13.7210228
          ],
          [
            100.498746,
            13.7210103
          ],
          [
            100.5008156,
            13.7209566
          ],
          [
            100.5019823,
            13.7209299
          ],
          [
            100.5027183,
            13.7209129
          ],
          [
            100.5032708,
            13.7209001
          ],
          [
            100.5035283,
            13.7208919
          ],
          [
            100.5043415,
            13.7208743
          ],
          [
            100.5048678,
            13.7208389
          ],
          [
            100.5055802,
            13.7207682
          ],
          [
            100.5059036,
            13.7207233
          ],
          [
            100.5064354,
            13.7206377
          ],
          [
            100.5066804,
            13.7205942
          ],
          [
            100.507359,
            13.7204471
          ],
          [
            100.5090388,
            13.7200465
          ],
          [
            100.5104875,
            13.7196933
          ],
          [
            100.5115876,
            13.7194276
          ],
          [
            100.5120849,
            13.7193075
          ],
          [
            100.5125348,
            13.719203
          ],
          [
            100.5128175,
            13.7191717
          ],
          [
            100.5131003,
            13.7191007
          ],
          [
            100.514223,
            13.7188128
          ],
          [
            100.5146969,
            13.718694
          ],
          [
            100.5158965,
            13.7183775
          ],
          [
            100.5167516,
            13.7181465
          ],
          [
            100.5168689,
            13.7181309
          ],
          [
            100.5169904,
            13.7181175
          ],
          [
            100.5171099,
            13.7181144
          ],
          [
            100.5172197,
            13.7181185
          ],
          [
            100.5173168,
            13.7181268
          ],
          [
            100.5174309,
            13.7181465
          ],
          [
            100.5175407,
            13.7181703
          ],
          [
            100.5177708,
            13.7182268
          ],
          [
            100.5180892,
            13.7183025
          ],
          [
            100.5182666,
            13.7183508
          ],
          [
            100.5187707,
            13.7184958
          ],
          [
            100.5202268,
            13.7189273
          ],
          [
            100.5208663,
            13.7191175
          ],
          [
            100.5214578,
            13.7192908
          ],
          [
            100.5220494,
            13.719464
          ],
          [
            100.5226429,
            13.7196475
          ],
          [
            100.5226563,
            13.7196513
          ],
          [
            100.5237055,
            13.7199465
          ],
          [
            100.5250198,
            13.7203456
          ],
          [
            100.525994,
            13.7206301
          ],
          [
            100.5266831,
            13.720834
          ],
          [
            100.5273599,
            13.7210343
          ],
          [
            100.5280942,
            13.7212501
          ],
          [
            100.5282308,
            13.7212889
          ],
          [
            100.5283636,
            13.7213173
          ],
          [
            100.5284395,
            13.7213323
          ],
          [
            100.5285763,
            13.721358
          ],
          [
            100.528671,
            13.7213716
          ],
          [
            100.5288264,
            13.7213897
          ],
          [
            100.5290346,
            13.7214169
          ],
          [
            100.5292289,
            13.721438
          ],
          [
            100.5293314,
            13.7214591
          ],
          [
            100.5294215,
            13.7214848
          ],
          [
            100.5295179,
            13.7215271
          ],
          [
            100.5296096,
            13.7215799
          ],
          [
            100.5297028,
            13.7216554
          ],
          [
            100.5297882,
            13.7217324
          ],
          [
            100.5298504,
            13.7218003
          ],
          [
            100.5299017,
            13.7218909
          ],
          [
            100.529953,
            13.7220026
          ],
          [
            100.5299871,
            13.7220992
          ],
          [
            100.5300058,
            13.7222139
          ],
          [
            100.5300058,
            13.7223346
          ],
          [
            100.5299999,
            13.7224063
          ],
          [
            100.5299807,
            13.7224937
          ],
          [
            100.5299394,
            13.7225997
          ],
          [
            100.5296403,
            13.7231431
          ],
          [
            100.5293058,
            13.723788
          ],
          [
            100.5290315,
            13.724317
          ],
          [
            100.528915,
            13.724525
          ],
          [
            100.5287785,
            13.7247269
          ],
          [
            100.5286583,
            13.7248827
          ],
          [
            100.5285756,
            13.7249629
          ],
          [
            100.5283214,
            13.7252403
          ],
          [
            100.5282551,
            13.7253401
          ],
          [
            100.52821,
            13.7254216
          ],
          [
            100.5281687,
            13.7255432
          ],
          [
            100.528147,
            13.7256345
          ],
          [
            100.5281346,
            13.7257448
          ],
          [
            100.5281315,
            13.7258381
          ],
          [
            100.5281408,
            13.7259284
          ],
          [
            100.5281537,
            13.7259934
          ],
          [
            100.5281754,
            13.7260646
          ],
          [
            100.5282004,
            13.7261343
          ],
          [
            100.5282359,
            13.7262087
          ],
          [
            100.5282698,
            13.7262659
          ],
          [
            100.5283181,
            13.7263285
          ],
          [
            100.5283705,
            13.7263927
          ],
          [
            100.5284398,
            13.7264593
          ],
          [
            100.5284972,
            13.7265067
          ],
          [
            100.5285677,
            13.7265511
          ],
          [
            100.5286619,
            13.7266008
          ],
          [
            100.5287407,
            13.7266358
          ],
          [
            100.5288556,
            13.7266748
          ],
          [
            100.529084,
            13.7267339
          ],
          [
            100.529304,
            13.7267877
          ],
          [
            100.5294346,
            13.72683
          ],
          [
            100.5297193,
            13.726933
          ],
          [
            100.5335855,
            13.7283159
          ],
          [
            100.5343334,
            13.7285826
          ],
          [
            100.5349185,
            13.7287912
          ],
          [
            100.5352486,
            13.7289142
          ],
          [
            100.5359342,
            13.7291746
          ],
          [
            100.5360234,
            13.7292303
          ],
          [
            100.5361064,
            13.7292885
          ],
          [
            100.536175,
            13.729356
          ],
          [
            100.5362677,
            13.7294695
          ],
          [
            100.5364626,
            13.7297404
          ],
          [
            100.5367327,
            13.7301154
          ],
          [
            100.5369274,
            13.73044
          ],
          [
            100.5370319,
            13.7306495
          ],
          [
            100.5371021,
            13.730823
          ],
          [
            100.5375388,
            13.7319504
          ],
          [
            100.5380338,
            13.733225
          ],
          [
            100.5385025,
            13.7344064
          ],
          [
            100.5386426,
            13.7347794
          ],
          [
            100.5387504,
            13.7351262
          ],
          [
            100.538776,
            13.735223
          ],
          [
            100.5387937,
            13.7352948
          ],
          [
            100.5389739,
            13.7364316
          ],
          [
            100.5391367,
            13.7375377
          ],
          [
            100.5393136,
            13.7387065
          ],
          [
            100.5394317,
            13.7394702
          ],
          [
            100.5395243,
            13.7400688
          ],
          [
            100.5396533,
            13.7409312
          ],
          [
            100.5397071,
            13.7412974
          ],
          [
            100.5397367,
            13.7414997
          ],
          [
            100.5398238,
            13.7420618
          ],
          [
            100.5398702,
            13.7423718
          ],
          [
            100.539919,
            13.7426732
          ],
          [
            100.5400052,
            13.7430153
          ],
          [
            100.5402241,
            13.7436815
          ],
          [
            100.5402633,
            13.7438773
          ],
          [
            100.5402622,
            13.7440232
          ],
          [
            100.5402452,
            13.7441309
          ],
          [
            100.5402181,
            13.7442275
          ],
          [
            100.5401772,
            13.7443253
          ],
          [
            100.5401222,
            13.7444114
          ],
          [
            100.5399876,
            13.744557
          ],
          [
            100.5398416,
            13.7446512
          ],
          [
            100.5396856,
            13.7447039
          ],
          [
            100.5394579,
            13.7447432
          ],
          [
            100.5392138,
            13.7447699
          ],
          [
            100.5386374,
            13.7448029
          ],
          [
            100.5382478,
            13.7448646
          ],
          [
            100.5373561,
            13.7450217
          ],
          [
            100.536056,
            13.7452524
          ],
          [
            100.535666,
            13.7453125
          ],
          [
            100.5353146,
            13.7453542
          ],
          [
            100.5351408,
            13.7453816
          ],
          [
            100.5342054,
            13.7455463
          ],
          [
            100.5332886,
            13.7457001
          ],
          [
            100.5326612,
            13.7458706
          ],
          [
            100.5324299,
            13.7459101
          ],
          [
            100.5314146,
            13.7460838
          ],
          [
            100.5310746,
            13.7461365
          ],
          [
            100.5302749,
            13.746284
          ],
          [
            100.5300477,
            13.7463239
          ],
          [
            100.5290823,
            13.7464933
          ]
        ]
      },
      "id": "relation/7989385"
    },
    {
      "type": "Feature",
      "properties": {
        "@id": "relation/11681439",
        "colour": "#A58704",
        "from": "Krung Thon Buri",
        "name": "รถไฟฟ้าสายสีทอง (กรุงธนบุรี → คลองสาน)",
        "name:en": "Gold Line (Krung Thon Buri → Khlong San)",
        "name:th": "รถไฟฟ้าสายสีทอง (กรุงธนบุรี → คลองสาน)",
        "network": "BTS",
        "operator": "กรุงเทพธนาคม",
        "public_transport:version": "2",
        "ref": "APM Gold Line",
        "route": "subway",
        "to": "Khlong San",
        "type": "route",
        "wikidata": "Q25540775",
        "wikipedia": "en:Gold Line (Bangkok)"
      },
      "geometry": {
        "type": "LineString",
        "coordinates": [
          [
            100.5031917,
            13.7211722
          ],
          [
            100.5035785,
            13.7211699
          ],
          [
            100.5037139,
            13.7211681
          ],
          [
            100.5039189,
            13.721164
          ],
          [
            100.503959,
            13.7211632
          ],
          [
            100.5040066,
            13.7211627
          ],
          [
            100.5040383,
            13.7211615
          ],
          [
            100.5040722,
            13.7211551
          ],
          [
            100.5041151,
            13.7211433
          ],
          [
            100.5041619,
            13.7211348
          ],
          [
            100.5042185,
            13.721131
          ],
          [
            100.5042766,
            13.7211323
          ],
          [
            100.5044623,
            13.7211283
          ],
          [
            100.5052882,
            13.7211024
          ],
          [
            100.5054391,
            13.7210979
          ],
          [
            100.5055096,
            13.7210986
          ],
          [
            100.5055752,
            13.721108
          ],
          [
            100.5056552,
            13.72114
          ],
          [
            100.505696,
            13.7211597
          ],
          [
            100.505784,
            13.7212233
          ],
          [
            100.5058197,
            13.7212589
          ],
          [
            100.5058622,
            13.7213077
          ],
          [
            100.50599,
            13.7215726
          ],
          [
            100.5060228,
            13.7216336
          ],
          [
            100.5060536,
            13.721682
          ],
          [
            100.5060876,
            13.7217239
          ],
          [
            100.5061302,
            13.7217655
          ],
          [
            100.5061698,
            13.7217975
          ],
          [
            100.5062184,
            13.7218296
          ],
          [
            100.5062766,
            13.7218614
          ],
          [
            100.5063284,
            13.7218819
          ],
          [
            100.5063808,
            13.7218955
          ],
          [
            100.506451,
            13.7219038
          ],
          [
            100.506521,
            13.7219046
          ],
          [
            100.5065912,
            13.7218986
          ],
          [
            100.5066628,
            13.7218877
          ],
          [
            100.5079645,
            13.7216375
          ],
          [
            100.5081054,
            13.7216064
          ],
          [
            100.5082589,
            13.7215689
          ],
          [
            100.5083994,
            13.7215297
          ],
          [
            100.5084936,
            13.7215059
          ],
          [
            100.508574,
            13.721494
          ],
          [
            100.5086563,
            13.7214977
          ],
          [
            100.5087322,
            13.7215219
          ],
          [
            100.5087951,
            13.7215604
          ],
          [
            100.5088599,
            13.7216206
          ],
          [
            100.5088909,
            13.721667
          ],
          [
            100.5089145,
            13.7217234
          ],
          [
            100.5089243,
            13.7217907
          ],
          [
            100.5089319,
            13.7218582
          ],
          [
            100.5089381,
            13.72194
          ],
          [
            100.5090168,
            13.7230225
          ],
          [
            100.5090615,
            13.7237381
          ],
          [
            100.5091203,
            13.7246321
          ],
          [
            100.509135,
            13.7248461
          ],
          [
            100.5091365,
            13.7250574
          ],
          [
            100.5091304,
            13.7253106
          ],
          [
            100.5091164,
            13.7256104
          ],
          [
            100.5090918,
            13.7259755
          ],
          [
            100.5090516,
            13.7264623
          ],
          [
            100.5089622,
            13.7274933
          ],
          [
            100.5088392,
            13.7285408
          ],
          [
            100.5087458,
            13.7295546
          ],
          [
            100.5087328,
            13.7296731
          ],
          [
            100.5087145,
            13.7297357
          ],
          [
            100.508688,
            13.7297967
          ],
          [
            100.5086634,
            13.7298408
          ],
          [
            100.5086115,
            13.7299052
          ],
          [
            100.5085608,
            13.7299522
          ],
          [
            100.5084842,
            13.730008
          ],
          [
            100.5084237,
            13.730039
          ],
          [
            100.5083139,
            13.730083
          ],
          [
            100.5082022,
            13.7301459
          ],
          [
            100.5081334,
            13.7301847
          ],
          [
            100.5079766,
            13.7302389
          ],
          [
            100.5079329,
            13.730254
          ],
          [
            100.5077277,
            13.7303253
          ]
        ]
      },
      "id": "relation/11681439"
    },
    {
      "type": "Feature",
      "properties": {
        "@id": "relation/11681440",
        "colour": "#A58704",
        "from": "Khlong San",
        "name": "รถไฟฟ้าสายสีทอง (คลองสาน → กรุงธนบุรี)",
        "name:en": "Gold Line (Khlong San → Krung Thon Buri)",
        "name:th": "รถไฟฟ้าสายสีทอง (คลองสาน → กรุงธนบุรี)",
        "network": "BTS",
        "operator": "กรุงเทพธนาคม",
        "public_transport:version": "2",
        "ref": "APM Gold Line",
        "route": "subway",
        "to": "Krung Thon Buri",
        "type": "route",
        "wikidata": "Q25540775",
        "wikipedia": "en:Gold Line (Bangkok)"
      },
      "geometry": {
        "type": "LineString",
        "coordinates": [
          [
            100.5031917,
            13.7211722
          ],
          [
            100.5035785,
            13.7211699
          ],
          [
            100.5037139,
            13.7211681
          ],
          [
            100.5039189,
            13.721164
          ],
          [
            100.504021,
            13.7211365
          ],
          [
            100.5043411,
            13.7210979
          ],
          [
            100.5052795,
            13.7210702
          ],
          [
            100.5053868,
            13.721067
          ],
          [
            100.5054814,
            13.7210657
          ],
          [
            100.5055726,
            13.7210712
          ],
          [
            100.5056302,
            13.721086
          ],
          [
            100.505698,
            13.7211125
          ],
          [
            100.5057577,
            13.7211509
          ],
          [
            100.5058267,
            13.7212064
          ],
          [
            100.505918,
            13.7213021
          ],
          [
            100.5060138,
            13.7215132
          ],
          [
            100.5061064,
            13.7216715
          ],
          [
            100.506215,
            13.7217685
          ],
          [
            100.5063223,
            13.7218154
          ],
          [
            100.5063907,
            13.7218434
          ],
          [
            100.5064886,
            13.7218565
          ],
          [
            100.5065939,
            13.7218552
          ],
          [
            100.507084,
            13.7217614
          ],
          [
            100.5077734,
            13.7216317
          ],
          [
            100.5082253,
            13.721534
          ],
          [
            100.5085244,
            13.7214578
          ],
          [
            100.5086035,
            13.7214448
          ],
          [
            100.5087282,
            13.721461
          ],
          [
            100.5087933,
            13.721493
          ],
          [
            100.5088556,
            13.7215412
          ],
          [
            100.5089039,
            13.7215933
          ],
          [
            100.5089388,
            13.7216526
          ],
          [
            100.5089609,
            13.7217197
          ],
          [
            100.508969,
            13.7218148
          ],
          [
            100.508981,
            13.7219998
          ],
          [
            100.5090273,
            13.7226375
          ],
          [
            100.5090615,
            13.7231371
          ],
          [
            100.5090796,
            13.7234309
          ],
          [
            100.5090957,
            13.7236745
          ],
          [
            100.5091286,
            13.7240719
          ],
          [
            100.50915,
            13.7243794
          ],
          [
            100.5091721,
            13.724707
          ],
          [
            100.5091809,
            13.7249871
          ],
          [
            100.5091695,
            13.7252985
          ],
          [
            100.50915,
            13.7256972
          ],
          [
            100.5091292,
            13.7260209
          ],
          [
            100.5090929,
            13.7264656
          ],
          [
            100.5090612,
            13.7268549
          ],
          [
            100.5090226,
            13.7272486
          ],
          [
            100.5089613,
            13.7277585
          ],
          [
            100.5089159,
            13.7281682
          ],
          [
            100.5088823,
            13.7284665
          ],
          [
            100.5087844,
            13.7295726
          ],
          [
            100.5087616,
            13.7297107
          ],
          [
            100.5087053,
            13.7298318
          ],
          [
            100.5086248,
            13.7299426
          ],
          [
            100.5085524,
            13.7300116
          ],
          [
            100.5084813,
            13.7300559
          ],
          [
            100.508197,
            13.7301627
          ],
          [
            100.5081334,
            13.7301847
          ],
          [
            100.5079766,
            13.7302389
          ],
          [
            100.5079329,
            13.730254
          ],
          [
            100.5077277,
            13.7303253
          ]
        ]
      },
      "id": "relation/11681440"
    },
    {
      "type": "Feature",
      "properties": {
        "@id": "relation/15806897",
        "colour": "#FFD400",
        "from": "Lat Phrao",
        "name": "รถไฟฟ้าสายสีเหลือง (ลาดพร้าว - สำโรง)",
        "name:en": "Yellow Line (Lat Phrao - Samrong)",
        "name:th": "รถไฟฟ้าสายสีเหลือง (ลาดพร้าว - สำโรง)",
        "network": "Metropolitan Rapid Transit",
        "network:short": "MRT",
        "network:wikidata": "Q806485",
        "operator": "อีสเทิร์นบางกอกโมโนเรล",
        "operator:en": "Eastern Bangkok Monorail",
        "operator:th": "อีสเทิร์นบางกอกโมโนเรล",
        "ref": "MRT Yellow",
        "route": "monorail",
        "start_date": "2023-06-03",
        "to": "Samrong",
        "type": "route",
        "wikidata": "Q14784897",
        "wikipedia": "th:รถไฟฟ้ามหานคร สายสีเหลือง"
      },
      "geometry": {
        "type": "LineString",
        "coordinates": [
          [
            100.5748076,
            13.8069911
          ],
          [
            100.5747535,
            13.8059285
          ],
          [
            100.5747513,
            13.8058479
          ],
          [
            100.5747571,
            13.8057656
          ],
          [
            100.5747705,
            13.805696
          ],
          [
            100.5747913,
            13.8056291
          ],
          [
            100.5748121,
            13.8055721
          ],
          [
            100.5748462,
            13.8055073
          ],
          [
            100.5748883,
            13.8054473
          ],
          [
            100.574935,
            13.8053933
          ],
          [
            100.5749889,
            13.8053434
          ],
          [
            100.5750445,
            13.8053003
          ],
          [
            100.575116,
            13.8052536
          ],
          [
            100.5751923,
            13.8052084
          ],
          [
            100.5753038,
            13.8051434
          ],
          [
            100.5842166,
            13.800171
          ],
          [
            100.5944651,
            13.7944307
          ],
          [
            100.6075898,
            13.7871028
          ],
          [
            100.6136046,
            13.7837527
          ],
          [
            100.6231873,
            13.7783773
          ],
          [
            100.6298034,
            13.7746782
          ],
          [
            100.6397564,
            13.7690978
          ],
          [
            100.6449397,
            13.7661651
          ],
          [
            100.6450217,
            13.7661172
          ],
          [
            100.6450971,
            13.7660674
          ],
          [
            100.6451547,
            13.7660216
          ],
          [
            100.6452079,
            13.7659688
          ],
          [
            100.6452525,
            13.7659154
          ],
          [
            100.6452899,
            13.7658549
          ],
          [
            100.6453154,
            13.7658081
          ],
          [
            100.64534,
            13.7657466
          ],
          [
            100.6453564,
            13.7656878
          ],
          [
            100.6453666,
            13.7656299
          ],
          [
            100.645541,
            13.7642933
          ],
          [
            100.6455574,
            13.7641573
          ],
          [
            100.6455715,
            13.7640054
          ],
          [
            100.6455843,
            13.7638728
          ],
          [
            100.645595,
            13.7637339
          ],
          [
            100.645601,
            13.7635858
          ],
          [
            100.6456046,
            13.7634536
          ],
          [
            100.6456072,
            13.7633128
          ],
          [
            100.6456074,
            13.7631766
          ],
          [
            100.6456078,
            13.763039
          ],
          [
            100.6456058,
            13.7628913
          ],
          [
            100.6456011,
            13.7627288
          ],
          [
            100.6455953,
            13.7625866
          ],
          [
            100.6455887,
            13.7624495
          ],
          [
            100.6455801,
            13.7622941
          ],
          [
            100.6455516,
            13.7618442
          ],
          [
            100.6455153,
            13.7612907
          ],
          [
            100.6455057,
            13.7611269
          ],
          [
            100.6455022,
            13.7609063
          ],
          [
            100.6455101,
            13.7606792
          ],
          [
            100.6455264,
            13.7604547
          ],
          [
            100.6459197,
            13.7563674
          ],
          [
            100.6459393,
            13.7561286
          ],
          [
            100.6459497,
            13.7558927
          ],
          [
            100.6459551,
            13.7556544
          ],
          [
            100.6459519,
            13.7554122
          ],
          [
            100.6459434,
            13.7551847
          ],
          [
            100.6459242,
            13.7549572
          ],
          [
            100.6459011,
            13.7547266
          ],
          [
            100.645812,
            13.7540736
          ],
          [
            100.6457821,
            13.7538628
          ],
          [
            100.6457429,
            13.753652
          ],
          [
            100.6456892,
            13.7534459
          ],
          [
            100.6454591,
            13.7526616
          ],
          [
            100.6450408,
            13.7512217
          ],
          [
            100.6448116,
            13.7504328
          ],
          [
            100.6440325,
            13.7477185
          ],
          [
            100.6439586,
            13.7474548
          ],
          [
            100.6438902,
            13.7471911
          ],
          [
            100.6438225,
            13.7469244
          ],
          [
            100.6425436,
            13.7416096
          ],
          [
            100.6424121,
            13.7410631
          ],
          [
            100.6422846,
            13.7405333
          ],
          [
            100.6422315,
            13.740263
          ],
          [
            100.6421784,
            13.7399953
          ],
          [
            100.6421208,
            13.7397232
          ],
          [
            100.6420611,
            13.7394532
          ],
          [
            100.6419986,
            13.7391896
          ],
          [
            100.6419333,
            13.7389221
          ],
          [
            100.6418657,
            13.7386563
          ],
          [
            100.6418189,
            13.7384714
          ],
          [
            100.64169,
            13.7380016
          ],
          [
            100.6414468,
            13.7371795
          ],
          [
            100.6414132,
            13.7370741
          ],
          [
            100.6413768,
            13.7369699
          ],
          [
            100.6413121,
            13.7367981
          ],
          [
            100.6411384,
            13.7361482
          ],
          [
            100.6409703,
            13.7355009
          ],
          [
            100.6409549,
            13.735423
          ],
          [
            100.6409483,
            13.7353473
          ],
          [
            100.6409479,
            13.7352619
          ],
          [
            100.6409578,
            13.7351775
          ],
          [
            100.6409713,
            13.7350859
          ],
          [
            100.6410194,
            13.7348733
          ],
          [
            100.6410438,
            13.7347717
          ],
          [
            100.6410638,
            13.7346813
          ],
          [
            100.6410826,
            13.734572
          ],
          [
            100.6410984,
            13.7344522
          ],
          [
            100.6413884,
            13.730667
          ],
          [
            100.6414111,
            13.7303715
          ],
          [
            100.6417611,
            13.725803
          ],
          [
            100.6417964,
            13.7253425
          ],
          [
            100.6418309,
            13.7248818
          ],
          [
            100.6422113,
            13.7197964
          ],
          [
            100.6422317,
            13.7196137
          ],
          [
            100.6422605,
            13.719418
          ],
          [
            100.6422949,
            13.7192241
          ],
          [
            100.6423357,
            13.7190104
          ],
          [
            100.6423762,
            13.718811
          ],
          [
            100.6424836,
            13.718334
          ],
          [
            100.6424986,
            13.7182454
          ],
          [
            100.6425095,
            13.7181569
          ],
          [
            100.6425155,
            13.7180775
          ],
          [
            100.6425546,
            13.7175521
          ],
          [
            100.6425614,
            13.7174374
          ],
          [
            100.6425686,
            13.7173426
          ],
          [
            100.6425779,
            13.7172573
          ],
          [
            100.6425902,
            13.717171
          ],
          [
            100.642606,
            13.7170865
          ],
          [
            100.6430073,
            13.715332
          ],
          [
            100.6430373,
            13.7152013
          ],
          [
            100.6430723,
            13.7150607
          ],
          [
            100.6431077,
            13.7149387
          ],
          [
            100.6431522,
            13.7148088
          ],
          [
            100.6432059,
            13.7146671
          ],
          [
            100.6433713,
            13.7142518
          ],
          [
            100.6434189,
            13.7141349
          ],
          [
            100.6434619,
            13.7140237
          ],
          [
            100.6434997,
            13.7139157
          ],
          [
            100.6435305,
            13.7138157
          ],
          [
            100.6441576,
            13.7111444
          ],
          [
            100.6464837,
            13.7011148
          ],
          [
            100.647263,
            13.6977494
          ],
          [
            100.6473321,
            13.6974516
          ],
          [
            100.647391,
            13.697132
          ],
          [
            100.6474315,
            13.696854
          ],
          [
            100.6474587,
            13.6965759
          ],
          [
            100.6474695,
            13.6964034
          ],
          [
            100.6474769,
            13.6962855
          ],
          [
            100.6474858,
            13.6959921
          ],
          [
            100.6474797,
            13.6957342
          ],
          [
            100.6474655,
            13.6954526
          ],
          [
            100.6474411,
            13.6951502
          ],
          [
            100.6471028,
            13.6908637
          ],
          [
            100.6465683,
            13.6841045
          ],
          [
            100.6465605,
            13.6838949
          ],
          [
            100.6465565,
            13.6837163
          ],
          [
            100.6465553,
            13.6835354
          ],
          [
            100.6465574,
            13.6833238
          ],
          [
            100.6465759,
            13.6822681
          ],
          [
            100.6465803,
            13.6820758
          ],
          [
            100.6465801,
            13.6819032
          ],
          [
            100.6465732,
            13.6817056
          ],
          [
            100.6465586,
            13.6814887
          ],
          [
            100.6461707,
            13.6766379
          ],
          [
            100.6458189,
            13.6722532
          ],
          [
            100.6457795,
            13.671799
          ],
          [
            100.6457059,
            13.6708891
          ],
          [
            100.6456868,
            13.6706741
          ],
          [
            100.6456658,
            13.670472
          ],
          [
            100.6456359,
            13.6702631
          ],
          [
            100.6455982,
            13.6700485
          ],
          [
            100.6455569,
            13.6698253
          ],
          [
            100.6455098,
            13.6696007
          ],
          [
            100.6453575,
            13.6689127
          ],
          [
            100.645204,
            13.668219
          ],
          [
            100.6450811,
            13.6676635
          ],
          [
            100.6447858,
            13.666313
          ],
          [
            100.6445523,
            13.665245
          ],
          [
            100.6443513,
            13.664326
          ],
          [
            100.6442838,
            13.6640718
          ],
          [
            100.6442071,
            13.6637999
          ],
          [
            100.6441375,
            13.6635623
          ],
          [
            100.6440496,
            13.6632714
          ],
          [
            100.6437607,
            13.6623491
          ],
          [
            100.6437131,
            13.662204
          ],
          [
            100.6436612,
            13.6620415
          ],
          [
            100.6436146,
            13.6618835
          ],
          [
            100.6435626,
            13.6616995
          ],
          [
            100.6435202,
            13.6615431
          ],
          [
            100.6434768,
            13.6613734
          ],
          [
            100.6434413,
            13.6612173
          ],
          [
            100.6421358,
            13.6549576
          ],
          [
            100.641872,
            13.6536765
          ],
          [
            100.6418324,
            13.6535044
          ],
          [
            100.6417866,
            13.6533248
          ],
          [
            100.6417366,
            13.6531513
          ],
          [
            100.6416778,
            13.6529645
          ],
          [
            100.6416186,
            13.6527952
          ],
          [
            100.6415474,
            13.6526055
          ],
          [
            100.6414703,
            13.6524253
          ],
          [
            100.6413931,
            13.6522563
          ],
          [
            100.6413099,
            13.6520872
          ],
          [
            100.6412205,
            13.6519147
          ],
          [
            100.64111,
            13.6517171
          ],
          [
            100.6409934,
            13.6515176
          ],
          [
            100.6362413,
            13.6434708
          ],
          [
            100.6301044,
            13.6331246
          ],
          [
            100.6295261,
            13.6321423
          ],
          [
            100.6274996,
            13.628737
          ],
          [
            100.6274409,
            13.6286444
          ],
          [
            100.6273904,
            13.6285747
          ],
          [
            100.6273224,
            13.6284909
          ],
          [
            100.6272611,
            13.6284292
          ],
          [
            100.6271958,
            13.6283727
          ],
          [
            100.627099,
            13.6283004
          ],
          [
            100.6269963,
            13.6282388
          ],
          [
            100.6268942,
            13.6281879
          ],
          [
            100.6267734,
            13.6281428
          ],
          [
            100.6266588,
            13.6281111
          ],
          [
            100.6265476,
            13.6280965
          ],
          [
            100.6264335,
            13.6280857
          ],
          [
            100.6263171,
            13.628087
          ],
          [
            100.6261904,
            13.6280967
          ],
          [
            100.6260744,
            13.6281194
          ],
          [
            100.6259688,
            13.6281502
          ],
          [
            100.6258684,
            13.6281862
          ],
          [
            100.6257459,
            13.6282421
          ],
          [
            100.622682,
            13.6298789
          ],
          [
            100.6099158,
            13.636736
          ],
          [
            100.60862,
            13.63743
          ],
          [
            100.6084877,
            13.6375044
          ],
          [
            100.6083405,
            13.6375934
          ],
          [
            100.6081934,
            13.6376917
          ],
          [
            100.6080659,
            13.6377876
          ],
          [
            100.6079391,
            13.6378902
          ],
          [
            100.6078081,
            13.6380028
          ],
          [
            100.6042355,
            13.6410731
          ],
          [
            100.6040891,
            13.6411952
          ],
          [
            100.6039411,
            13.6413183
          ],
          [
            100.6038145,
            13.6414197
          ],
          [
            100.6036721,
            13.6415266
          ],
          [
            100.6035185,
            13.6416391
          ],
          [
            100.6033681,
            13.6417458
          ],
          [
            100.6008816,
            13.643421
          ],
          [
            100.6007452,
            13.6435123
          ],
          [
            100.6006129,
            13.6435967
          ],
          [
            100.6004694,
            13.6436776
          ],
          [
            100.6003395,
            13.6437462
          ],
          [
            100.6001914,
            13.6438164
          ],
          [
            100.6000345,
            13.6438802
          ],
          [
            100.5998627,
            13.6439444
          ],
          [
            100.5985509,
            13.6443959
          ],
          [
            100.5980257,
            13.644573
          ],
          [
            100.5966162,
            13.6450441
          ]
        ]
      },
      "id": "relation/15806897"
    },
    {
      "type": "Feature",
      "properties": {
        "@id": "relation/15806898",
        "colour": "#FFD400",
        "from": "Samrong",
        "name": "รถไฟฟ้าสายสีเหลือง (สำโรง - ลาดพร้าว)",
        "name:en": "Yellow Line (Samrong - Lat Phrao)",
        "name:th": "รถไฟฟ้าสายสีเหลือง (สำโรง - ลาดพร้าว)",
        "network": "Metropolitan Rapid Transit",
        "network:short": "MRT",
        "network:wikidata": "Q806485",
        "operator": "อีสเทิร์นบางกอกโมโนเรล",
        "operator:en": "Eastern Bangkok Monorail",
        "operator:th": "อีสเทิร์นบางกอกโมโนเรล",
        "ref": "MRT Yellow",
        "route": "monorail",
        "start_date": "2023-06-03",
        "to": "Lat Phrao",
        "type": "route",
        "wikidata": "Q14784897",
        "wikipedia": "th:รถไฟฟ้ามหานคร สายสีเหลือง"
      },
      "geometry": {
        "type": "LineString",
        "coordinates": [
          [
            100.5748076,
            13.8069911
          ],
          [
            100.5747535,
            13.8059285
          ],
          [
            100.5747513,
            13.8058479
          ],
          [
            100.5747571,
            13.8057656
          ],
          [
            100.5747705,
            13.805696
          ],
          [
            100.5747913,
            13.8056291
          ],
          [
            100.5748121,
            13.8055721
          ],
          [
            100.5748462,
            13.8055073
          ],
          [
            100.5748883,
            13.8054473
          ],
          [
            100.574935,
            13.8053933
          ],
          [
            100.5749889,
            13.8053434
          ],
          [
            100.5750445,
            13.8053003
          ],
          [
            100.575116,
            13.8052536
          ],
          [
            100.5751923,
            13.8052084
          ],
          [
            100.5753038,
            13.8051434
          ],
          [
            100.5842166,
            13.800171
          ],
          [
            100.5944651,
            13.7944307
          ],
          [
            100.6075898,
            13.7871028
          ],
          [
            100.6136046,
            13.7837527
          ],
          [
            100.6231873,
            13.7783773
          ],
          [
            100.6298034,
            13.7746782
          ],
          [
            100.6397564,
            13.7690978
          ],
          [
            100.6449397,
            13.7661651
          ],
          [
            100.6450217,
            13.7661172
          ],
          [
            100.6450971,
            13.7660674
          ],
          [
            100.6451547,
            13.7660216
          ],
          [
            100.6452079,
            13.7659688
          ],
          [
            100.6452525,
            13.7659154
          ],
          [
            100.6452899,
            13.7658549
          ],
          [
            100.6453154,
            13.7658081
          ],
          [
            100.64534,
            13.7657466
          ],
          [
            100.6453564,
            13.7656878
          ],
          [
            100.6453666,
            13.7656299
          ],
          [
            100.645541,
            13.7642933
          ],
          [
            100.6455574,
            13.7641573
          ],
          [
            100.6455715,
            13.7640054
          ],
          [
            100.6455843,
            13.7638728
          ],
          [
            100.645595,
            13.7637339
          ],
          [
            100.645601,
            13.7635858
          ],
          [
            100.6456046,
            13.7634536
          ],
          [
            100.6456072,
            13.7633128
          ],
          [
            100.6456074,
            13.7631766
          ],
          [
            100.6456078,
            13.763039
          ],
          [
            100.6456058,
            13.7628913
          ],
          [
            100.6456011,
            13.7627288
          ],
          [
            100.6455953,
            13.7625866
          ],
          [
            100.6455887,
            13.7624495
          ],
          [
            100.6455801,
            13.7622941
          ],
          [
            100.6455516,
            13.7618442
          ],
          [
            100.6455153,
            13.7612907
          ],
          [
            100.6455057,
            13.7611269
          ],
          [
            100.6455022,
            13.7609063
          ],
          [
            100.6455101,
            13.7606792
          ],
          [
            100.6455264,
            13.7604547
          ],
          [
            100.6459197,
            13.7563674
          ],
          [
            100.6459393,
            13.7561286
          ],
          [
            100.6459497,
            13.7558927
          ],
          [
            100.6459551,
            13.7556544
          ],
          [
            100.6459519,
            13.7554122
          ],
          [
            100.6459434,
            13.7551847
          ],
          [
            100.6459242,
            13.7549572
          ],
          [
            100.6459011,
            13.7547266
          ],
          [
            100.645812,
            13.7540736
          ],
          [
            100.6457821,
            13.7538628
          ],
          [
            100.6457429,
            13.753652
          ],
          [
            100.6456892,
            13.7534459
          ],
          [
            100.6454591,
            13.7526616
          ],
          [
            100.6450408,
            13.7512217
          ],
          [
            100.6448116,
            13.7504328
          ],
          [
            100.6440325,
            13.7477185
          ],
          [
            100.6439586,
            13.7474548
          ],
          [
            100.6438902,
            13.7471911
          ],
          [
            100.6438225,
            13.7469244
          ],
          [
            100.6425436,
            13.7416096
          ],
          [
            100.6424121,
            13.7410631
          ],
          [
            100.6422846,
            13.7405333
          ],
          [
            100.6422051,
            13.7402729
          ],
          [
            100.6421318,
            13.7400073
          ],
          [
            100.6420618,
            13.7397389
          ],
          [
            100.6419944,
            13.7394664
          ],
          [
            100.6419312,
            13.7392046
          ],
          [
            100.6418643,
            13.7389379
          ],
          [
            100.6417966,
            13.7386764
          ],
          [
            100.6417478,
            13.7384898
          ],
          [
            100.6416187,
            13.7380139
          ],
          [
            100.6413984,
            13.7371938
          ],
          [
            100.6413746,
            13.7370948
          ],
          [
            100.6413528,
            13.7369985
          ],
          [
            100.6413121,
            13.7367981
          ],
          [
            100.6411384,
            13.7361482
          ],
          [
            100.6409703,
            13.7355009
          ],
          [
            100.6409549,
            13.735423
          ],
          [
            100.6409483,
            13.7353473
          ],
          [
            100.6409479,
            13.7352619
          ],
          [
            100.6409578,
            13.7351775
          ],
          [
            100.6409713,
            13.7350859
          ],
          [
            100.6410194,
            13.7348733
          ],
          [
            100.6410438,
            13.7347717
          ],
          [
            100.6410638,
            13.7346813
          ],
          [
            100.6410826,
            13.734572
          ],
          [
            100.6410984,
            13.7344522
          ],
          [
            100.6413884,
            13.730667
          ],
          [
            100.6414111,
            13.7303715
          ],
          [
            100.6417611,
            13.725803
          ],
          [
            100.6417964,
            13.7253425
          ],
          [
            100.6418309,
            13.7248818
          ],
          [
            100.6422113,
            13.7197964
          ],
          [
            100.6422317,
            13.7196137
          ],
          [
            100.6422605,
            13.719418
          ],
          [
            100.6422949,
            13.7192241
          ],
          [
            100.6423357,
            13.7190104
          ],
          [
            100.6423762,
            13.718811
          ],
          [
            100.6424836,
            13.718334
          ],
          [
            100.6424986,
            13.7182454
          ],
          [
            100.6425095,
            13.7181569
          ],
          [
            100.6425155,
            13.7180775
          ],
          [
            100.6425546,
            13.7175521
          ],
          [
            100.6425614,
            13.7174374
          ],
          [
            100.6425686,
            13.7173426
          ],
          [
            100.6425779,
            13.7172573
          ],
          [
            100.6425902,
            13.717171
          ],
          [
            100.642606,
            13.7170865
          ],
          [
            100.6430073,
            13.715332
          ],
          [
            100.6430373,
            13.7152013
          ],
          [
            100.6430723,
            13.7150607
          ],
          [
            100.6431077,
            13.7149387
          ],
          [
            100.6431522,
            13.7148088
          ],
          [
            100.6432059,
            13.7146671
          ],
          [
            100.6433713,
            13.7142518
          ],
          [
            100.6434189,
            13.7141349
          ],
          [
            100.6434619,
            13.7140237
          ],
          [
            100.6434997,
            13.7139157
          ],
          [
            100.6435305,
            13.7138157
          ],
          [
            100.6441576,
            13.7111444
          ],
          [
            100.6464837,
            13.7011148
          ],
          [
            100.647263,
            13.6977494
          ],
          [
            100.6473321,
            13.6974516
          ],
          [
            100.647391,
            13.697132
          ],
          [
            100.6474315,
            13.696854
          ],
          [
            100.6474587,
            13.6965759
          ],
          [
            100.6474695,
            13.6964034
          ],
          [
            100.6474769,
            13.6962855
          ],
          [
            100.6474858,
            13.6959921
          ],
          [
            100.6474797,
            13.6957342
          ],
          [
            100.6474655,
            13.6954526
          ],
          [
            100.6474411,
            13.6951502
          ],
          [
            100.6471028,
            13.6908637
          ],
          [
            100.6465683,
            13.6841045
          ],
          [
            100.6465605,
            13.6838949
          ],
          [
            100.6465565,
            13.6837163
          ],
          [
            100.6465553,
            13.6835354
          ],
          [
            100.6465574,
            13.6833238
          ],
          [
            100.6465759,
            13.6822681
          ],
          [
            100.6465803,
            13.6820758
          ],
          [
            100.6465801,
            13.6819032
          ],
          [
            100.6465732,
            13.6817056
          ],
          [
            100.6465586,
            13.6814887
          ],
          [
            100.6461707,
            13.6766379
          ],
          [
            100.6458189,
            13.6722532
          ],
          [
            100.6457795,
            13.671799
          ],
          [
            100.6457059,
            13.6708891
          ],
          [
            100.6456868,
            13.6706741
          ],
          [
            100.6456658,
            13.670472
          ],
          [
            100.6456359,
            13.6702631
          ],
          [
            100.6455982,
            13.6700485
          ],
          [
            100.6455569,
            13.6698253
          ],
          [
            100.6455098,
            13.6696007
          ],
          [
            100.6453575,
            13.6689127
          ],
          [
            100.645204,
            13.668219
          ],
          [
            100.6450811,
            13.6676635
          ],
          [
            100.6447858,
            13.666313
          ],
          [
            100.6445523,
            13.665245
          ],
          [
            100.6443513,
            13.664326
          ],
          [
            100.6442838,
            13.6640718
          ],
          [
            100.6442071,
            13.6637999
          ],
          [
            100.6441375,
            13.6635623
          ],
          [
            100.6440496,
            13.6632714
          ],
          [
            100.6437607,
            13.6623491
          ],
          [
            100.6437131,
            13.662204
          ],
          [
            100.6436612,
            13.6620415
          ],
          [
            100.6436146,
            13.6618835
          ],
          [
            100.6435626,
            13.6616995
          ],
          [
            100.6435202,
            13.6615431
          ],
          [
            100.6434768,
            13.6613734
          ],
          [
            100.6434413,
            13.6612173
          ],
          [
            100.6421358,
            13.6549576
          ],
          [
            100.641872,
            13.6536765
          ],
          [
            100.6418324,
            13.6535044
          ],
          [
            100.6417866,
            13.6533248
          ],
          [
            100.6417366,
            13.6531513
          ],
          [
            100.6416778,
            13.6529645
          ],
          [
            100.6416186,
            13.6527952
          ],
          [
            100.6415474,
            13.6526055
          ],
          [
            100.6414703,
            13.6524253
          ],
          [
            100.6413931,
            13.6522563
          ],
          [
            100.6413099,
            13.6520872
          ],
          [
            100.6412205,
            13.6519147
          ],
          [
            100.64111,
            13.6517171
          ],
          [
            100.6409934,
            13.6515176
          ],
          [
            100.6362413,
            13.6434708
          ],
          [
            100.6301044,
            13.6331246
          ],
          [
            100.6295261,
            13.6321423
          ],
          [
            100.6274996,
            13.628737
          ],
          [
            100.6274409,
            13.6286444
          ],
          [
            100.6273904,
            13.6285747
          ],
          [
            100.6273224,
            13.6284909
          ],
          [
            100.6272611,
            13.6284292
          ],
          [
            100.6271958,
            13.6283727
          ],
          [
            100.627099,
            13.6283004
          ],
          [
            100.6269963,
            13.6282388
          ],
          [
            100.6268942,
            13.6281879
          ],
          [
            100.6267734,
            13.6281428
          ],
          [
            100.6266588,
            13.6281111
          ],
          [
            100.6265476,
            13.6280965
          ],
          [
            100.6264335,
            13.6280857
          ],
          [
            100.6263171,
            13.628087
          ],
          [
            100.6261904,
            13.6280967
          ],
          [
            100.6260744,
            13.6281194
          ],
          [
            100.6259688,
            13.6281502
          ],
          [
            100.6258684,
            13.6281862
          ],
          [
            100.6257459,
            13.6282421
          ],
          [
            100.622682,
            13.6298789
          ],
          [
            100.6099158,
            13.636736
          ],
          [
            100.60862,
            13.63743
          ],
          [
            100.6084877,
            13.6375044
          ],
          [
            100.6083405,
            13.6375934
          ],
          [
            100.6081934,
            13.6376917
          ],
          [
            100.6080659,
            13.6377876
          ],
          [
            100.6079391,
            13.6378902
          ],
          [
            100.6078081,
            13.6380028
          ],
          [
            100.6042355,
            13.6410731
          ],
          [
            100.6040891,
            13.6411952
          ],
          [
            100.6039411,
            13.6413183
          ],
          [
            100.6038145,
            13.6414197
          ],
          [
            100.6036721,
            13.6415266
          ],
          [
            100.6035185,
            13.6416391
          ],
          [
            100.6033681,
            13.6417458
          ],
          [
            100.6008816,
            13.643421
          ],
          [
            100.6007452,
            13.6435123
          ],
          [
            100.6006129,
            13.6435967
          ],
          [
            100.6004694,
            13.6436776
          ],
          [
            100.6003395,
            13.6437462
          ],
          [
            100.6001914,
            13.6438164
          ],
          [
            100.6000345,
            13.6438802
          ],
          [
            100.5998627,
            13.6439444
          ],
          [
            100.5985509,
            13.6443959
          ],
          [
            100.5980257,
            13.644573
          ],
          [
            100.5966162,
            13.6450441
          ]
        ]
      },
      "id": "relation/15806898"
    },
    {
      "type": "Feature",
      "properties": {
        "@id": "relation/16740886",
        "colour": "#E76589",
        "from": "ศูนย์ราชการนนทบุรี",
        "name": "รถไฟฟ้ามหานคร สายสีชมพู (ศูนย์ราชการนนทบุรี → มีนบุรี)",
        "name:en": "MRT Pink Line (Nonthaburi Civic Center → Min Buri)",
        "name:th": "รถไฟฟ้ามหานคร สายสีชมพู (ศูนย์ราชการนนทบุรี → มีนบุรี)",
        "network": "Metropolitan Rapid Transit",
        "network:short": "MRT",
        "network:wikidata": "Q806485",
        "operator": "นอร์ทเทิร์นบางกอกโมโนเรล",
        "public_transport:version": "2",
        "ref": "MRT Pink",
        "route": "monorail",
        "to": "มีนบุรี",
        "type": "route",
        "wikidata": "Q6584557",
        "wikipedia": "en:Pink Line (Bangkok)"
      },
      "geometry": {
        "type": "LineString",
        "coordinates": [
          [
            100.5181056,
            13.8596996
          ],
          [
            100.5207903,
            13.8593416
          ],
          [
            100.5209201,
            13.8593295
          ],
          [
            100.521044,
            13.8593275
          ],
          [
            100.5211572,
            13.8593385
          ],
          [
            100.5212504,
            13.8593657
          ],
          [
            100.5213344,
            13.8593981
          ],
          [
            100.5214298,
            13.8594528
          ],
          [
            100.5215045,
            13.8595167
          ],
          [
            100.5215744,
            13.8595855
          ],
          [
            100.5216317,
            13.8596753
          ],
          [
            100.5216711,
            13.8597705
          ],
          [
            100.5216994,
            13.8598874
          ],
          [
            100.521708,
            13.8600072
          ],
          [
            100.5216977,
            13.8601054
          ],
          [
            100.5216752,
            13.8601978
          ],
          [
            100.5216343,
            13.8602996
          ],
          [
            100.521427,
            13.8607078
          ],
          [
            100.5213636,
            13.8608314
          ],
          [
            100.5213049,
            13.860947
          ],
          [
            100.5212461,
            13.861074
          ],
          [
            100.521192,
            13.8611998
          ],
          [
            100.5208058,
            13.8622105
          ],
          [
            100.5206417,
            13.8626398
          ],
          [
            100.5204767,
            13.8630761
          ],
          [
            100.5164717,
            13.8736641
          ],
          [
            100.5163068,
            13.8741
          ],
          [
            100.5161474,
            13.8745207
          ],
          [
            100.5107286,
            13.8888216
          ],
          [
            100.5105633,
            13.889258
          ],
          [
            100.5104015,
            13.8896889
          ],
          [
            100.5072348,
            13.8981203
          ],
          [
            100.5070785,
            13.8985366
          ],
          [
            100.5069176,
            13.8989654
          ],
          [
            100.5049375,
            13.9042419
          ],
          [
            100.5048995,
            13.9043445
          ],
          [
            100.5048673,
            13.904444
          ],
          [
            100.5048437,
            13.9045468
          ],
          [
            100.5048276,
            13.9046551
          ],
          [
            100.5048178,
            13.9047564
          ],
          [
            100.5048203,
            13.9048924
          ],
          [
            100.5048372,
            13.9050202
          ],
          [
            100.5048644,
            13.9051364
          ],
          [
            100.5049003,
            13.90525
          ],
          [
            100.5049504,
            13.9053636
          ],
          [
            100.5050072,
            13.9054733
          ],
          [
            100.5050666,
            13.9055752
          ],
          [
            100.5054,
            13.9061476
          ],
          [
            100.5057203,
            13.9066974
          ],
          [
            100.505789,
            13.9068113
          ],
          [
            100.5058457,
            13.906898
          ],
          [
            100.5058972,
            13.906964
          ],
          [
            100.5059484,
            13.9070266
          ],
          [
            100.5059633,
            13.9070405
          ],
          [
            100.506018,
            13.9070915
          ],
          [
            100.5060901,
            13.9071491
          ],
          [
            100.5061651,
            13.9071973
          ],
          [
            100.5062446,
            13.9072354
          ],
          [
            100.5063465,
            13.9072677
          ],
          [
            100.5064358,
            13.9072795
          ],
          [
            100.5065386,
            13.9072823
          ],
          [
            100.5066497,
            13.9072755
          ],
          [
            100.5070117,
            13.9072431
          ],
          [
            100.515073,
            13.9065202
          ],
          [
            100.5155582,
            13.9064767
          ],
          [
            100.5160278,
            13.906434
          ],
          [
            100.5242232,
            13.9056885
          ],
          [
            100.5245167,
            13.9056545
          ],
          [
            100.5247876,
            13.905614
          ],
          [
            100.5250738,
            13.9055553
          ],
          [
            100.5252993,
            13.9054992
          ],
          [
            100.5254971,
            13.9054418
          ],
          [
            100.5257262,
            13.9053692
          ],
          [
            100.525956,
            13.9052923
          ],
          [
            100.5288192,
            13.9042942
          ],
          [
            100.5292669,
            13.9041381
          ],
          [
            100.5325398,
            13.9029717
          ],
          [
            100.5326738,
            13.9029262
          ],
          [
            100.5328119,
            13.9028826
          ],
          [
            100.532959,
            13.9028407
          ],
          [
            100.5331169,
            13.9028003
          ],
          [
            100.5339369,
            13.902605
          ],
          [
            100.5341342,
            13.9025565
          ],
          [
            100.53432,
            13.9025073
          ],
          [
            100.5345001,
            13.9024551
          ],
          [
            100.5346634,
            13.9024023
          ],
          [
            100.5366787,
            13.9016984
          ],
          [
            100.5381273,
            13.9011924
          ],
          [
            100.5386654,
            13.9010635
          ],
          [
            100.5388382,
            13.9010238
          ],
          [
            100.5389638,
            13.9009935
          ],
          [
            100.53908,
            13.9009626
          ],
          [
            100.5392051,
            13.9009241
          ],
          [
            100.5400305,
            13.9006355
          ],
          [
            100.5416379,
            13.9000736
          ],
          [
            100.5417462,
            13.900033
          ],
          [
            100.5418464,
            13.8999844
          ],
          [
            100.5419363,
            13.8999232
          ],
          [
            100.5420162,
            13.89985
          ],
          [
            100.5420837,
            13.89977
          ],
          [
            100.5421213,
            13.8997031
          ],
          [
            100.5421519,
            13.8996362
          ],
          [
            100.5421692,
            13.8995873
          ],
          [
            100.5421829,
            13.8995418
          ],
          [
            100.5421937,
            13.8994741
          ],
          [
            100.5421956,
            13.8994153
          ],
          [
            100.542191,
            13.8993555
          ],
          [
            100.5421817,
            13.8992987
          ],
          [
            100.5421683,
            13.8992499
          ],
          [
            100.5421415,
            13.8991828
          ],
          [
            100.5420921,
            13.898907
          ],
          [
            100.5420772,
            13.8987868
          ],
          [
            100.5420722,
            13.8986808
          ],
          [
            100.5420764,
            13.8985866
          ],
          [
            100.5420915,
            13.8984904
          ],
          [
            100.5421226,
            13.8983783
          ],
          [
            100.5421671,
            13.8982803
          ],
          [
            100.542212,
            13.8982032
          ],
          [
            100.5422709,
            13.8981195
          ],
          [
            100.5423529,
            13.8980265
          ],
          [
            100.54242,
            13.8979681
          ],
          [
            100.5425101,
            13.8979045
          ],
          [
            100.5426029,
            13.8978546
          ],
          [
            100.5426894,
            13.8978212
          ],
          [
            100.5427825,
            13.8977938
          ],
          [
            100.5428864,
            13.8977719
          ],
          [
            100.5429916,
            13.8977639
          ],
          [
            100.5431018,
            13.8977679
          ],
          [
            100.5432325,
            13.8977846
          ],
          [
            100.5433396,
            13.8978166
          ],
          [
            100.5434478,
            13.8978614
          ],
          [
            100.5444465,
            13.8983668
          ],
          [
            100.5445388,
            13.8984098
          ],
          [
            100.5446341,
            13.8984468
          ],
          [
            100.5447262,
            13.8984752
          ],
          [
            100.5448187,
            13.8984953
          ],
          [
            100.5449065,
            13.8985077
          ],
          [
            100.5449996,
            13.8985128
          ],
          [
            100.545087,
            13.8985117
          ],
          [
            100.5451765,
            13.8985017
          ],
          [
            100.5452506,
            13.8984884
          ],
          [
            100.5453324,
            13.8984675
          ],
          [
            100.5454172,
            13.8984407
          ],
          [
            100.5469277,
            13.8979094
          ],
          [
            100.5470276,
            13.8978751
          ],
          [
            100.5471381,
            13.8978376
          ],
          [
            100.5475893,
            13.8976915
          ],
          [
            100.5476852,
            13.8976598
          ],
          [
            100.5477828,
            13.8976263
          ],
          [
            100.5478779,
            13.8975934
          ],
          [
            100.5484363,
            13.8973975
          ],
          [
            100.549871,
            13.8968845
          ],
          [
            100.5522632,
            13.8960533
          ],
          [
            100.5527646,
            13.8958978
          ],
          [
            100.5528876,
            13.8958584
          ],
          [
            100.5530147,
            13.895815
          ],
          [
            100.5533766,
            13.8956869
          ],
          [
            100.5534988,
            13.895642
          ],
          [
            100.5536234,
            13.8955937
          ],
          [
            100.5540976,
            13.8954104
          ],
          [
            100.5601429,
            13.8932826
          ],
          [
            100.5668886,
            13.8909123
          ],
          [
            100.5673425,
            13.8907528
          ],
          [
            100.5739898,
            13.8884407
          ],
          [
            100.5741338,
            13.8883889
          ],
          [
            100.574277,
            13.8883313
          ],
          [
            100.5744026,
            13.888277
          ],
          [
            100.574524,
            13.8882211
          ],
          [
            100.5746451,
            13.8881601
          ],
          [
            100.5747569,
            13.8881013
          ],
          [
            100.5748753,
            13.8880348
          ],
          [
            100.5757092,
            13.8875633
          ],
          [
            100.5761144,
            13.8873378
          ],
          [
            100.5771616,
            13.8867549
          ],
          [
            100.5772803,
            13.8866911
          ],
          [
            100.5773925,
            13.8866377
          ],
          [
            100.5774964,
            13.8865947
          ],
          [
            100.5775997,
            13.8865588
          ],
          [
            100.5777247,
            13.8865188
          ],
          [
            100.5779822,
            13.8864364
          ],
          [
            100.5780873,
            13.8864012
          ],
          [
            100.5781845,
            13.8863648
          ],
          [
            100.5782867,
            13.8863211
          ],
          [
            100.5783862,
            13.8862736
          ],
          [
            100.5784752,
            13.8862262
          ],
          [
            100.5802207,
            13.885258
          ],
          [
            100.5804728,
            13.8851387
          ],
          [
            100.5807228,
            13.8850531
          ],
          [
            100.5808468,
            13.8850099
          ],
          [
            100.5809738,
            13.8849619
          ],
          [
            100.5810892,
            13.8849161
          ],
          [
            100.5811967,
            13.8848676
          ],
          [
            100.5812993,
            13.8848181
          ],
          [
            100.581402,
            13.8847642
          ],
          [
            100.582681,
            13.8840495
          ],
          [
            100.5832108,
            13.8837535
          ],
          [
            100.5833247,
            13.8836892
          ],
          [
            100.5834445,
            13.8836173
          ],
          [
            100.5835527,
            13.8835448
          ],
          [
            100.5836633,
            13.8834647
          ],
          [
            100.5844454,
            13.8828603
          ],
          [
            100.5845403,
            13.8827859
          ],
          [
            100.5846413,
            13.8827055
          ],
          [
            100.5847455,
            13.8826207
          ],
          [
            100.5848542,
            13.8825283
          ],
          [
            100.5850556,
            13.8823459
          ],
          [
            100.5851608,
            13.8822595
          ],
          [
            100.5852736,
            13.8821774
          ],
          [
            100.5853752,
            13.8821123
          ],
          [
            100.5854799,
            13.8820538
          ],
          [
            100.5888663,
            13.8801609
          ],
          [
            100.5889102,
            13.8801364
          ],
          [
            100.5892826,
            13.8799282
          ],
          [
            100.5898535,
            13.8796087
          ],
          [
            100.5899726,
            13.8795401
          ],
          [
            100.59009,
            13.8794707
          ],
          [
            100.59021,
            13.8793988
          ],
          [
            100.5903245,
            13.87933
          ],
          [
            100.5912304,
            13.8787952
          ],
          [
            100.5914328,
            13.8786785
          ],
          [
            100.5916466,
            13.8785563
          ],
          [
            100.5918403,
            13.8784472
          ],
          [
            100.5926843,
            13.877977
          ],
          [
            100.5929618,
            13.8778703
          ],
          [
            100.5930487,
            13.8778395
          ],
          [
            100.5931355,
            13.8778099
          ],
          [
            100.5932976,
            13.8777589
          ],
          [
            100.5933782,
            13.8777312
          ],
          [
            100.5934569,
            13.877701
          ],
          [
            100.5935268,
            13.8776713
          ],
          [
            100.5935896,
            13.8776418
          ],
          [
            100.5936542,
            13.8776089
          ],
          [
            100.59582,
            13.8763918
          ],
          [
            100.5959195,
            13.8763347
          ],
          [
            100.5959915,
            13.8762886
          ],
          [
            100.5960573,
            13.8762389
          ],
          [
            100.5961243,
            13.8761865
          ],
          [
            100.5961712,
            13.8761428
          ],
          [
            100.5962178,
            13.8760941
          ],
          [
            100.5962624,
            13.8760444
          ],
          [
            100.5963173,
            13.8759755
          ],
          [
            100.5963865,
            13.8758794
          ],
          [
            100.5964574,
            13.8757713
          ],
          [
            100.5972681,
            13.8744608
          ],
          [
            100.5974527,
            13.8741625
          ],
          [
            100.5975201,
            13.8740557
          ],
          [
            100.5975841,
            13.8739562
          ],
          [
            100.5976511,
            13.8738617
          ],
          [
            100.5977226,
            13.8737726
          ],
          [
            100.5978007,
            13.873686
          ],
          [
            100.5978741,
            13.873623
          ],
          [
            100.5979556,
            13.87356
          ],
          [
            100.5980786,
            13.8734831
          ],
          [
            100.5981958,
            13.8734142
          ],
          [
            100.5995996,
            13.8726497
          ],
          [
            100.5997046,
            13.8725932
          ],
          [
            100.5998269,
            13.8725251
          ],
          [
            100.5999468,
            13.8724571
          ],
          [
            100.6000656,
            13.8723879
          ],
          [
            100.6001869,
            13.8723145
          ],
          [
            100.600315,
            13.8722351
          ],
          [
            100.6004381,
            13.8721607
          ],
          [
            100.6005604,
            13.872085
          ],
          [
            100.600685,
            13.8720056
          ],
          [
            100.6008277,
            13.8719139
          ],
          [
            100.6009756,
            13.8718187
          ],
          [
            100.602604,
            13.8709386
          ],
          [
            100.6178017,
            13.8627778
          ],
          [
            100.6212786,
            13.8609007
          ],
          [
            100.6261191,
            13.8582913
          ],
          [
            100.6322133,
            13.8550006
          ],
          [
            100.6387439,
            13.851476
          ],
          [
            100.6420783,
            13.8496764
          ],
          [
            100.6424764,
            13.8494615
          ],
          [
            100.6428691,
            13.8492496
          ],
          [
            100.6502343,
            13.8452427
          ],
          [
            100.6587805,
            13.8406089
          ],
          [
            100.6619626,
            13.8388832
          ],
          [
            100.6621286,
            13.83879
          ],
          [
            100.6622894,
            13.8386963
          ],
          [
            100.6624412,
            13.838598
          ],
          [
            100.6626029,
            13.838488
          ],
          [
            100.6627552,
            13.838378
          ],
          [
            100.6629151,
            13.8382568
          ],
          [
            100.6631225,
            13.8380857
          ],
          [
            100.6633013,
            13.8379258
          ],
          [
            100.6634636,
            13.8377719
          ],
          [
            100.6675628,
            13.8337657
          ],
          [
            100.6713893,
            13.830061
          ],
          [
            100.6771946,
            13.8244404
          ],
          [
            100.6782118,
            13.8234346
          ],
          [
            100.6783726,
            13.8232756
          ],
          [
            100.6786278,
            13.8230232
          ],
          [
            100.6787964,
            13.8228601
          ],
          [
            100.6789834,
            13.8226845
          ],
          [
            100.6791681,
            13.8225134
          ],
          [
            100.6793703,
            13.8223325
          ],
          [
            100.679573,
            13.8221548
          ],
          [
            100.6797654,
            13.8219843
          ],
          [
            100.6799555,
            13.8218184
          ],
          [
            100.6801703,
            13.8216458
          ],
          [
            100.6803913,
            13.8214751
          ],
          [
            100.6806146,
            13.8212957
          ],
          [
            100.6808268,
            13.8211044
          ],
          [
            100.681039,
            13.8209027
          ],
          [
            100.6816106,
            13.8203555
          ],
          [
            100.6817956,
            13.8201812
          ],
          [
            100.6819887,
            13.8200016
          ],
          [
            100.6822059,
            13.8198066
          ],
          [
            100.6823981,
            13.8196402
          ],
          [
            100.6826117,
            13.8194516
          ],
          [
            100.6828083,
            13.8192714
          ],
          [
            100.6842072,
            13.8179671
          ],
          [
            100.684279,
            13.8178987
          ],
          [
            100.6843543,
            13.8178225
          ],
          [
            100.6844254,
            13.8177482
          ],
          [
            100.6844895,
            13.817676
          ],
          [
            100.6845676,
            13.8175846
          ],
          [
            100.6846656,
            13.8174668
          ],
          [
            100.6847604,
            13.817361
          ],
          [
            100.6848521,
            13.8172631
          ],
          [
            100.6849434,
            13.817172
          ],
          [
            100.685641,
            13.8165197
          ],
          [
            100.6883747,
            13.8139402
          ],
          [
            100.6885797,
            13.8137553
          ],
          [
            100.6887938,
            13.813581
          ],
          [
            100.6890211,
            13.8134227
          ],
          [
            100.6892541,
            13.8132785
          ],
          [
            100.6894994,
            13.813153
          ],
          [
            100.6897125,
            13.8130578
          ],
          [
            100.6899098,
            13.8129802
          ],
          [
            100.6900981,
            13.8129151
          ],
          [
            100.6902865,
            13.8128613
          ],
          [
            100.6904921,
            13.812815
          ],
          [
            100.6906977,
            13.8127789
          ],
          [
            100.69092,
            13.8127538
          ],
          [
            100.691135,
            13.8127412
          ],
          [
            100.6913495,
            13.8127368
          ],
          [
            100.6971731,
            13.8127171
          ],
          [
            100.6977579,
            13.8127164
          ],
          [
            100.7029282,
            13.8127016
          ],
          [
            100.712628,
            13.8126776
          ],
          [
            100.7135608,
            13.8126744
          ],
          [
            100.7137022,
            13.812672
          ],
          [
            100.7138264,
            13.8126668
          ],
          [
            100.7139517,
            13.8126591
          ],
          [
            100.7140958,
            13.812644
          ],
          [
            100.714215,
            13.8126279
          ],
          [
            100.7148933,
            13.8125301
          ],
          [
            100.7150314,
            13.8125132
          ],
          [
            100.7151736,
            13.8124996
          ],
          [
            100.7153031,
            13.8124929
          ],
          [
            100.7154235,
            13.8124881
          ],
          [
            100.7179625,
            13.8124687
          ],
          [
            100.7181573,
            13.8124728
          ],
          [
            100.7183135,
            13.8124814
          ],
          [
            100.7184685,
            13.8124979
          ],
          [
            100.7186295,
            13.8125175
          ],
          [
            100.7190173,
            13.8125609
          ],
          [
            100.7191478,
            13.8125754
          ],
          [
            100.71929,
            13.8125899
          ],
          [
            100.719452,
            13.8126008
          ],
          [
            100.7196098,
            13.8126045
          ],
          [
            100.7197536,
            13.8126049
          ],
          [
            100.7258333,
            13.8124926
          ],
          [
            100.7288892,
            13.8124264
          ],
          [
            100.7289938,
            13.8124208
          ],
          [
            100.7291054,
            13.8124111
          ],
          [
            100.7291984,
            13.8123919
          ],
          [
            100.7292928,
            13.812363
          ],
          [
            100.7293719,
            13.8123318
          ],
          [
            100.7294561,
            13.8122876
          ],
          [
            100.7295285,
            13.8122402
          ],
          [
            100.7295968,
            13.8121895
          ],
          [
            100.7296624,
            13.8121339
          ],
          [
            100.7312273,
            13.8107779
          ],
          [
            100.7313666,
            13.8106556
          ],
          [
            100.7314783,
            13.8105476
          ],
          [
            100.7315853,
            13.810432
          ],
          [
            100.7316797,
            13.8103214
          ],
          [
            100.7317697,
            13.8102016
          ],
          [
            100.7318457,
            13.8100886
          ],
          [
            100.7319138,
            13.8099729
          ],
          [
            100.7323073,
            13.8091591
          ],
          [
            100.7326744,
            13.8084018
          ]
        ]
      },
      "id": "relation/16740886"
    },
    {
      "type": "Feature",
      "properties": {
        "@id": "relation/16740887",
        "colour": "#E76589",
        "from": "มีนบุรี",
        "name": "รถไฟฟ้ามหานคร สายสีชมพู (มีนบุรี → ศูนย์ราชการนนทบุรี)",
        "name:en": "MRT Pink Line (Min Buri → Nonthaburi Civic Center)",
        "name:th": "รถไฟฟ้ามหานคร สายสีชมพู (มีนบุรี → ศูนย์ราชการนนทบุรี)",
        "network": "Metropolitan Rapid Transit",
        "network:short": "MRT",
        "network:wikidata": "Q806485",
        "operator": "นอร์ทเทิร์นบางกอกโมโนเรล",
        "public_transport:version": "2",
        "ref": "MRT Pink",
        "route": "monorail",
        "to": "ศูนย์ราชการนนทบุรี",
        "type": "route",
        "wikidata": "Q6584557",
        "wikipedia": "en:Pink Line (Bangkok)"
      },
      "geometry": {
        "type": "LineString",
        "coordinates": [
          [
            100.5181056,
            13.8596996
          ],
          [
            100.5207903,
            13.8593416
          ],
          [
            100.5209201,
            13.8593295
          ],
          [
            100.521044,
            13.8593275
          ],
          [
            100.5211572,
            13.8593385
          ],
          [
            100.5212504,
            13.8593657
          ],
          [
            100.5213344,
            13.8593981
          ],
          [
            100.5214298,
            13.8594528
          ],
          [
            100.5215045,
            13.8595167
          ],
          [
            100.5215744,
            13.8595855
          ],
          [
            100.5216317,
            13.8596753
          ],
          [
            100.5216711,
            13.8597705
          ],
          [
            100.5216994,
            13.8598874
          ],
          [
            100.521708,
            13.8600072
          ],
          [
            100.5216977,
            13.8601054
          ],
          [
            100.5216752,
            13.8601978
          ],
          [
            100.5216343,
            13.8602996
          ],
          [
            100.521427,
            13.8607078
          ],
          [
            100.5213636,
            13.8608314
          ],
          [
            100.5213049,
            13.860947
          ],
          [
            100.5212461,
            13.861074
          ],
          [
            100.521192,
            13.8611998
          ],
          [
            100.5208058,
            13.8622105
          ],
          [
            100.5206417,
            13.8626398
          ],
          [
            100.5204767,
            13.8630761
          ],
          [
            100.5164717,
            13.8736641
          ],
          [
            100.5163068,
            13.8741
          ],
          [
            100.5161474,
            13.8745207
          ],
          [
            100.5107286,
            13.8888216
          ],
          [
            100.5105633,
            13.889258
          ],
          [
            100.5104015,
            13.8896889
          ],
          [
            100.5072348,
            13.8981203
          ],
          [
            100.5070785,
            13.8985366
          ],
          [
            100.5069176,
            13.8989654
          ],
          [
            100.5049375,
            13.9042419
          ],
          [
            100.5048995,
            13.9043445
          ],
          [
            100.5048673,
            13.904444
          ],
          [
            100.5048437,
            13.9045468
          ],
          [
            100.5048276,
            13.9046551
          ],
          [
            100.5048178,
            13.9047564
          ],
          [
            100.5048203,
            13.9048924
          ],
          [
            100.5048372,
            13.9050202
          ],
          [
            100.5048644,
            13.9051364
          ],
          [
            100.5049003,
            13.90525
          ],
          [
            100.5049504,
            13.9053636
          ],
          [
            100.5050072,
            13.9054733
          ],
          [
            100.5050666,
            13.9055752
          ],
          [
            100.5054,
            13.9061476
          ],
          [
            100.5057203,
            13.9066974
          ],
          [
            100.505789,
            13.9068113
          ],
          [
            100.5058457,
            13.906898
          ],
          [
            100.5058972,
            13.906964
          ],
          [
            100.5059484,
            13.9070266
          ],
          [
            100.5059633,
            13.9070405
          ],
          [
            100.506018,
            13.9070915
          ],
          [
            100.5060901,
            13.9071491
          ],
          [
            100.5061651,
            13.9071973
          ],
          [
            100.5062446,
            13.9072354
          ],
          [
            100.5063465,
            13.9072677
          ],
          [
            100.5064358,
            13.9072795
          ],
          [
            100.5065386,
            13.9072823
          ],
          [
            100.5066497,
            13.9072755
          ],
          [
            100.5070117,
            13.9072431
          ],
          [
            100.515073,
            13.9065202
          ],
          [
            100.5155582,
            13.9064767
          ],
          [
            100.5160278,
            13.906434
          ],
          [
            100.5242232,
            13.9056885
          ],
          [
            100.5245167,
            13.9056545
          ],
          [
            100.5247876,
            13.905614
          ],
          [
            100.5250738,
            13.9055553
          ],
          [
            100.5252993,
            13.9054992
          ],
          [
            100.5254971,
            13.9054418
          ],
          [
            100.5257262,
            13.9053692
          ],
          [
            100.525956,
            13.9052923
          ],
          [
            100.5288192,
            13.9042942
          ],
          [
            100.5292669,
            13.9041381
          ],
          [
            100.5325398,
            13.9029717
          ],
          [
            100.5326738,
            13.9029262
          ],
          [
            100.5328119,
            13.9028826
          ],
          [
            100.532959,
            13.9028407
          ],
          [
            100.5331169,
            13.9028003
          ],
          [
            100.5339369,
            13.902605
          ],
          [
            100.5341342,
            13.9025565
          ],
          [
            100.53432,
            13.9025073
          ],
          [
            100.5345001,
            13.9024551
          ],
          [
            100.5346634,
            13.9024023
          ],
          [
            100.5366787,
            13.9016984
          ],
          [
            100.5381273,
            13.9011924
          ],
          [
            100.5383455,
            13.9010964
          ],
          [
            100.5384265,
            13.9010616
          ],
          [
            100.5385005,
            13.9010322
          ],
          [
            100.5385706,
            13.9010066
          ],
          [
            100.539985,
            13.9005089
          ],
          [
            100.5416142,
            13.8999357
          ],
          [
            100.5417042,
            13.8999012
          ],
          [
            100.541784,
            13.8998641
          ],
          [
            100.541858,
            13.8998194
          ],
          [
            100.5419184,
            13.8997712
          ],
          [
            100.5419742,
            13.8997189
          ],
          [
            100.5420156,
            13.8996692
          ],
          [
            100.5420523,
            13.8996152
          ],
          [
            100.5420809,
            13.8995611
          ],
          [
            100.5421026,
            13.8994996
          ],
          [
            100.5421169,
            13.8994427
          ],
          [
            100.5421263,
            13.8993939
          ],
          [
            100.5421322,
            13.8993357
          ],
          [
            100.5421415,
            13.8991828
          ],
          [
            100.5420921,
            13.898907
          ],
          [
            100.5420772,
            13.8987868
          ],
          [
            100.5420722,
            13.8986808
          ],
          [
            100.5420764,
            13.8985866
          ],
          [
            100.5420915,
            13.8984904
          ],
          [
            100.5421226,
            13.8983783
          ],
          [
            100.5421671,
            13.8982803
          ],
          [
            100.542212,
            13.8982032
          ],
          [
            100.5422709,
            13.8981195
          ],
          [
            100.5423529,
            13.8980265
          ],
          [
            100.54242,
            13.8979681
          ],
          [
            100.5425101,
            13.8979045
          ],
          [
            100.5426029,
            13.8978546
          ],
          [
            100.5426894,
            13.8978212
          ],
          [
            100.5427825,
            13.8977938
          ],
          [
            100.5428864,
            13.8977719
          ],
          [
            100.5429916,
            13.8977639
          ],
          [
            100.5431018,
            13.8977679
          ],
          [
            100.5432325,
            13.8977846
          ],
          [
            100.5433396,
            13.8978166
          ],
          [
            100.5434478,
            13.8978614
          ],
          [
            100.5444465,
            13.8983668
          ],
          [
            100.5445388,
            13.8984098
          ],
          [
            100.5446341,
            13.8984468
          ],
          [
            100.5447262,
            13.8984752
          ],
          [
            100.5448187,
            13.8984953
          ],
          [
            100.5449065,
            13.8985077
          ],
          [
            100.5449996,
            13.8985128
          ],
          [
            100.545087,
            13.8985117
          ],
          [
            100.5451765,
            13.8985017
          ],
          [
            100.5452506,
            13.8984884
          ],
          [
            100.5453324,
            13.8984675
          ],
          [
            100.5454172,
            13.8984407
          ],
          [
            100.5469277,
            13.8979094
          ],
          [
            100.5470276,
            13.8978751
          ],
          [
            100.5471381,
            13.8978376
          ],
          [
            100.5475893,
            13.8976915
          ],
          [
            100.5476852,
            13.8976598
          ],
          [
            100.5477828,
            13.8976263
          ],
          [
            100.5478779,
            13.8975934
          ],
          [
            100.5484363,
            13.8973975
          ],
          [
            100.549871,
            13.8968845
          ],
          [
            100.5522632,
            13.8960533
          ],
          [
            100.5527503,
            13.8958604
          ],
          [
            100.5528742,
            13.895813
          ],
          [
            100.5529965,
            13.8957677
          ],
          [
            100.5533582,
            13.8956387
          ],
          [
            100.5534806,
            13.8955963
          ],
          [
            100.5536041,
            13.8955562
          ],
          [
            100.5540976,
            13.8954104
          ],
          [
            100.5601429,
            13.8932826
          ],
          [
            100.5668886,
            13.8909123
          ],
          [
            100.5673425,
            13.8907528
          ],
          [
            100.5739898,
            13.8884407
          ],
          [
            100.5741338,
            13.8883889
          ],
          [
            100.574277,
            13.8883313
          ],
          [
            100.5744026,
            13.888277
          ],
          [
            100.574524,
            13.8882211
          ],
          [
            100.5746451,
            13.8881601
          ],
          [
            100.5747569,
            13.8881013
          ],
          [
            100.5748753,
            13.8880348
          ],
          [
            100.5757092,
            13.8875633
          ],
          [
            100.5761144,
            13.8873378
          ],
          [
            100.5771616,
            13.8867549
          ],
          [
            100.5772803,
            13.8866911
          ],
          [
            100.5773925,
            13.8866377
          ],
          [
            100.5774964,
            13.8865947
          ],
          [
            100.5775997,
            13.8865588
          ],
          [
            100.5777247,
            13.8865188
          ],
          [
            100.5779822,
            13.8864364
          ],
          [
            100.5780873,
            13.8864012
          ],
          [
            100.5781845,
            13.8863648
          ],
          [
            100.5782867,
            13.8863211
          ],
          [
            100.5783862,
            13.8862736
          ],
          [
            100.5784752,
            13.8862262
          ],
          [
            100.5802207,
            13.885258
          ],
          [
            100.5804728,
            13.8851387
          ],
          [
            100.5807228,
            13.8850531
          ],
          [
            100.5808468,
            13.8850099
          ],
          [
            100.5809738,
            13.8849619
          ],
          [
            100.5810892,
            13.8849161
          ],
          [
            100.5811967,
            13.8848676
          ],
          [
            100.5812993,
            13.8848181
          ],
          [
            100.581402,
            13.8847642
          ],
          [
            100.582681,
            13.8840495
          ],
          [
            100.5832108,
            13.8837535
          ],
          [
            100.5833247,
            13.8836892
          ],
          [
            100.5834445,
            13.8836173
          ],
          [
            100.5835527,
            13.8835448
          ],
          [
            100.5836633,
            13.8834647
          ],
          [
            100.5844454,
            13.8828603
          ],
          [
            100.5845403,
            13.8827859
          ],
          [
            100.5846413,
            13.8827055
          ],
          [
            100.5847455,
            13.8826207
          ],
          [
            100.5848542,
            13.8825283
          ],
          [
            100.5850556,
            13.8823459
          ],
          [
            100.5851608,
            13.8822595
          ],
          [
            100.5852736,
            13.8821774
          ],
          [
            100.5853752,
            13.8821123
          ],
          [
            100.5854799,
            13.8820538
          ],
          [
            100.5888663,
            13.8801609
          ],
          [
            100.5889102,
            13.8801364
          ],
          [
            100.5892826,
            13.8799282
          ],
          [
            100.5898535,
            13.8796087
          ],
          [
            100.5899726,
            13.8795401
          ],
          [
            100.59009,
            13.8794707
          ],
          [
            100.59021,
            13.8793988
          ],
          [
            100.5903245,
            13.87933
          ],
          [
            100.5912304,
            13.8787952
          ],
          [
            100.5914328,
            13.8786785
          ],
          [
            100.5916466,
            13.8785563
          ],
          [
            100.5918403,
            13.8784472
          ],
          [
            100.5926843,
            13.877977
          ],
          [
            100.5933502,
            13.8774906
          ],
          [
            100.5934728,
            13.8774078
          ],
          [
            100.5936102,
            13.8773218
          ],
          [
            100.5937311,
            13.8772504
          ],
          [
            100.5938476,
            13.8771842
          ],
          [
            100.5956652,
            13.8761486
          ],
          [
            100.5958882,
            13.8760215
          ],
          [
            100.5959435,
            13.8759892
          ],
          [
            100.5960034,
            13.8759483
          ],
          [
            100.5960537,
            13.8759086
          ],
          [
            100.5960976,
            13.8758675
          ],
          [
            100.5961416,
            13.8758196
          ],
          [
            100.5961839,
            13.8757716
          ],
          [
            100.5962243,
            13.8757222
          ],
          [
            100.5962659,
            13.8756702
          ],
          [
            100.5963208,
            13.8755989
          ],
          [
            100.5963744,
            13.8755255
          ],
          [
            100.5964275,
            13.8754464
          ],
          [
            100.5965335,
            13.875208
          ],
          [
            100.5970783,
            13.8743502
          ],
          [
            100.5972951,
            13.8740088
          ],
          [
            100.5974046,
            13.8738694
          ],
          [
            100.5974708,
            13.8737686
          ],
          [
            100.5975432,
            13.873664
          ],
          [
            100.5976182,
            13.8735759
          ],
          [
            100.597696,
            13.873497
          ],
          [
            100.5977591,
            13.8734435
          ],
          [
            100.5978204,
            13.8733974
          ],
          [
            100.5979002,
            13.8733441
          ],
          [
            100.5979932,
            13.8732896
          ],
          [
            100.5980836,
            13.873239
          ],
          [
            100.5994892,
            13.8724844
          ],
          [
            100.5996096,
            13.8724201
          ],
          [
            100.5997298,
            13.8723561
          ],
          [
            100.5998417,
            13.8723004
          ],
          [
            100.5999645,
            13.8722467
          ],
          [
            100.6001029,
            13.8721866
          ],
          [
            100.60024,
            13.8721274
          ],
          [
            100.6006549,
            13.8719446
          ],
          [
            100.6007961,
            13.8718853
          ],
          [
            100.6009756,
            13.8718187
          ],
          [
            100.602604,
            13.8709386
          ],
          [
            100.6178017,
            13.8627778
          ],
          [
            100.6212786,
            13.8609007
          ],
          [
            100.6261191,
            13.8582913
          ],
          [
            100.6322133,
            13.8550006
          ],
          [
            100.6387439,
            13.851476
          ],
          [
            100.6420783,
            13.8496764
          ],
          [
            100.6424764,
            13.8494615
          ],
          [
            100.6428691,
            13.8492496
          ],
          [
            100.6502343,
            13.8452427
          ],
          [
            100.6587805,
            13.8406089
          ],
          [
            100.6619626,
            13.8388832
          ],
          [
            100.6621286,
            13.83879
          ],
          [
            100.6622894,
            13.8386963
          ],
          [
            100.6624412,
            13.838598
          ],
          [
            100.6626029,
            13.838488
          ],
          [
            100.6627552,
            13.838378
          ],
          [
            100.6629151,
            13.8382568
          ],
          [
            100.6631225,
            13.8380857
          ],
          [
            100.6633013,
            13.8379258
          ],
          [
            100.6634636,
            13.8377719
          ],
          [
            100.6675628,
            13.8337657
          ],
          [
            100.6713893,
            13.830061
          ],
          [
            100.6771946,
            13.8244404
          ],
          [
            100.6782118,
            13.8234346
          ],
          [
            100.6783726,
            13.8232756
          ],
          [
            100.6786278,
            13.8230232
          ],
          [
            100.6787964,
            13.8228601
          ],
          [
            100.6789834,
            13.8226845
          ],
          [
            100.6791681,
            13.8225134
          ],
          [
            100.6793703,
            13.8223325
          ],
          [
            100.679573,
            13.8221548
          ],
          [
            100.6797654,
            13.8219843
          ],
          [
            100.6799555,
            13.8218184
          ],
          [
            100.6801703,
            13.8216458
          ],
          [
            100.6803913,
            13.8214751
          ],
          [
            100.6806146,
            13.8212957
          ],
          [
            100.6808268,
            13.8211044
          ],
          [
            100.681039,
            13.8209027
          ],
          [
            100.6816106,
            13.8203555
          ],
          [
            100.6817956,
            13.8201812
          ],
          [
            100.6819887,
            13.8200016
          ],
          [
            100.6822059,
            13.8198066
          ],
          [
            100.6823981,
            13.8196402
          ],
          [
            100.6826117,
            13.8194516
          ],
          [
            100.6828083,
            13.8192714
          ],
          [
            100.6842072,
            13.8179671
          ],
          [
            100.684279,
            13.8178987
          ],
          [
            100.6843543,
            13.8178225
          ],
          [
            100.6844254,
            13.8177482
          ],
          [
            100.6844895,
            13.817676
          ],
          [
            100.6845676,
            13.8175846
          ],
          [
            100.6846656,
            13.8174668
          ],
          [
            100.6847604,
            13.817361
          ],
          [
            100.6848521,
            13.8172631
          ],
          [
            100.6849434,
            13.817172
          ],
          [
            100.685641,
            13.8165197
          ],
          [
            100.6883747,
            13.8139402
          ],
          [
            100.6885797,
            13.8137553
          ],
          [
            100.6887938,
            13.813581
          ],
          [
            100.6890211,
            13.8134227
          ],
          [
            100.6892541,
            13.8132785
          ],
          [
            100.6894994,
            13.813153
          ],
          [
            100.6897125,
            13.8130578
          ],
          [
            100.6899098,
            13.8129802
          ],
          [
            100.6900981,
            13.8129151
          ],
          [
            100.6902865,
            13.8128613
          ],
          [
            100.6904921,
            13.812815
          ],
          [
            100.6906977,
            13.8127789
          ],
          [
            100.69092,
            13.8127538
          ],
          [
            100.691135,
            13.8127412
          ],
          [
            100.6913495,
            13.8127368
          ],
          [
            100.6971731,
            13.8127171
          ],
          [
            100.6977579,
            13.8127164
          ],
          [
            100.7029282,
            13.8127016
          ],
          [
            100.712628,
            13.8126776
          ],
          [
            100.7135608,
            13.8126744
          ],
          [
            100.7137022,
            13.812672
          ],
          [
            100.7138264,
            13.8126668
          ],
          [
            100.7139517,
            13.8126591
          ],
          [
            100.7140958,
            13.812644
          ],
          [
            100.714215,
            13.8126279
          ],
          [
            100.7148933,
            13.8125301
          ],
          [
            100.7150314,
            13.8125132
          ],
          [
            100.7151736,
            13.8124996
          ],
          [
            100.7153031,
            13.8124929
          ],
          [
            100.7154235,
            13.8124881
          ],
          [
            100.7179625,
            13.8124687
          ],
          [
            100.7181573,
            13.8124728
          ],
          [
            100.7183135,
            13.8124814
          ],
          [
            100.7184685,
            13.8124979
          ],
          [
            100.7186295,
            13.8125175
          ],
          [
            100.7190173,
            13.8125609
          ],
          [
            100.7191478,
            13.8125754
          ],
          [
            100.71929,
            13.8125899
          ],
          [
            100.719452,
            13.8126008
          ],
          [
            100.7196098,
            13.8126045
          ],
          [
            100.7197536,
            13.8126049
          ],
          [
            100.7258333,
            13.8124926
          ],
          [
            100.7288892,
            13.8124264
          ],
          [
            100.7289938,
            13.8124208
          ],
          [
            100.7291054,
            13.8124111
          ],
          [
            100.7291984,
            13.8123919
          ],
          [
            100.7292928,
            13.812363
          ],
          [
            100.7293719,
            13.8123318
          ],
          [
            100.7294561,
            13.8122876
          ],
          [
            100.7295285,
            13.8122402
          ],
          [
            100.7295968,
            13.8121895
          ],
          [
            100.7296624,
            13.8121339
          ],
          [
            100.7312273,
            13.8107779
          ],
          [
            100.7313666,
            13.8106556
          ],
          [
            100.7314783,
            13.8105476
          ],
          [
            100.7315853,
            13.810432
          ],
          [
            100.7316797,
            13.8103214
          ],
          [
            100.7317697,
            13.8102016
          ],
          [
            100.7318457,
            13.8100886
          ],
          [
            100.7319138,
            13.8099729
          ],
          [
            100.7323073,
            13.8091591
          ],
          [
            100.7326744,
            13.8084018
          ]
        ]
      },
      "id": "relation/16740887"
    },
    {
      "type": "Feature",
      "properties": {
        "@id": "relation/19149752",
        "colour": "#C4007B",
        "from": "เมืองทองธานี",
        "name": "รถไฟฟ้ามหานคร สายสีชมพู (เมืองทองธานี → ทะเลสาบเมืองทองธานี)",
        "name:en": "Pink Line MRT (Muang Thong Thani → Lake Muang Thong Thani)",
        "name:th": "รถไฟฟ้ามหานคร สายสีชมพู (เมืองทองธานี → ทะเลสาบเมืองทองธานี)",
        "network": "Metropolitan Rapid Transit",
        "network:short": "MRT",
        "network:wikidata": "Q806485",
        "operator": "นอร์ทเทิร์นบางกอกโมโนเรล",
        "public_transport:version": "2",
        "ref": "IMPACT Link",
        "route": "monorail",
        "to": "ทะเลสาบเมืองทองธานี",
        "type": "route",
        "wikidata": "Q134883230"
      },
      "geometry": {
        "type": "LineString",
        "coordinates": [
          [
            100.5484874,
            13.8975407
          ],
          [
            100.5476669,
            13.8978299
          ],
          [
            100.547616,
            13.8978445
          ],
          [
            100.5475608,
            13.8978572
          ],
          [
            100.5475087,
            13.8978662
          ],
          [
            100.5474582,
            13.8978733
          ],
          [
            100.5474108,
            13.8978798
          ],
          [
            100.5472092,
            13.8979053
          ],
          [
            100.5471637,
            13.897913
          ],
          [
            100.5471156,
            13.8979221
          ],
          [
            100.5470783,
            13.8979299
          ],
          [
            100.5470314,
            13.897942
          ],
          [
            100.5469805,
            13.8979575
          ],
          [
            100.5469276,
            13.8979751
          ],
          [
            100.5450719,
            13.898627
          ],
          [
            100.5445149,
            13.8988175
          ],
          [
            100.5444798,
            13.898832
          ],
          [
            100.5444481,
            13.8988477
          ],
          [
            100.5444168,
            13.8988664
          ],
          [
            100.5443788,
            13.8988954
          ],
          [
            100.5443466,
            13.8989254
          ],
          [
            100.5443076,
            13.8989701
          ],
          [
            100.544277,
            13.899013
          ],
          [
            100.5442449,
            13.8990697
          ],
          [
            100.544222,
            13.8991244
          ],
          [
            100.5442099,
            13.8991749
          ],
          [
            100.5442016,
            13.899229
          ],
          [
            100.5441988,
            13.899288
          ],
          [
            100.5442026,
            13.8993455
          ],
          [
            100.5442095,
            13.8994058
          ],
          [
            100.5442243,
            13.8994658
          ],
          [
            100.5442439,
            13.8995258
          ],
          [
            100.5443016,
            13.8996685
          ],
          [
            100.5443268,
            13.8997357
          ],
          [
            100.5443463,
            13.8998018
          ],
          [
            100.544361,
            13.8998626
          ],
          [
            100.5443717,
            13.8999261
          ],
          [
            100.5443777,
            13.900001
          ],
          [
            100.5443805,
            13.9000926
          ],
          [
            100.5443806,
            13.9001955
          ],
          [
            100.5443736,
            13.9002779
          ],
          [
            100.544363,
            13.9003569
          ],
          [
            100.5443471,
            13.9004341
          ],
          [
            100.5443247,
            13.9005243
          ],
          [
            100.5442209,
            13.9008355
          ],
          [
            100.544044,
            13.9014219
          ],
          [
            100.5438172,
            13.902115
          ],
          [
            100.5437619,
            13.9023155
          ],
          [
            100.5437329,
            13.9024562
          ],
          [
            100.5437107,
            13.9025956
          ],
          [
            100.5436935,
            13.9027276
          ],
          [
            100.5436834,
            13.9028607
          ],
          [
            100.5436774,
            13.903029
          ],
          [
            100.5436734,
            13.9032068
          ],
          [
            100.5436761,
            13.9033566
          ],
          [
            100.5437117,
            13.9039675
          ],
          [
            100.5437615,
            13.9070772
          ],
          [
            100.5437761,
            13.907305
          ],
          [
            100.5437998,
            13.9075212
          ],
          [
            100.5439938,
            13.9089196
          ],
          [
            100.5442477,
            13.910445
          ],
          [
            100.5450441,
            13.9149925
          ],
          [
            100.5454884,
            13.9173459
          ],
          [
            100.5456518,
            13.9183794
          ]
        ]
      },
      "id": "relation/19149752"
    },
    {
      "type": "Feature",
      "properties": {
        "@id": "relation/19150155",
        "colour": "#C4007B",
        "from": "ทะเลสาบเมืองทองธานี",
        "name": "รถไฟฟ้ามหานคร สายสีชมพู (ทะเลสาบเมืองทองธานี → เมืองทองธานี)",
        "name:en": "Pink Line MRT (Lake Muang Thong Thani → Muang Thong Thani)",
        "name:th": "รถไฟฟ้ามหานคร สายสีชมพู (ทะเลสาบเมืองทองธานี → เมืองทองธานี)",
        "network": "Metropolitan Rapid Transit",
        "network:short": "MRT",
        "network:wikidata": "Q806485",
        "operator": "นอร์ทเทิร์นบางกอกโมโนเรล",
        "public_transport:version": "2",
        "ref": "IMPACT Link",
        "route": "monorail",
        "to": "เมืองทองธานี",
        "type": "route",
        "wikidata": "Q134883230"
      },
      "geometry": {
        "type": "LineString",
        "coordinates": [
          [
            100.5484874,
            13.8975407
          ],
          [
            100.5476669,
            13.8978299
          ],
          [
            100.547616,
            13.8978445
          ],
          [
            100.5475608,
            13.8978572
          ],
          [
            100.5475087,
            13.8978662
          ],
          [
            100.5474582,
            13.8978733
          ],
          [
            100.5474108,
            13.8978798
          ],
          [
            100.5472092,
            13.8979053
          ],
          [
            100.5471637,
            13.897913
          ],
          [
            100.5471156,
            13.8979221
          ],
          [
            100.5470783,
            13.8979299
          ],
          [
            100.5470314,
            13.897942
          ],
          [
            100.5469805,
            13.8979575
          ],
          [
            100.5469276,
            13.8979751
          ],
          [
            100.5450719,
            13.898627
          ],
          [
            100.5445149,
            13.8988175
          ],
          [
            100.5444798,
            13.898832
          ],
          [
            100.5444481,
            13.8988477
          ],
          [
            100.5444168,
            13.8988664
          ],
          [
            100.5443788,
            13.8988954
          ],
          [
            100.5443466,
            13.8989254
          ],
          [
            100.5443076,
            13.8989701
          ],
          [
            100.544277,
            13.899013
          ],
          [
            100.5442449,
            13.8990697
          ],
          [
            100.544222,
            13.8991244
          ],
          [
            100.5442099,
            13.8991749
          ],
          [
            100.5442016,
            13.899229
          ],
          [
            100.5441988,
            13.899288
          ],
          [
            100.5442026,
            13.8993455
          ],
          [
            100.5442095,
            13.8994058
          ],
          [
            100.5442243,
            13.8994658
          ],
          [
            100.5442439,
            13.8995258
          ],
          [
            100.5443016,
            13.8996685
          ],
          [
            100.5443268,
            13.8997357
          ],
          [
            100.5443463,
            13.8998018
          ],
          [
            100.544361,
            13.8998626
          ],
          [
            100.5443717,
            13.8999261
          ],
          [
            100.5443777,
            13.900001
          ],
          [
            100.5443805,
            13.9000926
          ],
          [
            100.5443806,
            13.9001955
          ],
          [
            100.5443736,
            13.9002779
          ],
          [
            100.544363,
            13.9003569
          ],
          [
            100.5443471,
            13.9004341
          ],
          [
            100.5443247,
            13.9005243
          ],
          [
            100.5442209,
            13.9008355
          ],
          [
            100.544044,
            13.9014219
          ],
          [
            100.5438172,
            13.902115
          ],
          [
            100.5437619,
            13.9023155
          ],
          [
            100.5437329,
            13.9024562
          ],
          [
            100.5437107,
            13.9025956
          ],
          [
            100.5436935,
            13.9027276
          ],
          [
            100.5436834,
            13.9028607
          ],
          [
            100.5436774,
            13.903029
          ],
          [
            100.5436734,
            13.9032068
          ],
          [
            100.5436761,
            13.9033566
          ],
          [
            100.5437117,
            13.9039675
          ],
          [
            100.5437615,
            13.9070772
          ],
          [
            100.5437761,
            13.907305
          ],
          [
            100.5437998,
            13.9075212
          ],
          [
            100.5439938,
            13.9089196
          ],
          [
            100.5442477,
            13.910445
          ],
          [
            100.5450441,
            13.9149925
          ],
          [
            100.5454884,
            13.9173459
          ],
          [
            100.5456518,
            13.9183794
          ]
        ]
      },
      "id": "relation/19150155"
    },
    {
      "type": "Feature",
      "properties": {
        "@id": "relation/19407241",
        "colour": "#02817D",
        "from": "กรุงธนบุรี",
        "name": "ขบวนเสริม รถไฟฟ้าบีทีเอส สายสีลม (กรุงธนบุรี → บางหว้า)",
        "name:en": "BTS Silom Line Supplementary Route (Krung Thon Buri → Bang Wa)",
        "name:th": "ขบวนเสริม รถไฟฟ้าบีทีเอส สายสีลม (กรุงธนบุรี → บางหว้า)",
        "network": "รถไฟฟ้าบีทีเอส",
        "network:en": "BTS Skytrain",
        "network:short": "BTS",
        "network:th": "รถไฟฟ้าบีทีเอส",
        "network:wikidata": "Q806501",
        "operator": "ระบบขนส่งมวลชนกรุงเทพ",
        "operator:en": "Bangkok Mass Transit System;BTSC",
        "public_transport:version": "2",
        "ref": "สีลม",
        "route": "subway",
        "to": "บางหว้า",
        "type": "route",
        "wikidata": "Q2634702",
        "wikipedia": "th:รถไฟฟ้าบีทีเอส สายสีลม"
      },
      "geometry": {
        "type": "LineString",
        "coordinates": [
          [
            100.4577634,
            13.7207873
          ],
          [
            100.4578636,
            13.7200977
          ],
          [
            100.4578693,
            13.7200609
          ],
          [
            100.4579643,
            13.7194536
          ],
          [
            100.4580771,
            13.718732
          ],
          [
            100.4581604,
            13.718265
          ],
          [
            100.4582159,
            13.7180458
          ],
          [
            100.4583929,
            13.7175855
          ],
          [
            100.4584746,
            13.7174325
          ],
          [
            100.4585432,
            13.7173133
          ],
          [
            100.4586434,
            13.7171443
          ],
          [
            100.4590787,
            13.7165572
          ],
          [
            100.4593501,
            13.7161725
          ],
          [
            100.4596624,
            13.7157746
          ],
          [
            100.4598212,
            13.7155822
          ],
          [
            100.4600465,
            13.7153666
          ],
          [
            100.4603264,
            13.7151544
          ],
          [
            100.4605022,
            13.7150399
          ],
          [
            100.4607019,
            13.7149288
          ],
          [
            100.4608675,
            13.7148509
          ],
          [
            100.4610416,
            13.7147846
          ],
          [
            100.4612055,
            13.7147232
          ],
          [
            100.4614615,
            13.7146469
          ],
          [
            100.4621187,
            13.7144861
          ],
          [
            100.4628542,
            13.714297
          ],
          [
            100.4631031,
            13.7142543
          ],
          [
            100.4633429,
            13.7142204
          ],
          [
            100.463522,
            13.7142056
          ],
          [
            100.4637254,
            13.7142056
          ],
          [
            100.463947,
            13.7142145
          ],
          [
            100.4642202,
            13.7142395
          ],
          [
            100.4647347,
            13.7142941
          ],
          [
            100.4649533,
            13.7143044
          ],
          [
            100.46514,
            13.7143029
          ],
          [
            100.4652963,
            13.7143
          ],
          [
            100.4654466,
            13.7142882
          ],
          [
            100.4656181,
            13.7142631
          ],
          [
            100.4658245,
            13.7142277
          ],
          [
            100.4660173,
            13.7141835
          ],
          [
            100.4661372,
            13.7141511
          ],
          [
            100.4662465,
            13.7141142
          ],
          [
            100.4663692,
            13.7140663
          ],
          [
            100.4668285,
            13.7138877
          ],
          [
            100.4672669,
            13.7137028
          ],
          [
            100.4674009,
            13.7136445
          ],
          [
            100.4676722,
            13.7135224
          ],
          [
            100.4678575,
            13.7134373
          ],
          [
            100.4682371,
            13.7132748
          ],
          [
            100.4689006,
            13.7130133
          ],
          [
            100.469564,
            13.7127518
          ],
          [
            100.4700328,
            13.7125685
          ],
          [
            100.470313,
            13.7124769
          ],
          [
            100.470488,
            13.7124211
          ],
          [
            100.4714311,
            13.7122127
          ],
          [
            100.4715621,
            13.7121909
          ],
          [
            100.4717864,
            13.7121645
          ],
          [
            100.4719221,
            13.7121565
          ],
          [
            100.4720992,
            13.7121496
          ],
          [
            100.472318,
            13.7121576
          ],
          [
            100.4728745,
            13.7122051
          ],
          [
            100.4731423,
            13.7122469
          ],
          [
            100.4733333,
            13.7122911
          ],
          [
            100.4736255,
            13.7123906
          ],
          [
            100.4738304,
            13.7124822
          ],
          [
            100.4741274,
            13.7126383
          ],
          [
            100.4743882,
            13.7127763
          ],
          [
            100.4746734,
            13.7129562
          ],
          [
            100.4749191,
            13.7131202
          ],
          [
            100.4753162,
            13.7134132
          ],
          [
            100.475549,
            13.713567
          ],
          [
            100.4756329,
            13.7136224
          ],
          [
            100.4757536,
            13.713688
          ],
          [
            100.4760567,
            13.7138527
          ],
          [
            100.4766992,
            13.7142066
          ],
          [
            100.4773046,
            13.7145401
          ],
          [
            100.4782383,
            13.7150858
          ],
          [
            100.4789978,
            13.715544
          ],
          [
            100.479155,
            13.7156485
          ],
          [
            100.4792444,
            13.7157155
          ],
          [
            100.4793811,
            13.7158259
          ],
          [
            100.4795855,
            13.7160104
          ],
          [
            100.4799371,
            13.7163332
          ],
          [
            100.4800919,
            13.7164703
          ],
          [
            100.4802175,
            13.7165753
          ],
          [
            100.480311,
            13.7166439
          ],
          [
            100.4804459,
            13.7167313
          ],
          [
            100.480887,
            13.7169816
          ],
          [
            100.481706,
            13.7174326
          ],
          [
            100.4826294,
            13.7179401
          ],
          [
            100.4836391,
            13.7184936
          ],
          [
            100.483854,
            13.7185959
          ],
          [
            100.4841565,
            13.7187285
          ],
          [
            100.4842341,
            13.71876
          ],
          [
            100.4843582,
            13.7188066
          ],
          [
            100.4845698,
            13.7188779
          ],
          [
            100.4847461,
            13.7189354
          ],
          [
            100.484897,
            13.7189738
          ],
          [
            100.4850254,
            13.7190067
          ],
          [
            100.4852761,
            13.7190678
          ],
          [
            100.4859751,
            13.7192286
          ],
          [
            100.486689,
            13.7193928
          ],
          [
            100.4870004,
            13.7194658
          ],
          [
            100.4872257,
            13.7195366
          ],
          [
            100.4874113,
            13.7195946
          ],
          [
            100.4879039,
            13.7197705
          ],
          [
            100.4890967,
            13.7202083
          ],
          [
            100.4895871,
            13.7203714
          ],
          [
            100.4897528,
            13.720425
          ],
          [
            100.4900532,
            13.7205023
          ],
          [
            100.490241,
            13.7205452
          ],
          [
            100.4905347,
            13.7205924
          ],
          [
            100.491147,
            13.7206937
          ],
          [
            100.4915663,
            13.7207631
          ],
          [
            100.4925524,
            13.7209187
          ],
          [
            100.4927418,
            13.7209429
          ],
          [
            100.4928805,
            13.7209647
          ],
          [
            100.4932214,
            13.7210023
          ],
          [
            100.4935934,
            13.7210339
          ],
          [
            100.4937814,
            13.7210433
          ],
          [
            100.4939266,
            13.7210505
          ],
          [
            100.4940986,
            13.721058
          ],
          [
            100.4942535,
            13.7210625
          ],
          [
            100.4945741,
            13.7210613
          ],
          [
            100.4951564,
            13.7210685
          ],
          [
            100.4958088,
            13.7210766
          ],
          [
            100.4962588,
            13.721073
          ],
          [
            100.497455,
            13.7210397
          ],
          [
            100.4981978,
            13.7210228
          ],
          [
            100.498746,
            13.7210103
          ],
          [
            100.5008156,
            13.7209566
          ],
          [
            100.5019823,
            13.7209299
          ],
          [
            100.5027183,
            13.7209129
          ]
        ]
      },
      "id": "relation/19407241"
    },
    {
      "type": "Feature",
      "properties": {
        "@id": "relation/19407242",
        "colour": "#02817D",
        "from": "บางหว้า",
        "name": "ขบวนเสริม รถไฟฟ้าบีทีเอส สายสีลม (บางหว้า → กรุงธนบุรี)",
        "name:en": "BTS Silom Line Supplementary Route (Bang Wa → Krung Thon Buri)",
        "name:th": "ขบวนเสริม รถไฟฟ้าบีทีเอส สายสีลม (บางหว้า → กรุงธนบุรี)",
        "network": "รถไฟฟ้าบีทีเอส",
        "network:en": "BTS Skytrain",
        "network:short": "BTS",
        "network:th": "รถไฟฟ้าบีทีเอส",
        "network:wikidata": "Q806501",
        "operator": "ระบบขนส่งมวลชนกรุงเทพ",
        "operator:en": "Bangkok Mass Transit System;BTSC",
        "public_transport:version": "2",
        "ref": "สีลม",
        "route": "subway",
        "to": "กรุงธนบุรี",
        "type": "route",
        "wikidata": "Q2634702",
        "wikipedia": "th:รถไฟฟ้าบีทีเอส สายสีลม"
      },
      "geometry": {
        "type": "LineString",
        "coordinates": [
          [
            100.4578054,
            13.7207956
          ],
          [
            100.4579133,
            13.7200604
          ],
          [
            100.4580606,
            13.7190264
          ],
          [
            100.4581103,
            13.7187583
          ],
          [
            100.4581514,
            13.7184692
          ],
          [
            100.4581963,
            13.7182739
          ],
          [
            100.4582357,
            13.7181247
          ],
          [
            100.4582696,
            13.7180115
          ],
          [
            100.458336,
            13.7178131
          ],
          [
            100.4584433,
            13.7175763
          ],
          [
            100.4584848,
            13.7174798
          ],
          [
            100.4586075,
            13.7172631
          ],
          [
            100.4588299,
            13.7169468
          ],
          [
            100.4589917,
            13.7167257
          ],
          [
            100.4592106,
            13.7164305
          ],
          [
            100.4593912,
            13.7161884
          ],
          [
            100.4596345,
            13.7158574
          ],
          [
            100.4598456,
            13.7156083
          ],
          [
            100.4600563,
            13.7154099
          ],
          [
            100.4602857,
            13.7152251
          ],
          [
            100.4604963,
            13.7150876
          ],
          [
            100.4606632,
            13.7149871
          ],
          [
            100.4608136,
            13.7149072
          ],
          [
            100.461007,
            13.7148279
          ],
          [
            100.4611999,
            13.7147627
          ],
          [
            100.4613773,
            13.7147143
          ],
          [
            100.4615313,
            13.7146733
          ],
          [
            100.4617518,
            13.7146222
          ],
          [
            100.4618762,
            13.7145877
          ],
          [
            100.462159,
            13.7145165
          ],
          [
            100.462555,
            13.7144242
          ],
          [
            100.4626772,
            13.7143933
          ],
          [
            100.4629919,
            13.7143146
          ],
          [
            100.4632525,
            13.7142687
          ],
          [
            100.4633963,
            13.714253
          ],
          [
            100.4636598,
            13.714245
          ],
          [
            100.4638606,
            13.7142474
          ],
          [
            100.4642135,
            13.7142804
          ],
          [
            100.464666,
            13.7143249
          ],
          [
            100.4648466,
            13.7143387
          ],
          [
            100.4650444,
            13.7143385
          ],
          [
            100.4652192,
            13.7143379
          ],
          [
            100.4654073,
            13.7143238
          ],
          [
            100.4656068,
            13.7143015
          ],
          [
            100.4657884,
            13.7142671
          ],
          [
            100.4660356,
            13.7142103
          ],
          [
            100.4662294,
            13.7141597
          ],
          [
            100.466426,
            13.7140865
          ],
          [
            100.4672966,
            13.7137329
          ],
          [
            100.4674804,
            13.713649
          ],
          [
            100.4678216,
            13.7134942
          ],
          [
            100.4682257,
            13.7133248
          ],
          [
            100.4689201,
            13.7130504
          ],
          [
            100.4695944,
            13.7127839
          ],
          [
            100.4700888,
            13.7125848
          ],
          [
            100.4704555,
            13.712464
          ],
          [
            100.4708403,
            13.7123786
          ],
          [
            100.4710622,
            13.7123294
          ],
          [
            100.4712596,
            13.7122859
          ],
          [
            100.4715839,
            13.712219
          ],
          [
            100.4717827,
            13.7121983
          ],
          [
            100.472073,
            13.7121891
          ],
          [
            100.4723117,
            13.712195
          ],
          [
            100.4726663,
            13.7122243
          ],
          [
            100.4729676,
            13.7122591
          ],
          [
            100.4732465,
            13.7123023
          ],
          [
            100.4734932,
            13.7123753
          ],
          [
            100.4738205,
            13.7125108
          ],
          [
            100.4743352,
            13.71279
          ],
          [
            100.4745828,
            13.7129379
          ],
          [
            100.4747465,
            13.7130477
          ],
          [
            100.4748826,
            13.7131422
          ],
          [
            100.4750551,
            13.7132631
          ],
          [
            100.4753274,
            13.7134637
          ],
          [
            100.4754783,
            13.7135631
          ],
          [
            100.4756739,
            13.7136906
          ],
          [
            100.4758082,
            13.7137596
          ],
          [
            100.476036,
            13.7138915
          ],
          [
            100.4766775,
            13.7142443
          ],
          [
            100.477783,
            13.7148524
          ],
          [
            100.4786636,
            13.7153826
          ],
          [
            100.4788694,
            13.7155042
          ],
          [
            100.4790734,
            13.7156407
          ],
          [
            100.4792068,
            13.7157371
          ],
          [
            100.4795195,
            13.7160043
          ],
          [
            100.479605,
            13.7160852
          ],
          [
            100.47981,
            13.7162765
          ],
          [
            100.4799712,
            13.7164158
          ],
          [
            100.4800457,
            13.7164816
          ],
          [
            100.4801187,
            13.716543
          ],
          [
            100.4801916,
            13.7166045
          ],
          [
            100.4803036,
            13.7166847
          ],
          [
            100.480423,
            13.7167632
          ],
          [
            100.4806532,
            13.7168965
          ],
          [
            100.4810282,
            13.7171111
          ],
          [
            100.4815673,
            13.717408
          ],
          [
            100.4831046,
            13.7182495
          ],
          [
            100.4834297,
            13.7184227
          ],
          [
            100.4836131,
            13.7185207
          ],
          [
            100.4838458,
            13.7186334
          ],
          [
            100.4842213,
            13.718793
          ],
          [
            100.4845186,
            13.7188972
          ],
          [
            100.4847986,
            13.7189847
          ],
          [
            100.4850333,
            13.7190478
          ],
          [
            100.4852681,
            13.7191027
          ],
          [
            100.4859652,
            13.7192674
          ],
          [
            100.486683,
            13.7194369
          ],
          [
            100.4869387,
            13.7194941
          ],
          [
            100.4871903,
            13.7195637
          ],
          [
            100.4875958,
            13.7197011
          ],
          [
            100.4880149,
            13.7198603
          ],
          [
            100.4887593,
            13.7201238
          ],
          [
            100.4892495,
            13.7203036
          ],
          [
            100.4896546,
            13.7204304
          ],
          [
            100.4898446,
            13.7204911
          ],
          [
            100.4901105,
            13.7205525
          ],
          [
            100.4904953,
            13.7206288
          ],
          [
            100.4910929,
            13.7207288
          ],
          [
            100.4911549,
            13.7207382
          ],
          [
            100.4921655,
            13.7208907
          ],
          [
            100.4927751,
            13.7209931
          ],
          [
            100.4932825,
            13.7210456
          ],
          [
            100.4938474,
            13.7210866
          ],
          [
            100.4941186,
            13.7210942
          ],
          [
            100.4943687,
            13.7211013
          ],
          [
            100.49457,
            13.7211038
          ],
          [
            100.4951556,
            13.7211086
          ],
          [
            100.4958058,
            13.7211141
          ],
          [
            100.4962547,
            13.7211157
          ],
          [
            100.4966359,
            13.7211031
          ],
          [
            100.4976516,
            13.7210787
          ],
          [
            100.4983242,
            13.7210626
          ],
          [
            100.5005204,
            13.7210124
          ],
          [
            100.50197,
            13.720973
          ],
          [
            100.5027177,
            13.7209558
          ]
        ]
      },
      "id": "relation/19407242"
    },
    {
      "type": "Feature",
      "properties": {
        "@id": "relation/19955655",
        "name": "ระบบขนส่งผู้โดยสารอัตโนมัติ ท่าอากาศยานสุวรรณภูมิ",
        "name:en": "Suvarnabhumi Airport Automated People Move",
        "name:th": "ระบบขนส่งผู้โดยสารอัตโนมัติ ท่าอากาศยานสุวรรณภูมิ",
        "route": "light_rail",
        "type": "route",
        "wikidata": "Q123569532",
        "wikipedia": "th:ระบบขนส่งผู้โดยสารอัตโนมัติ ท่าอากาศยานสุวรรณภูมิ"
      },
      "geometry": {
        "type": "MultiLineString",
        "coordinates": [
          [
            [
              100.7480861,
              13.6823294
            ],
            [
              100.7481342,
              13.6825202
            ],
            [
              100.7503873,
              13.691459
            ],
            [
              100.7504239,
              13.6916043
            ]
          ],
          [
            [
              100.7506023,
              13.6915525
            ],
            [
              100.7505662,
              13.6914103
            ],
            [
              100.7482994,
              13.682489
            ],
            [
              100.7482481,
              13.6822871
            ]
          ]
        ]
      },
      "id": "relation/19955655"
    },
    {
      "type": "Feature",
      "properties": {
        "@id": "node/257066779",
        "@relations": [
          {
            "role": "",
            "rel": 2067854,
            "reltags": {
              "colour": "#02817D",
              "name": "รถไฟฟ้าบีทีเอส สายสีลม (สนามกีฬาแห่งชาติ → บางหว้า)",
              "name:en": "BTS Silom Line (National Stadium → Bang Wa)",
              "name:th": "รถไฟฟ้าบีทีเอส สายสีลม (สนามกีฬาแห่งชาติ → บางหว้า)",
              "network": "รถไฟฟ้าบีทีเอส",
              "network:en": "BTS Skytrain",
              "network:short": "BTS",
              "network:th": "รถไฟฟ้าบีทีเอส",
              "network:wikidata": "Q806501",
              "operator": "ระบบขนส่งมวลชนกรุงเทพ",
              "operator:en": "Bangkok Mass Transit System;BTSC",
              "public_transport:version": "2",
              "ref": "สีลม",
              "route": "subway",
              "type": "route",
              "wikidata": "Q2634702",
              "wikipedia": "th:รถไฟฟ้าบีทีเอส สายสีลม"
            }
          },
          {
            "role": "",
            "rel": 7989385,
            "reltags": {
              "colour": "#02817D",
              "name": "รถไฟฟ้าบีทีเอส สายสีลม (บางหว้า → สนามกีฬาแห่งชาติ)",
              "name:en": "BTS Silom Line (Bang Wa → National Stadium)",
              "name:th": "รถไฟฟ้าบีทีเอส สายสีลม (บางหว้า → สนามกีฬาแห่งชาติ)",
              "network": "รถไฟฟ้าบีทีเอส",
              "network:en": "BTS Skytrain",
              "network:short": "BTS",
              "network:th": "รถไฟฟ้าบีทีเอส",
              "network:wikidata": "Q806501",
              "operator": "ระบบขนส่งมวลชนกรุงเทพ",
              "operator:en": "Bangkok Mass Transit System;BTSC",
              "public_transport:version": "2",
              "ref": "สีลม",
              "route": "subway",
              "type": "route",
              "wikidata": "Q2634702",
              "wikipedia": "th:รถไฟฟ้าบีทีเอส สายสีลม"
            }
          }
        ]
      },
      "geometry": {
        "type": "Point",
        "coordinates": [
          100.5214619,
          13.7192683
        ]
      },
      "id": "node/257066779"
    },
    {
      "type": "Feature",
      "properties": {
        "@id": "node/257066790",
        "@relations": [
          {
            "role": "",
            "rel": 2067854,
            "reltags": {
              "colour": "#02817D",
              "name": "รถไฟฟ้าบีทีเอส สายสีลม (สนามกีฬาแห่งชาติ → บางหว้า)",
              "name:en": "BTS Silom Line (National Stadium → Bang Wa)",
              "name:th": "รถไฟฟ้าบีทีเอส สายสีลม (สนามกีฬาแห่งชาติ → บางหว้า)",
              "network": "รถไฟฟ้าบีทีเอส",
              "network:en": "BTS Skytrain",
              "network:short": "BTS",
              "network:th": "รถไฟฟ้าบีทีเอส",
              "network:wikidata": "Q806501",
              "operator": "ระบบขนส่งมวลชนกรุงเทพ",
              "operator:en": "Bangkok Mass Transit System;BTSC",
              "public_transport:version": "2",
              "ref": "สีลม",
              "route": "subway",
              "type": "route",
              "wikidata": "Q2634702",
              "wikipedia": "th:รถไฟฟ้าบีทีเอส สายสีลม"
            }
          },
          {
            "role": "",
            "rel": 7989385,
            "reltags": {
              "colour": "#02817D",
              "name": "รถไฟฟ้าบีทีเอส สายสีลม (บางหว้า → สนามกีฬาแห่งชาติ)",
              "name:en": "BTS Silom Line (Bang Wa → National Stadium)",
              "name:th": "รถไฟฟ้าบีทีเอส สายสีลม (บางหว้า → สนามกีฬาแห่งชาติ)",
              "network": "รถไฟฟ้าบีทีเอส",
              "network:en": "BTS Skytrain",
              "network:short": "BTS",
              "network:th": "รถไฟฟ้าบีทีเอส",
              "network:wikidata": "Q806501",
              "operator": "ระบบขนส่งมวลชนกรุงเทพ",
              "operator:en": "Bangkok Mass Transit System;BTSC",
              "public_transport:version": "2",
              "ref": "สีลม",
              "route": "subway",
              "type": "route",
              "wikidata": "Q2634702",
              "wikipedia": "th:รถไฟฟ้าบีทีเอส สายสีลม"
            }
          }
        ]
      },
      "geometry": {
        "type": "Point",
        "coordinates": [
          100.529325,
          13.7237969
        ]
      },
      "id": "node/257066790"
    },
    {
      "type": "Feature",
      "properties": {
        "@id": "node/257066809",
        "@relations": [
          {
            "role": "",
            "rel": 2067854,
            "reltags": {
              "colour": "#02817D",
              "name": "รถไฟฟ้าบีทีเอส สายสีลม (สนามกีฬาแห่งชาติ → บางหว้า)",
              "name:en": "BTS Silom Line (National Stadium → Bang Wa)",
              "name:th": "รถไฟฟ้าบีทีเอส สายสีลม (สนามกีฬาแห่งชาติ → บางหว้า)",
              "network": "รถไฟฟ้าบีทีเอส",
              "network:en": "BTS Skytrain",
              "network:short": "BTS",
              "network:th": "รถไฟฟ้าบีทีเอส",
              "network:wikidata": "Q806501",
              "operator": "ระบบขนส่งมวลชนกรุงเทพ",
              "operator:en": "Bangkok Mass Transit System;BTSC",
              "public_transport:version": "2",
              "ref": "สีลม",
              "route": "subway",
              "type": "route",
              "wikidata": "Q2634702",
              "wikipedia": "th:รถไฟฟ้าบีทีเอส สายสีลม"
            }
          },
          {
            "role": "",
            "rel": 7989385,
            "reltags": {
              "colour": "#02817D",
              "name": "รถไฟฟ้าบีทีเอส สายสีลม (บางหว้า → สนามกีฬาแห่งชาติ)",
              "name:en": "BTS Silom Line (Bang Wa → National Stadium)",
              "name:th": "รถไฟฟ้าบีทีเอส สายสีลม (บางหว้า → สนามกีฬาแห่งชาติ)",
              "network": "รถไฟฟ้าบีทีเอส",
              "network:en": "BTS Skytrain",
              "network:short": "BTS",
              "network:th": "รถไฟฟ้าบีทีเอส",
              "network:wikidata": "Q806501",
              "operator": "ระบบขนส่งมวลชนกรุงเทพ",
              "operator:en": "Bangkok Mass Transit System;BTSC",
              "public_transport:version": "2",
              "ref": "สีลม",
              "route": "subway",
              "type": "route",
              "wikidata": "Q2634702",
              "wikipedia": "th:รถไฟฟ้าบีทีเอส สายสีลม"
            }
          }
        ]
      },
      "geometry": {
        "type": "Point",
        "coordinates": [
          100.5394496,
          13.7394708
        ]
      },
      "id": "node/257066809"
    },
    {
      "type": "Feature",
      "properties": {
        "@id": "node/257066819",
        "@relations": [
          {
            "role": "stop",
            "rel": 2067854,
            "reltags": {
              "colour": "#02817D",
              "name": "รถไฟฟ้าบีทีเอส สายสีลม (สนามกีฬาแห่งชาติ → บางหว้า)",
              "name:en": "BTS Silom Line (National Stadium → Bang Wa)",
              "name:th": "รถไฟฟ้าบีทีเอส สายสีลม (สนามกีฬาแห่งชาติ → บางหว้า)",
              "network": "รถไฟฟ้าบีทีเอส",
              "network:en": "BTS Skytrain",
              "network:short": "BTS",
              "network:th": "รถไฟฟ้าบีทีเอส",
              "network:wikidata": "Q806501",
              "operator": "ระบบขนส่งมวลชนกรุงเทพ",
              "operator:en": "Bangkok Mass Transit System;BTSC",
              "public_transport:version": "2",
              "ref": "สีลม",
              "route": "subway",
              "type": "route",
              "wikidata": "Q2634702",
              "wikipedia": "th:รถไฟฟ้าบีทีเอส สายสีลม"
            }
          }
        ]
      },
      "geometry": {
        "type": "Point",
        "coordinates": [
          100.5290896,
          13.7465319
        ]
      },
      "id": "node/257066819"
    },
    {
      "type": "Feature",
      "properties": {
        "@id": "node/257067085",
        "@relations": [
          {
            "role": "",
            "rel": 2067854,
            "reltags": {
              "colour": "#02817D",
              "name": "รถไฟฟ้าบีทีเอส สายสีลม (สนามกีฬาแห่งชาติ → บางหว้า)",
              "name:en": "BTS Silom Line (National Stadium → Bang Wa)",
              "name:th": "รถไฟฟ้าบีทีเอส สายสีลม (สนามกีฬาแห่งชาติ → บางหว้า)",
              "network": "รถไฟฟ้าบีทีเอส",
              "network:en": "BTS Skytrain",
              "network:short": "BTS",
              "network:th": "รถไฟฟ้าบีทีเอส",
              "network:wikidata": "Q806501",
              "operator": "ระบบขนส่งมวลชนกรุงเทพ",
              "operator:en": "Bangkok Mass Transit System;BTSC",
              "public_transport:version": "2",
              "ref": "สีลม",
              "route": "subway",
              "type": "route",
              "wikidata": "Q2634702",
              "wikipedia": "th:รถไฟฟ้าบีทีเอส สายสีลม"
            }
          },
          {
            "role": "",
            "rel": 7989385,
            "reltags": {
              "colour": "#02817D",
              "name": "รถไฟฟ้าบีทีเอส สายสีลม (บางหว้า → สนามกีฬาแห่งชาติ)",
              "name:en": "BTS Silom Line (Bang Wa → National Stadium)",
              "name:th": "รถไฟฟ้าบีทีเอส สายสีลม (บางหว้า → สนามกีฬาแห่งชาติ)",
              "network": "รถไฟฟ้าบีทีเอส",
              "network:en": "BTS Skytrain",
              "network:short": "BTS",
              "network:th": "รถไฟฟ้าบีทีเอส",
              "network:wikidata": "Q806501",
              "operator": "ระบบขนส่งมวลชนกรุงเทพ",
              "operator:en": "Bangkok Mass Transit System;BTSC",
              "public_transport:version": "2",
              "ref": "สีลม",
              "route": "subway",
              "type": "route",
              "wikidata": "Q2634702",
              "wikipedia": "th:รถไฟฟ้าบีทีเอส สายสีลม"
            }
          }
        ]
      },
      "geometry": {
        "type": "Point",
        "coordinates": [
          100.514223,
          13.7188128
        ]
      },
      "id": "node/257067085"
    },
    {
      "type": "Feature",
      "properties": {
        "@id": "node/270666787",
        "@relations": [
          {
            "role": "stop",
            "rel": 444651,
            "reltags": {
              "colour": "#65B724",
              "from": "Khu Khot",
              "name": "รถไฟฟ้าบีทีเอส สายสุขุมวิท (คูคต → เคหะ)",
              "name:en": "BTS Sukhumvit Line (Khu Khot → Kheha)",
              "name:ja": "BTSスクムウィット線（クーコット→ケーハー）",
              "name:th": "รถไฟฟ้าบีทีเอส สายสุขุมวิท (คูคต → เคหะ)",
              "network": "รถไฟฟ้าบีทีเอส",
              "network:en": "BTS Skytrain",
              "network:short": "BTS",
              "network:th": "รถไฟฟ้าบีทีเอส",
              "network:wikidata": "Q806501",
              "note": "I didn't include \"Last train route\" and \"Peak-only route\" into this \"Main route\".",
              "opening_hours": "Mo-Su 05:15-23:35",
              "operator": "ระบบขนส่งมวลชนกรุงเทพ",
              "operator:en": "Bangkok Mass Transit System;BTSC",
              "public_transport:version": "2",
              "ref": "สุขุมวิท",
              "route": "subway",
              "to": "Kheha",
              "type": "route",
              "website": "https://www.bts.co.th/service/timetable.html",
              "wikidata": "Q4921598",
              "wikipedia": "th:รถไฟฟ้าบีทีเอส สายสุขุมวิท"
            }
          }
        ]
      },
      "geometry": {
        "type": "Point",
        "coordinates": [
          100.5315723,
          13.7518788
        ]
      },
      "id": "node/270666787"
    },
    {
      "type": "Feature",
      "properties": {
        "@id": "node/270666790",
        "@relations": [
          {
            "role": "stop",
            "rel": 7989376,
            "reltags": {
              "colour": "#65B724",
              "from": "Kheha",
              "name": "รถไฟฟ้าบีทีเอส สายสุขุมวิท (เคหะ → คูคต)",
              "name:en": "BTS Sukhumvit Line (Kheha → Khu Khot)",
              "name:ja": "BTSスクムウィット線（クーコット→ケーハー）",
              "name:th": "รถไฟฟ้าบีทีเอส สายสุขุมวิท (เคหะ → คูคต)",
              "network": "รถไฟฟ้าบีทีเอส",
              "network:en": "BTS Skytrain",
              "network:short": "BTS",
              "network:th": "รถไฟฟ้าบีทีเอส",
              "network:wikidata": "Q806501",
              "note": "I didn't include \"Last train route\" and \"Peak-only route\" into this \"Main route\".",
              "opening_hours": "Mo-Su 05:15-23:43",
              "operator": "ระบบขนส่งมวลชนกรุงเทพ",
              "operator:en": "Bangkok Mass Transit System;BTSC",
              "public_transport:version": "2",
              "ref": "สุขุมวิท",
              "route": "subway",
              "to": "Khu Khot",
              "type": "route",
              "website": "https://www.bts.co.th/service/timetable.html",
              "wikidata": "Q4921598",
              "wikipedia": "th:รถไฟฟ้าบีทีเอส สายสุขุมวิท"
            }
          }
        ]
      },
      "geometry": {
        "type": "Point",
        "coordinates": [
          100.5338074,
          13.7569781
        ]
      },
      "id": "node/270666790"
    },
    {
      "type": "Feature",
      "properties": {
        "@id": "node/270666791",
        "@relations": [
          {
            "role": "stop",
            "rel": 444651,
            "reltags": {
              "colour": "#65B724",
              "from": "Khu Khot",
              "name": "รถไฟฟ้าบีทีเอส สายสุขุมวิท (คูคต → เคหะ)",
              "name:en": "BTS Sukhumvit Line (Khu Khot → Kheha)",
              "name:ja": "BTSスクムウィット線（クーコット→ケーハー）",
              "name:th": "รถไฟฟ้าบีทีเอส สายสุขุมวิท (คูคต → เคหะ)",
              "network": "รถไฟฟ้าบีทีเอส",
              "network:en": "BTS Skytrain",
              "network:short": "BTS",
              "network:th": "รถไฟฟ้าบีทีเอส",
              "network:wikidata": "Q806501",
              "note": "I didn't include \"Last train route\" and \"Peak-only route\" into this \"Main route\".",
              "opening_hours": "Mo-Su 05:15-23:35",
              "operator": "ระบบขนส่งมวลชนกรุงเทพ",
              "operator:en": "Bangkok Mass Transit System;BTSC",
              "public_transport:version": "2",
              "ref": "สุขุมวิท",
              "route": "subway",
              "to": "Kheha",
              "type": "route",
              "website": "https://www.bts.co.th/service/timetable.html",
              "wikidata": "Q4921598",
              "wikipedia": "th:รถไฟฟ้าบีทีเอส สายสุขุมวิท"
            }
          }
        ]
      },
      "geometry": {
        "type": "Point",
        "coordinates": [
          100.5370668,
          13.7627534
        ]
      },
      "id": "node/270666791"
    },
    {
      "type": "Feature",
      "properties": {
        "@id": "node/270666802",
        "@relations": [
          {
            "role": "stop",
            "rel": 444651,
            "reltags": {
              "colour": "#65B724",
              "from": "Khu Khot",
              "name": "รถไฟฟ้าบีทีเอส สายสุขุมวิท (คูคต → เคหะ)",
              "name:en": "BTS Sukhumvit Line (Khu Khot → Kheha)",
              "name:ja": "BTSスクムウィット線（クーコット→ケーハー）",
              "name:th": "รถไฟฟ้าบีทีเอส สายสุขุมวิท (คูคต → เคหะ)",
              "network": "รถไฟฟ้าบีทีเอส",
              "network:en": "BTS Skytrain",
              "network:short": "BTS",
              "network:th": "รถไฟฟ้าบีทีเอส",
              "network:wikidata": "Q806501",
              "note": "I didn't include \"Last train route\" and \"Peak-only route\" into this \"Main route\".",
              "opening_hours": "Mo-Su 05:15-23:35",
              "operator": "ระบบขนส่งมวลชนกรุงเทพ",
              "operator:en": "Bangkok Mass Transit System;BTSC",
              "public_transport:version": "2",
              "ref": "สุขุมวิท",
              "route": "subway",
              "to": "Kheha",
              "type": "route",
              "website": "https://www.bts.co.th/service/timetable.html",
              "wikidata": "Q4921598",
              "wikipedia": "th:รถไฟฟ้าบีทีเอส สายสุขุมวิท"
            }
          }
        ]
      },
      "geometry": {
        "type": "Point",
        "coordinates": [
          100.5420928,
          13.7726146
        ]
      },
      "id": "node/270666802"
    },
    {
      "type": "Feature",
      "properties": {
        "@id": "node/270666804",
        "@relations": [
          {
            "role": "stop",
            "rel": 444651,
            "reltags": {
              "colour": "#65B724",
              "from": "Khu Khot",
              "name": "รถไฟฟ้าบีทีเอส สายสุขุมวิท (คูคต → เคหะ)",
              "name:en": "BTS Sukhumvit Line (Khu Khot → Kheha)",
              "name:ja": "BTSスクムウィット線（クーコット→ケーハー）",
              "name:th": "รถไฟฟ้าบีทีเอส สายสุขุมวิท (คูคต → เคหะ)",
              "network": "รถไฟฟ้าบีทีเอส",
              "network:en": "BTS Skytrain",
              "network:short": "BTS",
              "network:th": "รถไฟฟ้าบีทีเอส",
              "network:wikidata": "Q806501",
              "note": "I didn't include \"Last train route\" and \"Peak-only route\" into this \"Main route\".",
              "opening_hours": "Mo-Su 05:15-23:35",
              "operator": "ระบบขนส่งมวลชนกรุงเทพ",
              "operator:en": "Bangkok Mass Transit System;BTSC",
              "public_transport:version": "2",
              "ref": "สุขุมวิท",
              "route": "subway",
              "to": "Kheha",
              "type": "route",
              "website": "https://www.bts.co.th/service/timetable.html",
              "wikidata": "Q4921598",
              "wikipedia": "th:รถไฟฟ้าบีทีเอส สายสุขุมวิท"
            }
          }
        ]
      },
      "geometry": {
        "type": "Point",
        "coordinates": [
          100.5446403,
          13.779706
        ]
      },
      "id": "node/270666804"
    },
    {
      "type": "Feature",
      "properties": {
        "@id": "node/270666805",
        "@relations": [
          {
            "role": "stop_inactive",
            "rel": 444651,
            "reltags": {
              "colour": "#65B724",
              "from": "Khu Khot",
              "name": "รถไฟฟ้าบีทีเอส สายสุขุมวิท (คูคต → เคหะ)",
              "name:en": "BTS Sukhumvit Line (Khu Khot → Kheha)",
              "name:ja": "BTSスクムウィット線（クーコット→ケーハー）",
              "name:th": "รถไฟฟ้าบีทีเอส สายสุขุมวิท (คูคต → เคหะ)",
              "network": "รถไฟฟ้าบีทีเอส",
              "network:en": "BTS Skytrain",
              "network:short": "BTS",
              "network:th": "รถไฟฟ้าบีทีเอส",
              "network:wikidata": "Q806501",
              "note": "I didn't include \"Last train route\" and \"Peak-only route\" into this \"Main route\".",
              "opening_hours": "Mo-Su 05:15-23:35",
              "operator": "ระบบขนส่งมวลชนกรุงเทพ",
              "operator:en": "Bangkok Mass Transit System;BTSC",
              "public_transport:version": "2",
              "ref": "สุขุมวิท",
              "route": "subway",
              "to": "Kheha",
              "type": "route",
              "website": "https://www.bts.co.th/service/timetable.html",
              "wikidata": "Q4921598",
              "wikipedia": "th:รถไฟฟ้าบีทีเอส สายสุขุมวิท"
            }
          },
          {
            "role": "stop_inactive",
            "rel": 7989376,
            "reltags": {
              "colour": "#65B724",
              "from": "Kheha",
              "name": "รถไฟฟ้าบีทีเอส สายสุขุมวิท (เคหะ → คูคต)",
              "name:en": "BTS Sukhumvit Line (Kheha → Khu Khot)",
              "name:ja": "BTSスクムウィット線（クーコット→ケーハー）",
              "name:th": "รถไฟฟ้าบีทีเอส สายสุขุมวิท (เคหะ → คูคต)",
              "network": "รถไฟฟ้าบีทีเอส",
              "network:en": "BTS Skytrain",
              "network:short": "BTS",
              "network:th": "รถไฟฟ้าบีทีเอส",
              "network:wikidata": "Q806501",
              "note": "I didn't include \"Last train route\" and \"Peak-only route\" into this \"Main route\".",
              "opening_hours": "Mo-Su 05:15-23:43",
              "operator": "ระบบขนส่งมวลชนกรุงเทพ",
              "operator:en": "Bangkok Mass Transit System;BTSC",
              "public_transport:version": "2",
              "ref": "สุขุมวิท",
              "route": "subway",
              "to": "Khu Khot",
              "type": "route",
              "website": "https://www.bts.co.th/service/timetable.html",
              "wikidata": "Q4921598",
              "wikipedia": "th:รถไฟฟ้าบีทีเอส สายสุขุมวิท"
            }
          }
        ]
      },
      "geometry": {
        "type": "Point",
        "coordinates": [
          100.546865,
          13.7859356
        ]
      },
      "id": "node/270666805"
    },
    {
      "type": "Feature",
      "properties": {
        "@id": "node/270666806",
        "@relations": [
          {
            "role": "stop",
            "rel": 444651,
            "reltags": {
              "colour": "#65B724",
              "from": "Khu Khot",
              "name": "รถไฟฟ้าบีทีเอส สายสุขุมวิท (คูคต → เคหะ)",
              "name:en": "BTS Sukhumvit Line (Khu Khot → Kheha)",
              "name:ja": "BTSスクムウィット線（クーコット→ケーハー）",
              "name:th": "รถไฟฟ้าบีทีเอส สายสุขุมวิท (คูคต → เคหะ)",
              "network": "รถไฟฟ้าบีทีเอส",
              "network:en": "BTS Skytrain",
              "network:short": "BTS",
              "network:th": "รถไฟฟ้าบีทีเอส",
              "network:wikidata": "Q806501",
              "note": "I didn't include \"Last train route\" and \"Peak-only route\" into this \"Main route\".",
              "opening_hours": "Mo-Su 05:15-23:35",
              "operator": "ระบบขนส่งมวลชนกรุงเทพ",
              "operator:en": "Bangkok Mass Transit System;BTSC",
              "public_transport:version": "2",
              "ref": "สุขุมวิท",
              "route": "subway",
              "to": "Kheha",
              "type": "route",
              "website": "https://www.bts.co.th/service/timetable.html",
              "wikidata": "Q4921598",
              "wikipedia": "th:รถไฟฟ้าบีทีเอส สายสุขุมวิท"
            }
          }
        ]
      },
      "geometry": {
        "type": "Point",
        "coordinates": [
          100.5497245,
          13.793819
        ]
      },
      "id": "node/270666806"
    },
    {
      "type": "Feature",
      "properties": {
        "@id": "node/270668230",
        "@relations": [
          {
            "role": "stop",
            "rel": 444651,
            "reltags": {
              "colour": "#65B724",
              "from": "Khu Khot",
              "name": "รถไฟฟ้าบีทีเอส สายสุขุมวิท (คูคต → เคหะ)",
              "name:en": "BTS Sukhumvit Line (Khu Khot → Kheha)",
              "name:ja": "BTSスクムウィット線（クーコット→ケーハー）",
              "name:th": "รถไฟฟ้าบีทีเอส สายสุขุมวิท (คูคต → เคหะ)",
              "network": "รถไฟฟ้าบีทีเอส",
              "network:en": "BTS Skytrain",
              "network:short": "BTS",
              "network:th": "รถไฟฟ้าบีทีเอส",
              "network:wikidata": "Q806501",
              "note": "I didn't include \"Last train route\" and \"Peak-only route\" into this \"Main route\".",
              "opening_hours": "Mo-Su 05:15-23:35",
              "operator": "ระบบขนส่งมวลชนกรุงเทพ",
              "operator:en": "Bangkok Mass Transit System;BTSC",
              "public_transport:version": "2",
              "ref": "สุขุมวิท",
              "route": "subway",
              "to": "Kheha",
              "type": "route",
              "website": "https://www.bts.co.th/service/timetable.html",
              "wikidata": "Q4921598",
              "wikipedia": "th:รถไฟฟ้าบีทีเอส สายสุขุมวิท"
            }
          }
        ]
      },
      "geometry": {
        "type": "Point",
        "coordinates": [
          100.5554426,
          13.7405545
        ]
      },
      "id": "node/270668230"
    },
    {
      "type": "Feature",
      "properties": {
        "@id": "node/270668232",
        "@relations": [
          {
            "role": "stop",
            "rel": 444651,
            "reltags": {
              "colour": "#65B724",
              "from": "Khu Khot",
              "name": "รถไฟฟ้าบีทีเอส สายสุขุมวิท (คูคต → เคหะ)",
              "name:en": "BTS Sukhumvit Line (Khu Khot → Kheha)",
              "name:ja": "BTSスクムウィット線（クーコット→ケーハー）",
              "name:th": "รถไฟฟ้าบีทีเอส สายสุขุมวิท (คูคต → เคหะ)",
              "network": "รถไฟฟ้าบีทีเอส",
              "network:en": "BTS Skytrain",
              "network:short": "BTS",
              "network:th": "รถไฟฟ้าบีทีเอส",
              "network:wikidata": "Q806501",
              "note": "I didn't include \"Last train route\" and \"Peak-only route\" into this \"Main route\".",
              "opening_hours": "Mo-Su 05:15-23:35",
              "operator": "ระบบขนส่งมวลชนกรุงเทพ",
              "operator:en": "Bangkok Mass Transit System;BTSC",
              "public_transport:version": "2",
              "ref": "สุขุมวิท",
              "route": "subway",
              "to": "Kheha",
              "type": "route",
              "website": "https://www.bts.co.th/service/timetable.html",
              "wikidata": "Q4921598",
              "wikipedia": "th:รถไฟฟ้าบีทีเอส สายสุขุมวิท"
            }
          }
        ]
      },
      "geometry": {
        "type": "Point",
        "coordinates": [
          100.5430732,
          13.7441192
        ]
      },
      "id": "node/270668232"
    },
    {
      "type": "Feature",
      "properties": {
        "@id": "node/275514306",
        "@relations": [
          {
            "role": "stop",
            "rel": 444651,
            "reltags": {
              "colour": "#65B724",
              "from": "Khu Khot",
              "name": "รถไฟฟ้าบีทีเอส สายสุขุมวิท (คูคต → เคหะ)",
              "name:en": "BTS Sukhumvit Line (Khu Khot → Kheha)",
              "name:ja": "BTSスクムウィット線（クーコット→ケーハー）",
              "name:th": "รถไฟฟ้าบีทีเอส สายสุขุมวิท (คูคต → เคหะ)",
              "network": "รถไฟฟ้าบีทีเอส",
              "network:en": "BTS Skytrain",
              "network:short": "BTS",
              "network:th": "รถไฟฟ้าบีทีเอส",
              "network:wikidata": "Q806501",
              "note": "I didn't include \"Last train route\" and \"Peak-only route\" into this \"Main route\".",
              "opening_hours": "Mo-Su 05:15-23:35",
              "operator": "ระบบขนส่งมวลชนกรุงเทพ",
              "operator:en": "Bangkok Mass Transit System;BTSC",
              "public_transport:version": "2",
              "ref": "สุขุมวิท",
              "route": "subway",
              "to": "Kheha",
              "type": "route",
              "website": "https://www.bts.co.th/service/timetable.html",
              "wikidata": "Q4921598",
              "wikipedia": "th:รถไฟฟ้าบีทีเอส สายสุขุมวิท"
            }
          }
        ]
      },
      "geometry": {
        "type": "Point",
        "coordinates": [
          100.5697242,
          13.730452
        ]
      },
      "id": "node/275514306"
    },
    {
      "type": "Feature",
      "properties": {
        "@id": "node/275514816",
        "@relations": [
          {
            "role": "stop",
            "rel": 7989376,
            "reltags": {
              "colour": "#65B724",
              "from": "Kheha",
              "name": "รถไฟฟ้าบีทีเอส สายสุขุมวิท (เคหะ → คูคต)",
              "name:en": "BTS Sukhumvit Line (Kheha → Khu Khot)",
              "name:ja": "BTSスクムウィット線（クーコット→ケーハー）",
              "name:th": "รถไฟฟ้าบีทีเอส สายสุขุมวิท (เคหะ → คูคต)",
              "network": "รถไฟฟ้าบีทีเอส",
              "network:en": "BTS Skytrain",
              "network:short": "BTS",
              "network:th": "รถไฟฟ้าบีทีเอส",
              "network:wikidata": "Q806501",
              "note": "I didn't include \"Last train route\" and \"Peak-only route\" into this \"Main route\".",
              "opening_hours": "Mo-Su 05:15-23:43",
              "operator": "ระบบขนส่งมวลชนกรุงเทพ",
              "operator:en": "Bangkok Mass Transit System;BTSC",
              "public_transport:version": "2",
              "ref": "สุขุมวิท",
              "route": "subway",
              "to": "Khu Khot",
              "type": "route",
              "website": "https://www.bts.co.th/service/timetable.html",
              "wikidata": "Q4921598",
              "wikipedia": "th:รถไฟฟ้าบีทีเอส สายสุขุมวิท"
            }
          }
        ]
      },
      "geometry": {
        "type": "Point",
        "coordinates": [
          100.5603422,
          13.7370298
        ]
      },
      "id": "node/275514816"
    },
    {
      "type": "Feature",
      "properties": {
        "@id": "node/275515851",
        "@relations": [
          {
            "role": "stop",
            "rel": 7989376,
            "reltags": {
              "colour": "#65B724",
              "from": "Kheha",
              "name": "รถไฟฟ้าบีทีเอส สายสุขุมวิท (เคหะ → คูคต)",
              "name:en": "BTS Sukhumvit Line (Kheha → Khu Khot)",
              "name:ja": "BTSスクムウィット線（クーコット→ケーハー）",
              "name:th": "รถไฟฟ้าบีทีเอส สายสุขุมวิท (เคหะ → คูคต)",
              "network": "รถไฟฟ้าบีทีเอส",
              "network:en": "BTS Skytrain",
              "network:short": "BTS",
              "network:th": "รถไฟฟ้าบีทีเอส",
              "network:wikidata": "Q806501",
              "note": "I didn't include \"Last train route\" and \"Peak-only route\" into this \"Main route\".",
              "opening_hours": "Mo-Su 05:15-23:43",
              "operator": "ระบบขนส่งมวลชนกรุงเทพ",
              "operator:en": "Bangkok Mass Transit System;BTSC",
              "public_transport:version": "2",
              "ref": "สุขุมวิท",
              "route": "subway",
              "to": "Khu Khot",
              "type": "route",
              "website": "https://www.bts.co.th/service/timetable.html",
              "wikidata": "Q4921598",
              "wikipedia": "th:รถไฟฟ้าบีทีเอส สายสุขุมวิท"
            }
          }
        ]
      },
      "geometry": {
        "type": "Point",
        "coordinates": [
          100.5489714,
          13.74305
        ]
      },
      "id": "node/275515851"
    },
    {
      "type": "Feature",
      "properties": {
        "@id": "node/277360712",
        "@relations": [
          {
            "role": "stop",
            "rel": 444651,
            "reltags": {
              "colour": "#65B724",
              "from": "Khu Khot",
              "name": "รถไฟฟ้าบีทีเอส สายสุขุมวิท (คูคต → เคหะ)",
              "name:en": "BTS Sukhumvit Line (Khu Khot → Kheha)",
              "name:ja": "BTSスクムウィット線（クーコット→ケーハー）",
              "name:th": "รถไฟฟ้าบีทีเอส สายสุขุมวิท (คูคต → เคหะ)",
              "network": "รถไฟฟ้าบีทีเอส",
              "network:en": "BTS Skytrain",
              "network:short": "BTS",
              "network:th": "รถไฟฟ้าบีทีเอส",
              "network:wikidata": "Q806501",
              "note": "I didn't include \"Last train route\" and \"Peak-only route\" into this \"Main route\".",
              "opening_hours": "Mo-Su 05:15-23:35",
              "operator": "ระบบขนส่งมวลชนกรุงเทพ",
              "operator:en": "Bangkok Mass Transit System;BTSC",
              "public_transport:version": "2",
              "ref": "สุขุมวิท",
              "route": "subway",
              "to": "Kheha",
              "type": "route",
              "website": "https://www.bts.co.th/service/timetable.html",
              "wikidata": "Q4921598",
              "wikipedia": "th:รถไฟฟ้าบีทีเอส สายสุขุมวิท"
            }
          }
        ]
      },
      "geometry": {
        "type": "Point",
        "coordinates": [
          100.5785296,
          13.7242569
        ]
      },
      "id": "node/277360712"
    },
    {
      "type": "Feature",
      "properties": {
        "@id": "node/277360862",
        "@relations": [
          {
            "role": "stop",
            "rel": 444651,
            "reltags": {
              "colour": "#65B724",
              "from": "Khu Khot",
              "name": "รถไฟฟ้าบีทีเอส สายสุขุมวิท (คูคต → เคหะ)",
              "name:en": "BTS Sukhumvit Line (Khu Khot → Kheha)",
              "name:ja": "BTSスクムウィット線（クーコット→ケーハー）",
              "name:th": "รถไฟฟ้าบีทีเอส สายสุขุมวิท (คูคต → เคหะ)",
              "network": "รถไฟฟ้าบีทีเอส",
              "network:en": "BTS Skytrain",
              "network:short": "BTS",
              "network:th": "รถไฟฟ้าบีทีเอส",
              "network:wikidata": "Q806501",
              "note": "I didn't include \"Last train route\" and \"Peak-only route\" into this \"Main route\".",
              "opening_hours": "Mo-Su 05:15-23:35",
              "operator": "ระบบขนส่งมวลชนกรุงเทพ",
              "operator:en": "Bangkok Mass Transit System;BTSC",
              "public_transport:version": "2",
              "ref": "สุขุมวิท",
              "route": "subway",
              "to": "Kheha",
              "type": "route",
              "website": "https://www.bts.co.th/service/timetable.html",
              "wikidata": "Q4921598",
              "wikipedia": "th:รถไฟฟ้าบีทีเอส สายสุขุมวิท"
            }
          }
        ]
      },
      "geometry": {
        "type": "Point",
        "coordinates": [
          100.5851283,
          13.7195515
        ]
      },
      "id": "node/277360862"
    },
    {
      "type": "Feature",
      "properties": {
        "@id": "node/277360879",
        "@relations": [
          {
            "role": "stop",
            "rel": 7989376,
            "reltags": {
              "colour": "#65B724",
              "from": "Kheha",
              "name": "รถไฟฟ้าบีทีเอส สายสุขุมวิท (เคหะ → คูคต)",
              "name:en": "BTS Sukhumvit Line (Kheha → Khu Khot)",
              "name:ja": "BTSスクムウィット線（クーコット→ケーハー）",
              "name:th": "รถไฟฟ้าบีทีเอส สายสุขุมวิท (เคหะ → คูคต)",
              "network": "รถไฟฟ้าบีทีเอส",
              "network:en": "BTS Skytrain",
              "network:short": "BTS",
              "network:th": "รถไฟฟ้าบีทีเอส",
              "network:wikidata": "Q806501",
              "note": "I didn't include \"Last train route\" and \"Peak-only route\" into this \"Main route\".",
              "opening_hours": "Mo-Su 05:15-23:43",
              "operator": "ระบบขนส่งมวลชนกรุงเทพ",
              "operator:en": "Bangkok Mass Transit System;BTSC",
              "public_transport:version": "2",
              "ref": "สุขุมวิท",
              "route": "subway",
              "to": "Khu Khot",
              "type": "route",
              "website": "https://www.bts.co.th/service/timetable.html",
              "wikidata": "Q4921598",
              "wikipedia": "th:รถไฟฟ้าบีทีเอส สายสุขุมวิท"
            }
          }
        ]
      },
      "geometry": {
        "type": "Point",
        "coordinates": [
          100.5912246,
          13.7151573
        ]
      },
      "id": "node/277360879"
    },
    {
      "type": "Feature",
      "properties": {
        "@id": "node/277361532",
        "@relations": [
          {
            "role": "stop",
            "rel": 7989376,
            "reltags": {
              "colour": "#65B724",
              "from": "Kheha",
              "name": "รถไฟฟ้าบีทีเอส สายสุขุมวิท (เคหะ → คูคต)",
              "name:en": "BTS Sukhumvit Line (Kheha → Khu Khot)",
              "name:ja": "BTSスクムウィット線（クーコット→ケーハー）",
              "name:th": "รถไฟฟ้าบีทีเอส สายสุขุมวิท (เคหะ → คูคต)",
              "network": "รถไฟฟ้าบีทีเอส",
              "network:en": "BTS Skytrain",
              "network:short": "BTS",
              "network:th": "รถไฟฟ้าบีทีเอส",
              "network:wikidata": "Q806501",
              "note": "I didn't include \"Last train route\" and \"Peak-only route\" into this \"Main route\".",
              "opening_hours": "Mo-Su 05:15-23:43",
              "operator": "ระบบขนส่งมวลชนกรุงเทพ",
              "operator:en": "Bangkok Mass Transit System;BTSC",
              "public_transport:version": "2",
              "ref": "สุขุมวิท",
              "route": "subway",
              "to": "Khu Khot",
              "type": "route",
              "website": "https://www.bts.co.th/service/timetable.html",
              "wikidata": "Q4921598",
              "wikipedia": "th:รถไฟฟ้าบีทีเอส สายสุขุมวิท"
            }
          }
        ]
      },
      "geometry": {
        "type": "Point",
        "coordinates": [
          100.6009828,
          13.7056187
        ]
      },
      "id": "node/277361532"
    },
    {
      "type": "Feature",
      "properties": {
        "@id": "node/280179421",
        "@relations": [
          {
            "role": "stop",
            "rel": 7725025,
            "reltags": {
              "colour": "#1E398D",
              "from": "หลักสอง",
              "name": "รถไฟฟ้ามหานคร สายสีน้ำเงิน",
              "name:en": "MRT Blue Line (Lak Song → Tha Phra)",
              "name:th": "รถไฟฟ้ามหานครสายสีน้ำเงิน",
              "name:zh": "曼谷地铁蓝线",
              "network": "Metropolitan Rapid Transit",
              "network:short": "MRT",
              "network:wikidata": "Q806485",
              "operator": "Bangkok Expressway and Metro Public Company Limited",
              "public_transport:version": "2",
              "ref": "MRT-BL",
              "route": "subway",
              "to": "ท่าพระ",
              "type": "route",
              "wikidata": "Q2486364",
              "wikipedia": "th:รถไฟฟ้ามหานคร สายสีน้ำเงิน"
            }
          }
        ]
      },
      "geometry": {
        "type": "Point",
        "coordinates": [
          100.5613964,
          13.7374958
        ]
      },
      "id": "node/280179421"
    },
    {
      "type": "Feature",
      "properties": {
        "@id": "node/280179426",
        "@relations": [
          {
            "role": "",
            "rel": 7725025,
            "reltags": {
              "colour": "#1E398D",
              "from": "หลักสอง",
              "name": "รถไฟฟ้ามหานคร สายสีน้ำเงิน",
              "name:en": "MRT Blue Line (Lak Song → Tha Phra)",
              "name:th": "รถไฟฟ้ามหานครสายสีน้ำเงิน",
              "name:zh": "曼谷地铁蓝线",
              "network": "Metropolitan Rapid Transit",
              "network:short": "MRT",
              "network:wikidata": "Q806485",
              "operator": "Bangkok Expressway and Metro Public Company Limited",
              "public_transport:version": "2",
              "ref": "MRT-BL",
              "route": "subway",
              "to": "ท่าพระ",
              "type": "route",
              "wikidata": "Q2486364",
              "wikipedia": "th:รถไฟฟ้ามหานคร สายสีน้ำเงิน"
            }
          }
        ]
      },
      "geometry": {
        "type": "Point",
        "coordinates": [
          100.5633376,
          13.7492003
        ]
      },
      "id": "node/280179426"
    },
    {
      "type": "Feature",
      "properties": {
        "@id": "node/280179427",
        "@relations": [
          {
            "role": "stop",
            "rel": 444659,
            "reltags": {
              "colour": "#1E398D",
              "from": "ท่าพระ",
              "name": "รถไฟฟ้ามหานคร สายสีน้ำเงิน",
              "name:en": "MRT Blue Line (Tha Phra → Lak Song)",
              "name:th": "รถไฟฟ้ามหานครสายสีน้ำเงิน",
              "name:zh": "曼谷地铁蓝线",
              "network": "Metropolitan Rapid Transit",
              "network:short": "MRT",
              "network:wikidata": "Q806485",
              "operator": "Bangkok Expressway and Metro Public Company Limited",
              "public_transport:version": "2",
              "ref": "MRT-BL",
              "route": "subway",
              "to": "หลักสอง",
              "type": "route",
              "wikidata": "Q2486364",
              "wikipedia": "th:รถไฟฟ้ามหานคร สายสีน้ำเงิน"
            }
          },
          {
            "role": "",
            "rel": 7725025,
            "reltags": {
              "colour": "#1E398D",
              "from": "หลักสอง",
              "name": "รถไฟฟ้ามหานคร สายสีน้ำเงิน",
              "name:en": "MRT Blue Line (Lak Song → Tha Phra)",
              "name:th": "รถไฟฟ้ามหานครสายสีน้ำเงิน",
              "name:zh": "曼谷地铁蓝线",
              "network": "Metropolitan Rapid Transit",
              "network:short": "MRT",
              "network:wikidata": "Q806485",
              "operator": "Bangkok Expressway and Metro Public Company Limited",
              "public_transport:version": "2",
              "ref": "MRT-BL",
              "route": "subway",
              "to": "ท่าพระ",
              "type": "route",
              "wikidata": "Q2486364",
              "wikipedia": "th:รถไฟฟ้ามหานคร สายสีน้ำเงิน"
            }
          }
        ]
      },
      "geometry": {
        "type": "Point",
        "coordinates": [
          100.5652774,
          13.7578166
        ]
      },
      "id": "node/280179427"
    },
    {
      "type": "Feature",
      "properties": {
        "@id": "node/280179442",
        "@relations": [
          {
            "role": "stop",
            "rel": 444659,
            "reltags": {
              "colour": "#1E398D",
              "from": "ท่าพระ",
              "name": "รถไฟฟ้ามหานคร สายสีน้ำเงิน",
              "name:en": "MRT Blue Line (Tha Phra → Lak Song)",
              "name:th": "รถไฟฟ้ามหานครสายสีน้ำเงิน",
              "name:zh": "曼谷地铁蓝线",
              "network": "Metropolitan Rapid Transit",
              "network:short": "MRT",
              "network:wikidata": "Q806485",
              "operator": "Bangkok Expressway and Metro Public Company Limited",
              "public_transport:version": "2",
              "ref": "MRT-BL",
              "route": "subway",
              "to": "หลักสอง",
              "type": "route",
              "wikidata": "Q2486364",
              "wikipedia": "th:รถไฟฟ้ามหานคร สายสีน้ำเงิน"
            }
          }
        ]
      },
      "geometry": {
        "type": "Point",
        "coordinates": [
          100.537068,
          13.7291743
        ]
      },
      "id": "node/280179442"
    },
    {
      "type": "Feature",
      "properties": {
        "@id": "node/280222869",
        "@relations": [
          {
            "role": "stop",
            "rel": 444659,
            "reltags": {
              "colour": "#1E398D",
              "from": "ท่าพระ",
              "name": "รถไฟฟ้ามหานคร สายสีน้ำเงิน",
              "name:en": "MRT Blue Line (Tha Phra → Lak Song)",
              "name:th": "รถไฟฟ้ามหานครสายสีน้ำเงิน",
              "name:zh": "曼谷地铁蓝线",
              "network": "Metropolitan Rapid Transit",
              "network:short": "MRT",
              "network:wikidata": "Q806485",
              "operator": "Bangkok Expressway and Metro Public Company Limited",
              "public_transport:version": "2",
              "ref": "MRT-BL",
              "route": "subway",
              "to": "หลักสอง",
              "type": "route",
              "wikidata": "Q2486364",
              "wikipedia": "th:รถไฟฟ้ามหานคร สายสีน้ำเงิน"
            }
          }
        ]
      },
      "geometry": {
        "type": "Point",
        "coordinates": [
          100.5301137,
          13.7320456
        ]
      },
      "id": "node/280222869"
    },
    {
      "type": "Feature",
      "properties": {
        "@id": "node/280239009",
        "@relations": [
          {
            "role": "stop",
            "rel": 444659,
            "reltags": {
              "colour": "#1E398D",
              "from": "ท่าพระ",
              "name": "รถไฟฟ้ามหานคร สายสีน้ำเงิน",
              "name:en": "MRT Blue Line (Tha Phra → Lak Song)",
              "name:th": "รถไฟฟ้ามหานครสายสีน้ำเงิน",
              "name:zh": "曼谷地铁蓝线",
              "network": "Metropolitan Rapid Transit",
              "network:short": "MRT",
              "network:wikidata": "Q806485",
              "operator": "Bangkok Expressway and Metro Public Company Limited",
              "public_transport:version": "2",
              "ref": "MRT-BL",
              "route": "subway",
              "to": "หลักสอง",
              "type": "route",
              "wikidata": "Q2486364",
              "wikipedia": "th:รถไฟฟ้ามหานคร สายสีน้ำเงิน"
            }
          },
          {
            "role": "",
            "rel": 7725025,
            "reltags": {
              "colour": "#1E398D",
              "from": "หลักสอง",
              "name": "รถไฟฟ้ามหานคร สายสีน้ำเงิน",
              "name:en": "MRT Blue Line (Lak Song → Tha Phra)",
              "name:th": "รถไฟฟ้ามหานครสายสีน้ำเงิน",
              "name:zh": "曼谷地铁蓝线",
              "network": "Metropolitan Rapid Transit",
              "network:short": "MRT",
              "network:wikidata": "Q806485",
              "operator": "Bangkok Expressway and Metro Public Company Limited",
              "public_transport:version": "2",
              "ref": "MRT-BL",
              "route": "subway",
              "to": "ท่าพระ",
              "type": "route",
              "wikidata": "Q2486364",
              "wikipedia": "th:รถไฟฟ้ามหานคร สายสีน้ำเงิน"
            }
          }
        ]
      },
      "geometry": {
        "type": "Point",
        "coordinates": [
          100.5735662,
          13.7786878
        ]
      },
      "id": "node/280239009"
    },
    {
      "type": "Feature",
      "properties": {
        "@id": "node/280239362",
        "@relations": [
          {
            "role": "stop",
            "rel": 444659,
            "reltags": {
              "colour": "#1E398D",
              "from": "ท่าพระ",
              "name": "รถไฟฟ้ามหานคร สายสีน้ำเงิน",
              "name:en": "MRT Blue Line (Tha Phra → Lak Song)",
              "name:th": "รถไฟฟ้ามหานครสายสีน้ำเงิน",
              "name:zh": "曼谷地铁蓝线",
              "network": "Metropolitan Rapid Transit",
              "network:short": "MRT",
              "network:wikidata": "Q806485",
              "operator": "Bangkok Expressway and Metro Public Company Limited",
              "public_transport:version": "2",
              "ref": "MRT-BL",
              "route": "subway",
              "to": "หลักสอง",
              "type": "route",
              "wikidata": "Q2486364",
              "wikipedia": "th:รถไฟฟ้ามหานคร สายสีน้ำเงิน"
            }
          },
          {
            "role": "",
            "rel": 7725025,
            "reltags": {
              "colour": "#1E398D",
              "from": "หลักสอง",
              "name": "รถไฟฟ้ามหานคร สายสีน้ำเงิน",
              "name:en": "MRT Blue Line (Lak Song → Tha Phra)",
              "name:th": "รถไฟฟ้ามหานครสายสีน้ำเงิน",
              "name:zh": "曼谷地铁蓝线",
              "network": "Metropolitan Rapid Transit",
              "network:short": "MRT",
              "network:wikidata": "Q806485",
              "operator": "Bangkok Expressway and Metro Public Company Limited",
              "public_transport:version": "2",
              "ref": "MRT-BL",
              "route": "subway",
              "to": "ท่าพระ",
              "type": "route",
              "wikidata": "Q2486364",
              "wikipedia": "th:รถไฟฟ้ามหานคร สายสีน้ำเงิน"
            }
          }
        ]
      },
      "geometry": {
        "type": "Point",
        "coordinates": [
          100.5740801,
          13.7894884
        ]
      },
      "id": "node/280239362"
    },
    {
      "type": "Feature",
      "properties": {
        "@id": "node/280239363",
        "@relations": [
          {
            "role": "stop",
            "rel": 444659,
            "reltags": {
              "colour": "#1E398D",
              "from": "ท่าพระ",
              "name": "รถไฟฟ้ามหานคร สายสีน้ำเงิน",
              "name:en": "MRT Blue Line (Tha Phra → Lak Song)",
              "name:th": "รถไฟฟ้ามหานครสายสีน้ำเงิน",
              "name:zh": "曼谷地铁蓝线",
              "network": "Metropolitan Rapid Transit",
              "network:short": "MRT",
              "network:wikidata": "Q806485",
              "operator": "Bangkok Expressway and Metro Public Company Limited",
              "public_transport:version": "2",
              "ref": "MRT-BL",
              "route": "subway",
              "to": "หลักสอง",
              "type": "route",
              "wikidata": "Q2486364",
              "wikipedia": "th:รถไฟฟ้ามหานคร สายสีน้ำเงิน"
            }
          },
          {
            "role": "",
            "rel": 7725025,
            "reltags": {
              "colour": "#1E398D",
              "from": "หลักสอง",
              "name": "รถไฟฟ้ามหานคร สายสีน้ำเงิน",
              "name:en": "MRT Blue Line (Lak Song → Tha Phra)",
              "name:th": "รถไฟฟ้ามหานครสายสีน้ำเงิน",
              "name:zh": "曼谷地铁蓝线",
              "network": "Metropolitan Rapid Transit",
              "network:short": "MRT",
              "network:wikidata": "Q806485",
              "operator": "Bangkok Expressway and Metro Public Company Limited",
              "public_transport:version": "2",
              "ref": "MRT-BL",
              "route": "subway",
              "to": "ท่าพระ",
              "type": "route",
              "wikidata": "Q2486364",
              "wikipedia": "th:รถไฟฟ้ามหานคร สายสีน้ำเงิน"
            }
          }
        ]
      },
      "geometry": {
        "type": "Point",
        "coordinates": [
          100.5745537,
          13.7989706
        ]
      },
      "id": "node/280239363"
    },
    {
      "type": "Feature",
      "properties": {
        "@id": "node/280240577",
        "@relations": [
          {
            "role": "stop",
            "rel": 444659,
            "reltags": {
              "colour": "#1E398D",
              "from": "ท่าพระ",
              "name": "รถไฟฟ้ามหานคร สายสีน้ำเงิน",
              "name:en": "MRT Blue Line (Tha Phra → Lak Song)",
              "name:th": "รถไฟฟ้ามหานครสายสีน้ำเงิน",
              "name:zh": "曼谷地铁蓝线",
              "network": "Metropolitan Rapid Transit",
              "network:short": "MRT",
              "network:wikidata": "Q806485",
              "operator": "Bangkok Expressway and Metro Public Company Limited",
              "public_transport:version": "2",
              "ref": "MRT-BL",
              "route": "subway",
              "to": "หลักสอง",
              "type": "route",
              "wikidata": "Q2486364",
              "wikipedia": "th:รถไฟฟ้ามหานคร สายสีน้ำเงิน"
            }
          },
          {
            "role": "",
            "rel": 7725025,
            "reltags": {
              "colour": "#1E398D",
              "from": "หลักสอง",
              "name": "รถไฟฟ้ามหานคร สายสีน้ำเงิน",
              "name:en": "MRT Blue Line (Lak Song → Tha Phra)",
              "name:th": "รถไฟฟ้ามหานครสายสีน้ำเงิน",
              "name:zh": "曼谷地铁蓝线",
              "network": "Metropolitan Rapid Transit",
              "network:short": "MRT",
              "network:wikidata": "Q806485",
              "operator": "Bangkok Expressway and Metro Public Company Limited",
              "public_transport:version": "2",
              "ref": "MRT-BL",
              "route": "subway",
              "to": "ท่าพระ",
              "type": "route",
              "wikidata": "Q2486364",
              "wikipedia": "th:รถไฟฟ้ามหานคร สายสีน้ำเงิน"
            }
          }
        ]
      },
      "geometry": {
        "type": "Point",
        "coordinates": [
          100.5728701,
          13.806503
        ]
      },
      "id": "node/280240577"
    },
    {
      "type": "Feature",
      "properties": {
        "@id": "node/280240580",
        "@relations": [
          {
            "role": "stop",
            "rel": 444659,
            "reltags": {
              "colour": "#1E398D",
              "from": "ท่าพระ",
              "name": "รถไฟฟ้ามหานคร สายสีน้ำเงิน",
              "name:en": "MRT Blue Line (Tha Phra → Lak Song)",
              "name:th": "รถไฟฟ้ามหานครสายสีน้ำเงิน",
              "name:zh": "曼谷地铁蓝线",
              "network": "Metropolitan Rapid Transit",
              "network:short": "MRT",
              "network:wikidata": "Q806485",
              "operator": "Bangkok Expressway and Metro Public Company Limited",
              "public_transport:version": "2",
              "ref": "MRT-BL",
              "route": "subway",
              "to": "หลักสอง",
              "type": "route",
              "wikidata": "Q2486364",
              "wikipedia": "th:รถไฟฟ้ามหานคร สายสีน้ำเงิน"
            }
          },
          {
            "role": "",
            "rel": 7725025,
            "reltags": {
              "colour": "#1E398D",
              "from": "หลักสอง",
              "name": "รถไฟฟ้ามหานคร สายสีน้ำเงิน",
              "name:en": "MRT Blue Line (Lak Song → Tha Phra)",
              "name:th": "รถไฟฟ้ามหานครสายสีน้ำเงิน",
              "name:zh": "曼谷地铁蓝线",
              "network": "Metropolitan Rapid Transit",
              "network:short": "MRT",
              "network:wikidata": "Q806485",
              "operator": "Bangkok Expressway and Metro Public Company Limited",
              "public_transport:version": "2",
              "ref": "MRT-BL",
              "route": "subway",
              "to": "ท่าพระ",
              "type": "route",
              "wikidata": "Q2486364",
              "wikipedia": "th:รถไฟฟ้ามหานคร สายสีน้ำเงิน"
            }
          }
        ]
      },
      "geometry": {
        "type": "Point",
        "coordinates": [
          100.5614634,
          13.8128808
        ]
      },
      "id": "node/280240580"
    },
    {
      "type": "Feature",
      "properties": {
        "@id": "node/280240585",
        "@relations": [
          {
            "role": "stop",
            "rel": 444659,
            "reltags": {
              "colour": "#1E398D",
              "from": "ท่าพระ",
              "name": "รถไฟฟ้ามหานคร สายสีน้ำเงิน",
              "name:en": "MRT Blue Line (Tha Phra → Lak Song)",
              "name:th": "รถไฟฟ้ามหานครสายสีน้ำเงิน",
              "name:zh": "曼谷地铁蓝线",
              "network": "Metropolitan Rapid Transit",
              "network:short": "MRT",
              "network:wikidata": "Q806485",
              "operator": "Bangkok Expressway and Metro Public Company Limited",
              "public_transport:version": "2",
              "ref": "MRT-BL",
              "route": "subway",
              "to": "หลักสอง",
              "type": "route",
              "wikidata": "Q2486364",
              "wikipedia": "th:รถไฟฟ้ามหานคร สายสีน้ำเงิน"
            }
          },
          {
            "role": "",
            "rel": 7725025,
            "reltags": {
              "colour": "#1E398D",
              "from": "หลักสอง",
              "name": "รถไฟฟ้ามหานคร สายสีน้ำเงิน",
              "name:en": "MRT Blue Line (Lak Song → Tha Phra)",
              "name:th": "รถไฟฟ้ามหานครสายสีน้ำเงิน",
              "name:zh": "曼谷地铁蓝线",
              "network": "Metropolitan Rapid Transit",
              "network:short": "MRT",
              "network:wikidata": "Q806485",
              "operator": "Bangkok Expressway and Metro Public Company Limited",
              "public_transport:version": "2",
              "ref": "MRT-BL",
              "route": "subway",
              "to": "ท่าพระ",
              "type": "route",
              "wikidata": "Q2486364",
              "wikipedia": "th:รถไฟฟ้ามหานคร สายสีน้ำเงิน"
            }
          }
        ]
      },
      "geometry": {
        "type": "Point",
        "coordinates": [
          100.5532845,
          13.8029643
        ]
      },
      "id": "node/280240585"
    },
    {
      "type": "Feature",
      "properties": {
        "@id": "node/280240589",
        "@relations": [
          {
            "role": "stop",
            "rel": 444659,
            "reltags": {
              "colour": "#1E398D",
              "from": "ท่าพระ",
              "name": "รถไฟฟ้ามหานคร สายสีน้ำเงิน",
              "name:en": "MRT Blue Line (Tha Phra → Lak Song)",
              "name:th": "รถไฟฟ้ามหานครสายสีน้ำเงิน",
              "name:zh": "曼谷地铁蓝线",
              "network": "Metropolitan Rapid Transit",
              "network:short": "MRT",
              "network:wikidata": "Q806485",
              "operator": "Bangkok Expressway and Metro Public Company Limited",
              "public_transport:version": "2",
              "ref": "MRT-BL",
              "route": "subway",
              "to": "หลักสอง",
              "type": "route",
              "wikidata": "Q2486364",
              "wikipedia": "th:รถไฟฟ้ามหานคร สายสีน้ำเงิน"
            }
          },
          {
            "role": "",
            "rel": 7725025,
            "reltags": {
              "colour": "#1E398D",
              "from": "หลักสอง",
              "name": "รถไฟฟ้ามหานคร สายสีน้ำเงิน",
              "name:en": "MRT Blue Line (Lak Song → Tha Phra)",
              "name:th": "รถไฟฟ้ามหานครสายสีน้ำเงิน",
              "name:zh": "曼谷地铁蓝线",
              "network": "Metropolitan Rapid Transit",
              "network:short": "MRT",
              "network:wikidata": "Q806485",
              "operator": "Bangkok Expressway and Metro Public Company Limited",
              "public_transport:version": "2",
              "ref": "MRT-BL",
              "route": "subway",
              "to": "ท่าพระ",
              "type": "route",
              "wikidata": "Q2486364",
              "wikipedia": "th:รถไฟฟ้ามหานคร สายสีน้ำเงิน"
            }
          }
        ]
      },
      "geometry": {
        "type": "Point",
        "coordinates": [
          100.5478837,
          13.7979484
        ]
      },
      "id": "node/280240589"
    },
    {
      "type": "Feature",
      "properties": {
        "@id": "node/280246418",
        "@relations": [
          {
            "role": "stop",
            "rel": 7725025,
            "reltags": {
              "colour": "#1E398D",
              "from": "หลักสอง",
              "name": "รถไฟฟ้ามหานคร สายสีน้ำเงิน",
              "name:en": "MRT Blue Line (Lak Song → Tha Phra)",
              "name:th": "รถไฟฟ้ามหานครสายสีน้ำเงิน",
              "name:zh": "曼谷地铁蓝线",
              "network": "Metropolitan Rapid Transit",
              "network:short": "MRT",
              "network:wikidata": "Q806485",
              "operator": "Bangkok Expressway and Metro Public Company Limited",
              "public_transport:version": "2",
              "ref": "MRT-BL",
              "route": "subway",
              "to": "ท่าพระ",
              "type": "route",
              "wikidata": "Q2486364",
              "wikipedia": "th:รถไฟฟ้ามหานคร สายสีน้ำเงิน"
            }
          }
        ]
      },
      "geometry": {
        "type": "Point",
        "coordinates": [
          100.5410302,
          13.8023542
        ]
      },
      "id": "node/280246418"
    },
    {
      "type": "Feature",
      "properties": {
        "@id": "node/305693940",
        "@relations": [
          {
            "role": "",
            "rel": 2067854,
            "reltags": {
              "colour": "#02817D",
              "name": "รถไฟฟ้าบีทีเอส สายสีลม (สนามกีฬาแห่งชาติ → บางหว้า)",
              "name:en": "BTS Silom Line (National Stadium → Bang Wa)",
              "name:th": "รถไฟฟ้าบีทีเอส สายสีลม (สนามกีฬาแห่งชาติ → บางหว้า)",
              "network": "รถไฟฟ้าบีทีเอส",
              "network:en": "BTS Skytrain",
              "network:short": "BTS",
              "network:th": "รถไฟฟ้าบีทีเอส",
              "network:wikidata": "Q806501",
              "operator": "ระบบขนส่งมวลชนกรุงเทพ",
              "operator:en": "Bangkok Mass Transit System;BTSC",
              "public_transport:version": "2",
              "ref": "สีลม",
              "route": "subway",
              "type": "route",
              "wikidata": "Q2634702",
              "wikipedia": "th:รถไฟฟ้าบีทีเอส สายสีลม"
            }
          },
          {
            "role": "",
            "rel": 7989385,
            "reltags": {
              "colour": "#02817D",
              "name": "รถไฟฟ้าบีทีเอส สายสีลม (บางหว้า → สนามกีฬาแห่งชาติ)",
              "name:en": "BTS Silom Line (Bang Wa → National Stadium)",
              "name:th": "รถไฟฟ้าบีทีเอส สายสีลม (บางหว้า → สนามกีฬาแห่งชาติ)",
              "network": "รถไฟฟ้าบีทีเอส",
              "network:en": "BTS Skytrain",
              "network:short": "BTS",
              "network:th": "รถไฟฟ้าบีทีเอส",
              "network:wikidata": "Q806501",
              "operator": "ระบบขนส่งมวลชนกรุงเทพ",
              "operator:en": "Bangkok Mass Transit System;BTSC",
              "public_transport:version": "2",
              "ref": "สีลม",
              "route": "subway",
              "type": "route",
              "wikidata": "Q2634702",
              "wikipedia": "th:รถไฟฟ้าบีทีเอส สายสีลม"
            }
          }
        ]
      },
      "geometry": {
        "type": "Point",
        "coordinates": [
          100.4859681,
          13.7192426
        ]
      },
      "id": "node/305693940"
    },
    {
      "type": "Feature",
      "properties": {
        "@id": "node/340133002",
        "@relations": [
          {
            "role": "",
            "rel": 2067854,
            "reltags": {
              "colour": "#02817D",
              "name": "รถไฟฟ้าบีทีเอส สายสีลม (สนามกีฬาแห่งชาติ → บางหว้า)",
              "name:en": "BTS Silom Line (National Stadium → Bang Wa)",
              "name:th": "รถไฟฟ้าบีทีเอส สายสีลม (สนามกีฬาแห่งชาติ → บางหว้า)",
              "network": "รถไฟฟ้าบีทีเอส",
              "network:en": "BTS Skytrain",
              "network:short": "BTS",
              "network:th": "รถไฟฟ้าบีทีเอส",
              "network:wikidata": "Q806501",
              "operator": "ระบบขนส่งมวลชนกรุงเทพ",
              "operator:en": "Bangkok Mass Transit System;BTSC",
              "public_transport:version": "2",
              "ref": "สีลม",
              "route": "subway",
              "type": "route",
              "wikidata": "Q2634702",
              "wikipedia": "th:รถไฟฟ้าบีทีเอส สายสีลม"
            }
          },
          {
            "role": "",
            "rel": 7989385,
            "reltags": {
              "colour": "#02817D",
              "name": "รถไฟฟ้าบีทีเอส สายสีลม (บางหว้า → สนามกีฬาแห่งชาติ)",
              "name:en": "BTS Silom Line (Bang Wa → National Stadium)",
              "name:th": "รถไฟฟ้าบีทีเอส สายสีลม (บางหว้า → สนามกีฬาแห่งชาติ)",
              "network": "รถไฟฟ้าบีทีเอส",
              "network:en": "BTS Skytrain",
              "network:short": "BTS",
              "network:th": "รถไฟฟ้าบีทีเอส",
              "network:wikidata": "Q806501",
              "operator": "ระบบขนส่งมวลชนกรุงเทพ",
              "operator:en": "Bangkok Mass Transit System;BTSC",
              "public_transport:version": "2",
              "ref": "สีลม",
              "route": "subway",
              "type": "route",
              "wikidata": "Q2634702",
              "wikipedia": "th:รถไฟฟ้าบีทีเอส สายสีลม"
            }
          }
        ]
      },
      "geometry": {
        "type": "Point",
        "coordinates": [
          100.4766912,
          13.7142201
        ]
      },
      "id": "node/340133002"
    },
    {
      "type": "Feature",
      "properties": {
        "@id": "node/443815142",
        "@relations": [
          {
            "role": "",
            "rel": 2067854,
            "reltags": {
              "colour": "#02817D",
              "name": "รถไฟฟ้าบีทีเอส สายสีลม (สนามกีฬาแห่งชาติ → บางหว้า)",
              "name:en": "BTS Silom Line (National Stadium → Bang Wa)",
              "name:th": "รถไฟฟ้าบีทีเอส สายสีลม (สนามกีฬาแห่งชาติ → บางหว้า)",
              "network": "รถไฟฟ้าบีทีเอส",
              "network:en": "BTS Skytrain",
              "network:short": "BTS",
              "network:th": "รถไฟฟ้าบีทีเอส",
              "network:wikidata": "Q806501",
              "operator": "ระบบขนส่งมวลชนกรุงเทพ",
              "operator:en": "Bangkok Mass Transit System;BTSC",
              "public_transport:version": "2",
              "ref": "สีลม",
              "route": "subway",
              "type": "route",
              "wikidata": "Q2634702",
              "wikipedia": "th:รถไฟฟ้าบีทีเอส สายสีลม"
            }
          },
          {
            "role": "",
            "rel": 7989385,
            "reltags": {
              "colour": "#02817D",
              "name": "รถไฟฟ้าบีทีเอส สายสีลม (บางหว้า → สนามกีฬาแห่งชาติ)",
              "name:en": "BTS Silom Line (Bang Wa → National Stadium)",
              "name:th": "รถไฟฟ้าบีทีเอส สายสีลม (บางหว้า → สนามกีฬาแห่งชาติ)",
              "network": "รถไฟฟ้าบีทีเอส",
              "network:en": "BTS Skytrain",
              "network:short": "BTS",
              "network:th": "รถไฟฟ้าบีทีเอส",
              "network:wikidata": "Q806501",
              "operator": "ระบบขนส่งมวลชนกรุงเทพ",
              "operator:en": "Bangkok Mass Transit System;BTSC",
              "public_transport:version": "2",
              "ref": "สีลม",
              "route": "subway",
              "type": "route",
              "wikidata": "Q2634702",
              "wikipedia": "th:รถไฟฟ้าบีทีเอส สายสีลม"
            }
          }
        ]
      },
      "geometry": {
        "type": "Point",
        "coordinates": [
          100.4951594,
          13.7210816
        ]
      },
      "id": "node/443815142"
    },
    {
      "type": "Feature",
      "properties": {
        "@id": "node/443815144",
        "@relations": [
          {
            "role": "",
            "rel": 2067854,
            "reltags": {
              "colour": "#02817D",
              "name": "รถไฟฟ้าบีทีเอส สายสีลม (สนามกีฬาแห่งชาติ → บางหว้า)",
              "name:en": "BTS Silom Line (National Stadium → Bang Wa)",
              "name:th": "รถไฟฟ้าบีทีเอส สายสีลม (สนามกีฬาแห่งชาติ → บางหว้า)",
              "network": "รถไฟฟ้าบีทีเอส",
              "network:en": "BTS Skytrain",
              "network:short": "BTS",
              "network:th": "รถไฟฟ้าบีทีเอส",
              "network:wikidata": "Q806501",
              "operator": "ระบบขนส่งมวลชนกรุงเทพ",
              "operator:en": "Bangkok Mass Transit System;BTSC",
              "public_transport:version": "2",
              "ref": "สีลม",
              "route": "subway",
              "type": "route",
              "wikidata": "Q2634702",
              "wikipedia": "th:รถไฟฟ้าบีทีเอส สายสีลม"
            }
          },
          {
            "role": "",
            "rel": 7989385,
            "reltags": {
              "colour": "#02817D",
              "name": "รถไฟฟ้าบีทีเอส สายสีลม (บางหว้า → สนามกีฬาแห่งชาติ)",
              "name:en": "BTS Silom Line (Bang Wa → National Stadium)",
              "name:th": "รถไฟฟ้าบีทีเอส สายสีลม (บางหว้า → สนามกีฬาแห่งชาติ)",
              "network": "รถไฟฟ้าบีทีเอส",
              "network:en": "BTS Skytrain",
              "network:short": "BTS",
              "network:th": "รถไฟฟ้าบีทีเอส",
              "network:wikidata": "Q806501",
              "operator": "ระบบขนส่งมวลชนกรุงเทพ",
              "operator:en": "Bangkok Mass Transit System;BTSC",
              "public_transport:version": "2",
              "ref": "สีลม",
              "route": "subway",
              "type": "route",
              "wikidata": "Q2634702",
              "wikipedia": "th:รถไฟฟ้าบีทีเอส สายสีลม"
            }
          }
        ]
      },
      "geometry": {
        "type": "Point",
        "coordinates": [
          100.5027176,
          13.7209307
        ]
      },
      "id": "node/443815144"
    },
    {
      "type": "Feature",
      "properties": {
        "@id": "node/451697335",
        "@relations": [
          {
            "role": "",
            "rel": 2067854,
            "reltags": {
              "colour": "#02817D",
              "name": "รถไฟฟ้าบีทีเอส สายสีลม (สนามกีฬาแห่งชาติ → บางหว้า)",
              "name:en": "BTS Silom Line (National Stadium → Bang Wa)",
              "name:th": "รถไฟฟ้าบีทีเอส สายสีลม (สนามกีฬาแห่งชาติ → บางหว้า)",
              "network": "รถไฟฟ้าบีทีเอส",
              "network:en": "BTS Skytrain",
              "network:short": "BTS",
              "network:th": "รถไฟฟ้าบีทีเอส",
              "network:wikidata": "Q806501",
              "operator": "ระบบขนส่งมวลชนกรุงเทพ",
              "operator:en": "Bangkok Mass Transit System;BTSC",
              "public_transport:version": "2",
              "ref": "สีลม",
              "route": "subway",
              "type": "route",
              "wikidata": "Q2634702",
              "wikipedia": "th:รถไฟฟ้าบีทีเอส สายสีลม"
            }
          },
          {
            "role": "",
            "rel": 7989385,
            "reltags": {
              "colour": "#02817D",
              "name": "รถไฟฟ้าบีทีเอส สายสีลม (บางหว้า → สนามกีฬาแห่งชาติ)",
              "name:en": "BTS Silom Line (Bang Wa → National Stadium)",
              "name:th": "รถไฟฟ้าบีทีเอส สายสีลม (บางหว้า → สนามกีฬาแห่งชาติ)",
              "network": "รถไฟฟ้าบีทีเอส",
              "network:en": "BTS Skytrain",
              "network:short": "BTS",
              "network:th": "รถไฟฟ้าบีทีเอส",
              "network:wikidata": "Q806501",
              "operator": "ระบบขนส่งมวลชนกรุงเทพ",
              "operator:en": "Bangkok Mass Transit System;BTSC",
              "public_transport:version": "2",
              "ref": "สีลม",
              "route": "subway",
              "type": "route",
              "wikidata": "Q2634702",
              "wikipedia": "th:รถไฟฟ้าบีทีเอส สายสีลม"
            }
          }
        ]
      },
      "geometry": {
        "type": "Point",
        "coordinates": [
          100.5343416,
          13.7285677
        ]
      },
      "id": "node/451697335"
    },
    {
      "type": "Feature",
      "properties": {
        "@id": "node/1113055052",
        "@relations": [
          {
            "role": "",
            "rel": 2067854,
            "reltags": {
              "colour": "#02817D",
              "name": "รถไฟฟ้าบีทีเอส สายสีลม (สนามกีฬาแห่งชาติ → บางหว้า)",
              "name:en": "BTS Silom Line (National Stadium → Bang Wa)",
              "name:th": "รถไฟฟ้าบีทีเอส สายสีลม (สนามกีฬาแห่งชาติ → บางหว้า)",
              "network": "รถไฟฟ้าบีทีเอส",
              "network:en": "BTS Skytrain",
              "network:short": "BTS",
              "network:th": "รถไฟฟ้าบีทีเอส",
              "network:wikidata": "Q806501",
              "operator": "ระบบขนส่งมวลชนกรุงเทพ",
              "operator:en": "Bangkok Mass Transit System;BTSC",
              "public_transport:version": "2",
              "ref": "สีลม",
              "route": "subway",
              "type": "route",
              "wikidata": "Q2634702",
              "wikipedia": "th:รถไฟฟ้าบีทีเอส สายสีลม"
            }
          },
          {
            "role": "",
            "rel": 7989385,
            "reltags": {
              "colour": "#02817D",
              "name": "รถไฟฟ้าบีทีเอส สายสีลม (บางหว้า → สนามกีฬาแห่งชาติ)",
              "name:en": "BTS Silom Line (Bang Wa → National Stadium)",
              "name:th": "รถไฟฟ้าบีทีเอส สายสีลม (บางหว้า → สนามกีฬาแห่งชาติ)",
              "network": "รถไฟฟ้าบีทีเอส",
              "network:en": "BTS Skytrain",
              "network:short": "BTS",
              "network:th": "รถไฟฟ้าบีทีเอส",
              "network:wikidata": "Q806501",
              "operator": "ระบบขนส่งมวลชนกรุงเทพ",
              "operator:en": "Bangkok Mass Transit System;BTSC",
              "public_transport:version": "2",
              "ref": "สีลม",
              "route": "subway",
              "type": "route",
              "wikidata": "Q2634702",
              "wikipedia": "th:รถไฟฟ้าบีทีเอส สายสีลม"
            }
          }
        ]
      },
      "geometry": {
        "type": "Point",
        "coordinates": [
          100.4689032,
          13.7130228
        ]
      },
      "id": "node/1113055052"
    },
    {
      "type": "Feature",
      "properties": {
        "@id": "node/1560656072",
        "@relations": [
          {
            "role": "stop",
            "rel": 7989376,
            "reltags": {
              "colour": "#65B724",
              "from": "Kheha",
              "name": "รถไฟฟ้าบีทีเอส สายสุขุมวิท (เคหะ → คูคต)",
              "name:en": "BTS Sukhumvit Line (Kheha → Khu Khot)",
              "name:ja": "BTSスクムウィット線（クーコット→ケーハー）",
              "name:th": "รถไฟฟ้าบีทีเอส สายสุขุมวิท (เคหะ → คูคต)",
              "network": "รถไฟฟ้าบีทีเอส",
              "network:en": "BTS Skytrain",
              "network:short": "BTS",
              "network:th": "รถไฟฟ้าบีทีเอส",
              "network:wikidata": "Q806501",
              "note": "I didn't include \"Last train route\" and \"Peak-only route\" into this \"Main route\".",
              "opening_hours": "Mo-Su 05:15-23:43",
              "operator": "ระบบขนส่งมวลชนกรุงเทพ",
              "operator:en": "Bangkok Mass Transit System;BTSC",
              "public_transport:version": "2",
              "ref": "สุขุมวิท",
              "route": "subway",
              "to": "Khu Khot",
              "type": "route",
              "website": "https://www.bts.co.th/service/timetable.html",
              "wikidata": "Q4921598",
              "wikipedia": "th:รถไฟฟ้าบีทีเอส สายสุขุมวิท"
            }
          }
        ]
      },
      "geometry": {
        "type": "Point",
        "coordinates": [
          100.6053182,
          13.6967555
        ]
      },
      "id": "node/1560656072"
    },
    {
      "type": "Feature",
      "properties": {
        "@id": "node/1672566455",
        "@relations": [
          {
            "role": "stop",
            "rel": 2067854,
            "reltags": {
              "colour": "#02817D",
              "name": "รถไฟฟ้าบีทีเอส สายสีลม (สนามกีฬาแห่งชาติ → บางหว้า)",
              "name:en": "BTS Silom Line (National Stadium → Bang Wa)",
              "name:th": "รถไฟฟ้าบีทีเอส สายสีลม (สนามกีฬาแห่งชาติ → บางหว้า)",
              "network": "รถไฟฟ้าบีทีเอส",
              "network:en": "BTS Skytrain",
              "network:short": "BTS",
              "network:th": "รถไฟฟ้าบีทีเอส",
              "network:wikidata": "Q806501",
              "operator": "ระบบขนส่งมวลชนกรุงเทพ",
              "operator:en": "Bangkok Mass Transit System;BTSC",
              "public_transport:version": "2",
              "ref": "สีลม",
              "route": "subway",
              "type": "route",
              "wikidata": "Q2634702",
              "wikipedia": "th:รถไฟฟ้าบีทีเอส สายสีลม"
            }
          },
          {
            "role": "stop",
            "rel": 19407242,
            "reltags": {
              "colour": "#02817D",
              "from": "บางหว้า",
              "name": "ขบวนเสริม รถไฟฟ้าบีทีเอส สายสีลม (บางหว้า → กรุงธนบุรี)",
              "name:en": "BTS Silom Line Supplementary Route (Bang Wa → Krung Thon Buri)",
              "name:th": "ขบวนเสริม รถไฟฟ้าบีทีเอส สายสีลม (บางหว้า → กรุงธนบุรี)",
              "network": "รถไฟฟ้าบีทีเอส",
              "network:en": "BTS Skytrain",
              "network:short": "BTS",
              "network:th": "รถไฟฟ้าบีทีเอส",
              "network:wikidata": "Q806501",
              "operator": "ระบบขนส่งมวลชนกรุงเทพ",
              "operator:en": "Bangkok Mass Transit System;BTSC",
              "public_transport:version": "2",
              "ref": "สีลม",
              "route": "subway",
              "to": "กรุงธนบุรี",
              "type": "route",
              "wikidata": "Q2634702",
              "wikipedia": "th:รถไฟฟ้าบีทีเอส สายสีลม"
            }
          }
        ]
      },
      "geometry": {
        "type": "Point",
        "coordinates": [
          100.4578054,
          13.7207956
        ]
      },
      "id": "node/1672566455"
    },
    {
      "type": "Feature",
      "properties": {
        "@id": "node/1697004538",
        "@relations": [
          {
            "role": "stop",
            "rel": 444651,
            "reltags": {
              "colour": "#65B724",
              "from": "Khu Khot",
              "name": "รถไฟฟ้าบีทีเอส สายสุขุมวิท (คูคต → เคหะ)",
              "name:en": "BTS Sukhumvit Line (Khu Khot → Kheha)",
              "name:ja": "BTSスクムウィット線（クーコット→ケーハー）",
              "name:th": "รถไฟฟ้าบีทีเอส สายสุขุมวิท (คูคต → เคหะ)",
              "network": "รถไฟฟ้าบีทีเอส",
              "network:en": "BTS Skytrain",
              "network:short": "BTS",
              "network:th": "รถไฟฟ้าบีทีเอส",
              "network:wikidata": "Q806501",
              "note": "I didn't include \"Last train route\" and \"Peak-only route\" into this \"Main route\".",
              "opening_hours": "Mo-Su 05:15-23:35",
              "operator": "ระบบขนส่งมวลชนกรุงเทพ",
              "operator:en": "Bangkok Mass Transit System;BTSC",
              "public_transport:version": "2",
              "ref": "สุขุมวิท",
              "route": "subway",
              "to": "Kheha",
              "type": "route",
              "website": "https://www.bts.co.th/service/timetable.html",
              "wikidata": "Q4921598",
              "wikipedia": "th:รถไฟฟ้าบีทีเอส สายสุขุมวิท"
            }
          }
        ]
      },
      "geometry": {
        "type": "Point",
        "coordinates": [
          100.5342336,
          13.7456968
        ]
      },
      "id": "node/1697004538"
    },
    {
      "type": "Feature",
      "properties": {
        "@id": "node/1697004542",
        "@relations": [
          {
            "role": "stop",
            "rel": 7989385,
            "reltags": {
              "colour": "#02817D",
              "name": "รถไฟฟ้าบีทีเอส สายสีลม (บางหว้า → สนามกีฬาแห่งชาติ)",
              "name:en": "BTS Silom Line (Bang Wa → National Stadium)",
              "name:th": "รถไฟฟ้าบีทีเอส สายสีลม (บางหว้า → สนามกีฬาแห่งชาติ)",
              "network": "รถไฟฟ้าบีทีเอส",
              "network:en": "BTS Skytrain",
              "network:short": "BTS",
              "network:th": "รถไฟฟ้าบีทีเอส",
              "network:wikidata": "Q806501",
              "operator": "ระบบขนส่งมวลชนกรุงเทพ",
              "operator:en": "Bangkok Mass Transit System;BTSC",
              "public_transport:version": "2",
              "ref": "สีลม",
              "route": "subway",
              "type": "route",
              "wikidata": "Q2634702",
              "wikipedia": "th:รถไฟฟ้าบีทีเอส สายสีลม"
            }
          }
        ]
      },
      "geometry": {
        "type": "Point",
        "coordinates": [
          100.5342054,
          13.7455463
        ]
      },
      "id": "node/1697004542"
    },
    {
      "type": "Feature",
      "properties": {
        "@id": "node/1697004544",
        "@relations": [
          {
            "role": "stop",
            "rel": 2067854,
            "reltags": {
              "colour": "#02817D",
              "name": "รถไฟฟ้าบีทีเอส สายสีลม (สนามกีฬาแห่งชาติ → บางหว้า)",
              "name:en": "BTS Silom Line (National Stadium → Bang Wa)",
              "name:th": "รถไฟฟ้าบีทีเอส สายสีลม (สนามกีฬาแห่งชาติ → บางหว้า)",
              "network": "รถไฟฟ้าบีทีเอส",
              "network:en": "BTS Skytrain",
              "network:short": "BTS",
              "network:th": "รถไฟฟ้าบีทีเอส",
              "network:wikidata": "Q806501",
              "operator": "ระบบขนส่งมวลชนกรุงเทพ",
              "operator:en": "Bangkok Mass Transit System;BTSC",
              "public_transport:version": "2",
              "ref": "สีลม",
              "route": "subway",
              "type": "route",
              "wikidata": "Q2634702",
              "wikipedia": "th:รถไฟฟ้าบีทีเอส สายสีลม"
            }
          }
        ]
      },
      "geometry": {
        "type": "Point",
        "coordinates": [
          100.5342076,
          13.7455583
        ]
      },
      "id": "node/1697004544"
    },
    {
      "type": "Feature",
      "properties": {
        "@id": "node/1697004551",
        "@relations": [
          {
            "role": "stop",
            "rel": 7989376,
            "reltags": {
              "colour": "#65B724",
              "from": "Kheha",
              "name": "รถไฟฟ้าบีทีเอส สายสุขุมวิท (เคหะ → คูคต)",
              "name:en": "BTS Sukhumvit Line (Kheha → Khu Khot)",
              "name:ja": "BTSスクムウィット線（クーコット→ケーハー）",
              "name:th": "รถไฟฟ้าบีทีเอส สายสุขุมวิท (เคหะ → คูคต)",
              "network": "รถไฟฟ้าบีทีเอส",
              "network:en": "BTS Skytrain",
              "network:short": "BTS",
              "network:th": "รถไฟฟ้าบีทีเอส",
              "network:wikidata": "Q806501",
              "note": "I didn't include \"Last train route\" and \"Peak-only route\" into this \"Main route\".",
              "opening_hours": "Mo-Su 05:15-23:43",
              "operator": "ระบบขนส่งมวลชนกรุงเทพ",
              "operator:en": "Bangkok Mass Transit System;BTSC",
              "public_transport:version": "2",
              "ref": "สุขุมวิท",
              "route": "subway",
              "to": "Khu Khot",
              "type": "route",
              "website": "https://www.bts.co.th/service/timetable.html",
              "wikidata": "Q4921598",
              "wikipedia": "th:รถไฟฟ้าบีทีเอส สายสุขุมวิท"
            }
          }
        ]
      },
      "geometry": {
        "type": "Point",
        "coordinates": [
          100.5342312,
          13.745684
        ]
      },
      "id": "node/1697004551"
    },
    {
      "type": "Feature",
      "properties": {
        "@id": "node/1726172762",
        "@relations": [
          {
            "role": "stop",
            "rel": 7989376,
            "reltags": {
              "colour": "#65B724",
              "from": "Kheha",
              "name": "รถไฟฟ้าบีทีเอส สายสุขุมวิท (เคหะ → คูคต)",
              "name:en": "BTS Sukhumvit Line (Kheha → Khu Khot)",
              "name:ja": "BTSスクムウィット線（クーコット→ケーハー）",
              "name:th": "รถไฟฟ้าบีทีเอส สายสุขุมวิท (เคหะ → คูคต)",
              "network": "รถไฟฟ้าบีทีเอส",
              "network:en": "BTS Skytrain",
              "network:short": "BTS",
              "network:th": "รถไฟฟ้าบีทีเอส",
              "network:wikidata": "Q806501",
              "note": "I didn't include \"Last train route\" and \"Peak-only route\" into this \"Main route\".",
              "opening_hours": "Mo-Su 05:15-23:43",
              "operator": "ระบบขนส่งมวลชนกรุงเทพ",
              "operator:en": "Bangkok Mass Transit System;BTSC",
              "public_transport:version": "2",
              "ref": "สุขุมวิท",
              "route": "subway",
              "to": "Khu Khot",
              "type": "route",
              "website": "https://www.bts.co.th/service/timetable.html",
              "wikidata": "Q4921598",
              "wikipedia": "th:รถไฟฟ้าบีทีเอส สายสุขุมวิท"
            }
          }
        ]
      },
      "geometry": {
        "type": "Point",
        "coordinates": [
          100.608977,
          13.6892717
        ]
      },
      "id": "node/1726172762"
    },
    {
      "type": "Feature",
      "properties": {
        "@id": "node/1726175401",
        "@relations": [
          {
            "role": "stop",
            "rel": 444651,
            "reltags": {
              "colour": "#65B724",
              "from": "Khu Khot",
              "name": "รถไฟฟ้าบีทีเอส สายสุขุมวิท (คูคต → เคหะ)",
              "name:en": "BTS Sukhumvit Line (Khu Khot → Kheha)",
              "name:ja": "BTSスクムウィット線（クーコット→ケーハー）",
              "name:th": "รถไฟฟ้าบีทีเอส สายสุขุมวิท (คูคต → เคหะ)",
              "network": "รถไฟฟ้าบีทีเอส",
              "network:en": "BTS Skytrain",
              "network:short": "BTS",
              "network:th": "รถไฟฟ้าบีทีเอส",
              "network:wikidata": "Q806501",
              "note": "I didn't include \"Last train route\" and \"Peak-only route\" into this \"Main route\".",
              "opening_hours": "Mo-Su 05:15-23:35",
              "operator": "ระบบขนส่งมวลชนกรุงเทพ",
              "operator:en": "Bangkok Mass Transit System;BTSC",
              "public_transport:version": "2",
              "ref": "สุขุมวิท",
              "route": "subway",
              "to": "Kheha",
              "type": "route",
              "website": "https://www.bts.co.th/service/timetable.html",
              "wikidata": "Q4921598",
              "wikipedia": "th:รถไฟฟ้าบีทีเอส สายสุขุมวิท"
            }
          }
        ]
      },
      "geometry": {
        "type": "Point",
        "coordinates": [
          100.6094903,
          13.679868
        ]
      },
      "id": "node/1726175401"
    },
    {
      "type": "Feature",
      "properties": {
        "@id": "node/1726177803",
        "@relations": [
          {
            "role": "stop",
            "rel": 444651,
            "reltags": {
              "colour": "#65B724",
              "from": "Khu Khot",
              "name": "รถไฟฟ้าบีทีเอส สายสุขุมวิท (คูคต → เคหะ)",
              "name:en": "BTS Sukhumvit Line (Khu Khot → Kheha)",
              "name:ja": "BTSスクムウィット線（クーコット→ケーハー）",
              "name:th": "รถไฟฟ้าบีทีเอส สายสุขุมวิท (คูคต → เคหะ)",
              "network": "รถไฟฟ้าบีทีเอส",
              "network:en": "BTS Skytrain",
              "network:short": "BTS",
              "network:th": "รถไฟฟ้าบีทีเอส",
              "network:wikidata": "Q806501",
              "note": "I didn't include \"Last train route\" and \"Peak-only route\" into this \"Main route\".",
              "opening_hours": "Mo-Su 05:15-23:35",
              "operator": "ระบบขนส่งมวลชนกรุงเทพ",
              "operator:en": "Bangkok Mass Transit System;BTSC",
              "public_transport:version": "2",
              "ref": "สุขุมวิท",
              "route": "subway",
              "to": "Kheha",
              "type": "route",
              "website": "https://www.bts.co.th/service/timetable.html",
              "wikidata": "Q4921598",
              "wikipedia": "th:รถไฟฟ้าบีทีเอส สายสุขุมวิท"
            }
          }
        ]
      },
      "geometry": {
        "type": "Point",
        "coordinates": [
          100.6046807,
          13.6681362
        ]
      },
      "id": "node/1726177803"
    },
    {
      "type": "Feature",
      "properties": {
        "@id": "node/1726177804",
        "@relations": [
          {
            "role": "stop",
            "rel": 7989376,
            "reltags": {
              "colour": "#65B724",
              "from": "Kheha",
              "name": "รถไฟฟ้าบีทีเอส สายสุขุมวิท (เคหะ → คูคต)",
              "name:en": "BTS Sukhumvit Line (Kheha → Khu Khot)",
              "name:ja": "BTSスクムウィット線（クーコット→ケーハー）",
              "name:th": "รถไฟฟ้าบีทีเอส สายสุขุมวิท (เคหะ → คูคต)",
              "network": "รถไฟฟ้าบีทีเอส",
              "network:en": "BTS Skytrain",
              "network:short": "BTS",
              "network:th": "รถไฟฟ้าบีทีเอส",
              "network:wikidata": "Q806501",
              "note": "I didn't include \"Last train route\" and \"Peak-only route\" into this \"Main route\".",
              "opening_hours": "Mo-Su 05:15-23:43",
              "operator": "ระบบขนส่งมวลชนกรุงเทพ",
              "operator:en": "Bangkok Mass Transit System;BTSC",
              "public_transport:version": "2",
              "ref": "สุขุมวิท",
              "route": "subway",
              "to": "Khu Khot",
              "type": "route",
              "website": "https://www.bts.co.th/service/timetable.html",
              "wikidata": "Q4921598",
              "wikipedia": "th:รถไฟฟ้าบีทีเอส สายสุขุมวิท"
            }
          }
        ]
      },
      "geometry": {
        "type": "Point",
        "coordinates": [
          100.6017887,
          13.6611943
        ]
      },
      "id": "node/1726177804"
    },
    {
      "type": "Feature",
      "properties": {
        "@id": "node/2324802007",
        "@relations": [
          {
            "role": "stop",
            "rel": 444659,
            "reltags": {
              "colour": "#1E398D",
              "from": "ท่าพระ",
              "name": "รถไฟฟ้ามหานคร สายสีน้ำเงิน",
              "name:en": "MRT Blue Line (Tha Phra → Lak Song)",
              "name:th": "รถไฟฟ้ามหานครสายสีน้ำเงิน",
              "name:zh": "曼谷地铁蓝线",
              "network": "Metropolitan Rapid Transit",
              "network:short": "MRT",
              "network:wikidata": "Q806485",
              "operator": "Bangkok Expressway and Metro Public Company Limited",
              "public_transport:version": "2",
              "ref": "MRT-BL",
              "route": "subway",
              "to": "หลักสอง",
              "type": "route",
              "wikidata": "Q2486364",
              "wikipedia": "th:รถไฟฟ้ามหานคร สายสีน้ำเงิน"
            }
          }
        ]
      },
      "geometry": {
        "type": "Point",
        "coordinates": [
          100.5023028,
          13.7469811
        ]
      },
      "id": "node/2324802007"
    },
    {
      "type": "Feature",
      "properties": {
        "@id": "node/2465782414",
        "@relations": [
          {
            "role": "stop",
            "rel": 7725025,
            "reltags": {
              "colour": "#1E398D",
              "from": "หลักสอง",
              "name": "รถไฟฟ้ามหานคร สายสีน้ำเงิน",
              "name:en": "MRT Blue Line (Lak Song → Tha Phra)",
              "name:th": "รถไฟฟ้ามหานครสายสีน้ำเงิน",
              "name:zh": "曼谷地铁蓝线",
              "network": "Metropolitan Rapid Transit",
              "network:short": "MRT",
              "network:wikidata": "Q806485",
              "operator": "Bangkok Expressway and Metro Public Company Limited",
              "public_transport:version": "2",
              "ref": "MRT-BL",
              "route": "subway",
              "to": "ท่าพระ",
              "type": "route",
              "wikidata": "Q2486364",
              "wikipedia": "th:รถไฟฟ้ามหานคร สายสีน้ำเงิน"
            }
          }
        ]
      },
      "geometry": {
        "type": "Point",
        "coordinates": [
          100.5307713,
          13.8061472
        ]
      },
      "id": "node/2465782414"
    },
    {
      "type": "Feature",
      "properties": {
        "@id": "node/3487509478",
        "@relations": [
          {
            "role": "stop_exit_only",
            "rel": 6988563,
            "reltags": {
              "colour": "#893B90",
              "from": "คลองบางไผ่",
              "name": "รถไฟฟ้ามหานคร สายสีม่วง (คลองบางไผ่ → เตาปูน)",
              "name:en": "MRT Purple Line (Khlong Bang Phai → Tao Poon)",
              "name:th": "รถไฟฟ้ามหานคร สายสีม่วง (คลองบางไผ่ → เตาปูน)",
              "network": "Metropolitan Rapid Transit",
              "network:short": "MRT",
              "network:wikidata": "Q806485",
              "operator": "Bangkok Expressway and Metro Public Company Limited",
              "public_transport:version": "2",
              "ref": "MRT Purple",
              "route": "subway",
              "to": "เตาปูน",
              "type": "route",
              "wikidata": "Q6584549",
              "wikipedia": "en:MRT Purple Line"
            }
          }
        ]
      },
      "geometry": {
        "type": "Point",
        "coordinates": [
          100.5308491,
          13.8060902
        ]
      },
      "id": "node/3487509478"
    },
    {
      "type": "Feature",
      "properties": {
        "@id": "node/3487509479",
        "@relations": [
          {
            "role": "stop",
            "rel": 7725057,
            "reltags": {
              "colour": "#893B90",
              "from": "เตาปูน",
              "name": "รถไฟฟ้ามหานคร สายสีม่วง (เตาปูน → คลองบางไผ่)",
              "name:en": "MRT Purple Line (Tao Poon → Khlong Bang Phai)",
              "name:th": "รถไฟฟ้ามหานคร สายสีม่วง",
              "network": "Metropolitan Rapid Transit",
              "network:short": "MRT",
              "network:wikidata": "Q806485",
              "operator": "Bangkok Expressway and Metro Public Company Limited",
              "public_transport:version": "2",
              "ref": "MRT Purple",
              "route": "subway",
              "to": "คลองบางไผ่",
              "type": "route",
              "wikidata": "Q6584549",
              "wikipedia": "en:Purple Line (Bangkok)"
            }
          }
        ]
      },
      "geometry": {
        "type": "Point",
        "coordinates": [
          100.5306924,
          13.8061106
        ]
      },
      "id": "node/3487509479"
    },
    {
      "type": "Feature",
      "properties": {
        "@id": "node/3487510793",
        "@relations": [
          {
            "role": "stop",
            "rel": 6988563,
            "reltags": {
              "colour": "#893B90",
              "from": "คลองบางไผ่",
              "name": "รถไฟฟ้ามหานคร สายสีม่วง (คลองบางไผ่ → เตาปูน)",
              "name:en": "MRT Purple Line (Khlong Bang Phai → Tao Poon)",
              "name:th": "รถไฟฟ้ามหานคร สายสีม่วง (คลองบางไผ่ → เตาปูน)",
              "network": "Metropolitan Rapid Transit",
              "network:short": "MRT",
              "network:wikidata": "Q806485",
              "operator": "Bangkok Expressway and Metro Public Company Limited",
              "public_transport:version": "2",
              "ref": "MRT Purple",
              "route": "subway",
              "to": "เตาปูน",
              "type": "route",
              "wikidata": "Q6584549",
              "wikipedia": "en:MRT Purple Line"
            }
          }
        ]
      },
      "geometry": {
        "type": "Point",
        "coordinates": [
          100.532521,
          13.8200869
        ]
      },
      "id": "node/3487510793"
    },
    {
      "type": "Feature",
      "properties": {
        "@id": "node/3487510794",
        "@relations": [
          {
            "role": "stop",
            "rel": 7725057,
            "reltags": {
              "colour": "#893B90",
              "from": "เตาปูน",
              "name": "รถไฟฟ้ามหานคร สายสีม่วง (เตาปูน → คลองบางไผ่)",
              "name:en": "MRT Purple Line (Tao Poon → Khlong Bang Phai)",
              "name:th": "รถไฟฟ้ามหานคร สายสีม่วง",
              "network": "Metropolitan Rapid Transit",
              "network:short": "MRT",
              "network:wikidata": "Q806485",
              "operator": "Bangkok Expressway and Metro Public Company Limited",
              "public_transport:version": "2",
              "ref": "MRT Purple",
              "route": "subway",
              "to": "คลองบางไผ่",
              "type": "route",
              "wikidata": "Q6584549",
              "wikipedia": "en:Purple Line (Bangkok)"
            }
          }
        ]
      },
      "geometry": {
        "type": "Point",
        "coordinates": [
          100.5323971,
          13.8201022
        ]
      },
      "id": "node/3487510794"
    },
    {
      "type": "Feature",
      "properties": {
        "@id": "node/3487510833",
        "@relations": [
          {
            "role": "stop",
            "rel": 7725057,
            "reltags": {
              "colour": "#893B90",
              "from": "เตาปูน",
              "name": "รถไฟฟ้ามหานคร สายสีม่วง (เตาปูน → คลองบางไผ่)",
              "name:en": "MRT Purple Line (Tao Poon → Khlong Bang Phai)",
              "name:th": "รถไฟฟ้ามหานคร สายสีม่วง",
              "network": "Metropolitan Rapid Transit",
              "network:short": "MRT",
              "network:wikidata": "Q806485",
              "operator": "Bangkok Expressway and Metro Public Company Limited",
              "public_transport:version": "2",
              "ref": "MRT Purple",
              "route": "subway",
              "to": "คลองบางไผ่",
              "type": "route",
              "wikidata": "Q6584549",
              "wikipedia": "en:Purple Line (Bangkok)"
            }
          }
        ]
      },
      "geometry": {
        "type": "Point",
        "coordinates": [
          100.5264565,
          13.8298214
        ]
      },
      "id": "node/3487510833"
    },
    {
      "type": "Feature",
      "properties": {
        "@id": "node/3487510834",
        "@relations": [
          {
            "role": "stop",
            "rel": 6988563,
            "reltags": {
              "colour": "#893B90",
              "from": "คลองบางไผ่",
              "name": "รถไฟฟ้ามหานคร สายสีม่วง (คลองบางไผ่ → เตาปูน)",
              "name:en": "MRT Purple Line (Khlong Bang Phai → Tao Poon)",
              "name:th": "รถไฟฟ้ามหานคร สายสีม่วง (คลองบางไผ่ → เตาปูน)",
              "network": "Metropolitan Rapid Transit",
              "network:short": "MRT",
              "network:wikidata": "Q806485",
              "operator": "Bangkok Expressway and Metro Public Company Limited",
              "public_transport:version": "2",
              "ref": "MRT Purple",
              "route": "subway",
              "to": "เตาปูน",
              "type": "route",
              "wikidata": "Q6584549",
              "wikipedia": "en:MRT Purple Line"
            }
          }
        ]
      },
      "geometry": {
        "type": "Point",
        "coordinates": [
          100.5265316,
          13.8299187
        ]
      },
      "id": "node/3487510834"
    },
    {
      "type": "Feature",
      "properties": {
        "@id": "node/3487510857",
        "@relations": [
          {
            "role": "stop",
            "rel": 7725057,
            "reltags": {
              "colour": "#893B90",
              "from": "เตาปูน",
              "name": "รถไฟฟ้ามหานคร สายสีม่วง (เตาปูน → คลองบางไผ่)",
              "name:en": "MRT Purple Line (Tao Poon → Khlong Bang Phai)",
              "name:th": "รถไฟฟ้ามหานคร สายสีม่วง",
              "network": "Metropolitan Rapid Transit",
              "network:short": "MRT",
              "network:wikidata": "Q806485",
              "operator": "Bangkok Expressway and Metro Public Company Limited",
              "public_transport:version": "2",
              "ref": "MRT Purple",
              "route": "subway",
              "to": "คลองบางไผ่",
              "type": "route",
              "wikidata": "Q6584549",
              "wikipedia": "en:Purple Line (Bangkok)"
            }
          }
        ]
      },
      "geometry": {
        "type": "Point",
        "coordinates": [
          100.5149298,
          13.8394825
        ]
      },
      "id": "node/3487510857"
    },
    {
      "type": "Feature",
      "properties": {
        "@id": "node/3487510858",
        "@relations": [
          {
            "role": "stop",
            "rel": 6988563,
            "reltags": {
              "colour": "#893B90",
              "from": "คลองบางไผ่",
              "name": "รถไฟฟ้ามหานคร สายสีม่วง (คลองบางไผ่ → เตาปูน)",
              "name:en": "MRT Purple Line (Khlong Bang Phai → Tao Poon)",
              "name:th": "รถไฟฟ้ามหานคร สายสีม่วง (คลองบางไผ่ → เตาปูน)",
              "network": "Metropolitan Rapid Transit",
              "network:short": "MRT",
              "network:wikidata": "Q806485",
              "operator": "Bangkok Expressway and Metro Public Company Limited",
              "public_transport:version": "2",
              "ref": "MRT Purple",
              "route": "subway",
              "to": "เตาปูน",
              "type": "route",
              "wikidata": "Q6584549",
              "wikipedia": "en:MRT Purple Line"
            }
          }
        ]
      },
      "geometry": {
        "type": "Point",
        "coordinates": [
          100.5150107,
          13.8395749
        ]
      },
      "id": "node/3487510858"
    },
    {
      "type": "Feature",
      "properties": {
        "@id": "node/3487511003",
        "@relations": [
          {
            "role": "stop",
            "rel": 6988563,
            "reltags": {
              "colour": "#893B90",
              "from": "คลองบางไผ่",
              "name": "รถไฟฟ้ามหานคร สายสีม่วง (คลองบางไผ่ → เตาปูน)",
              "name:en": "MRT Purple Line (Khlong Bang Phai → Tao Poon)",
              "name:th": "รถไฟฟ้ามหานคร สายสีม่วง (คลองบางไผ่ → เตาปูน)",
              "network": "Metropolitan Rapid Transit",
              "network:short": "MRT",
              "network:wikidata": "Q806485",
              "operator": "Bangkok Expressway and Metro Public Company Limited",
              "public_transport:version": "2",
              "ref": "MRT Purple",
              "route": "subway",
              "to": "เตาปูน",
              "type": "route",
              "wikidata": "Q6584549",
              "wikipedia": "en:MRT Purple Line"
            }
          }
        ]
      },
      "geometry": {
        "type": "Point",
        "coordinates": [
          100.514776,
          13.8484992
        ]
      },
      "id": "node/3487511003"
    },
    {
      "type": "Feature",
      "properties": {
        "@id": "node/3487511004",
        "@relations": [
          {
            "role": "stop",
            "rel": 7725057,
            "reltags": {
              "colour": "#893B90",
              "from": "เตาปูน",
              "name": "รถไฟฟ้ามหานคร สายสีม่วง (เตาปูน → คลองบางไผ่)",
              "name:en": "MRT Purple Line (Tao Poon → Khlong Bang Phai)",
              "name:th": "รถไฟฟ้ามหานคร สายสีม่วง",
              "network": "Metropolitan Rapid Transit",
              "network:short": "MRT",
              "network:wikidata": "Q806485",
              "operator": "Bangkok Expressway and Metro Public Company Limited",
              "public_transport:version": "2",
              "ref": "MRT Purple",
              "route": "subway",
              "to": "คลองบางไผ่",
              "type": "route",
              "wikidata": "Q6584549",
              "wikipedia": "en:Purple Line (Bangkok)"
            }
          }
        ]
      },
      "geometry": {
        "type": "Point",
        "coordinates": [
          100.5146718,
          13.8485661
        ]
      },
      "id": "node/3487511004"
    },
    {
      "type": "Feature",
      "properties": {
        "@id": "node/3487511058",
        "@relations": [
          {
            "role": "stop",
            "rel": 7725057,
            "reltags": {
              "colour": "#893B90",
              "from": "เตาปูน",
              "name": "รถไฟฟ้ามหานคร สายสีม่วง (เตาปูน → คลองบางไผ่)",
              "name:en": "MRT Purple Line (Tao Poon → Khlong Bang Phai)",
              "name:th": "รถไฟฟ้ามหานคร สายสีม่วง",
              "network": "Metropolitan Rapid Transit",
              "network:short": "MRT",
              "network:wikidata": "Q806485",
              "operator": "Bangkok Expressway and Metro Public Company Limited",
              "public_transport:version": "2",
              "ref": "MRT Purple",
              "route": "subway",
              "to": "คลองบางไผ่",
              "type": "route",
              "wikidata": "Q6584549",
              "wikipedia": "en:Purple Line (Bangkok)"
            }
          }
        ]
      },
      "geometry": {
        "type": "Point",
        "coordinates": [
          100.5130557,
          13.860113
        ]
      },
      "id": "node/3487511058"
    },
    {
      "type": "Feature",
      "properties": {
        "@id": "node/3487511061",
        "@relations": [
          {
            "role": "stop",
            "rel": 6988563,
            "reltags": {
              "colour": "#893B90",
              "from": "คลองบางไผ่",
              "name": "รถไฟฟ้ามหานคร สายสีม่วง (คลองบางไผ่ → เตาปูน)",
              "name:en": "MRT Purple Line (Khlong Bang Phai → Tao Poon)",
              "name:th": "รถไฟฟ้ามหานคร สายสีม่วง (คลองบางไผ่ → เตาปูน)",
              "network": "Metropolitan Rapid Transit",
              "network:short": "MRT",
              "network:wikidata": "Q806485",
              "operator": "Bangkok Expressway and Metro Public Company Limited",
              "public_transport:version": "2",
              "ref": "MRT Purple",
              "route": "subway",
              "to": "เตาปูน",
              "type": "route",
              "wikidata": "Q6584549",
              "wikipedia": "en:MRT Purple Line"
            }
          }
        ]
      },
      "geometry": {
        "type": "Point",
        "coordinates": [
          100.5130721,
          13.8602332
        ]
      },
      "id": "node/3487511061"
    },
    {
      "type": "Feature",
      "properties": {
        "@id": "node/3487511083",
        "@relations": [
          {
            "role": "stop",
            "rel": 7725057,
            "reltags": {
              "colour": "#893B90",
              "from": "เตาปูน",
              "name": "รถไฟฟ้ามหานคร สายสีม่วง (เตาปูน → คลองบางไผ่)",
              "name:en": "MRT Purple Line (Tao Poon → Khlong Bang Phai)",
              "name:th": "รถไฟฟ้ามหานคร สายสีม่วง",
              "network": "Metropolitan Rapid Transit",
              "network:short": "MRT",
              "network:wikidata": "Q806485",
              "operator": "Bangkok Expressway and Metro Public Company Limited",
              "public_transport:version": "2",
              "ref": "MRT Purple",
              "route": "subway",
              "to": "คลองบางไผ่",
              "type": "route",
              "wikidata": "Q6584549",
              "wikipedia": "en:Purple Line (Bangkok)"
            }
          }
        ]
      },
      "geometry": {
        "type": "Point",
        "coordinates": [
          100.5046353,
          13.8615966
        ]
      },
      "id": "node/3487511083"
    },
    {
      "type": "Feature",
      "properties": {
        "@id": "node/3487511084",
        "@relations": [
          {
            "role": "stop",
            "rel": 6988563,
            "reltags": {
              "colour": "#893B90",
              "from": "คลองบางไผ่",
              "name": "รถไฟฟ้ามหานคร สายสีม่วง (คลองบางไผ่ → เตาปูน)",
              "name:en": "MRT Purple Line (Khlong Bang Phai → Tao Poon)",
              "name:th": "รถไฟฟ้ามหานคร สายสีม่วง (คลองบางไผ่ → เตาปูน)",
              "network": "Metropolitan Rapid Transit",
              "network:short": "MRT",
              "network:wikidata": "Q806485",
              "operator": "Bangkok Expressway and Metro Public Company Limited",
              "public_transport:version": "2",
              "ref": "MRT Purple",
              "route": "subway",
              "to": "เตาปูน",
              "type": "route",
              "wikidata": "Q6584549",
              "wikipedia": "en:MRT Purple Line"
            }
          }
        ]
      },
      "geometry": {
        "type": "Point",
        "coordinates": [
          100.5046681,
          13.8617136
        ]
      },
      "id": "node/3487511084"
    },
    {
      "type": "Feature",
      "properties": {
        "@id": "node/3487511211",
        "@relations": [
          {
            "role": "stop",
            "rel": 7725057,
            "reltags": {
              "colour": "#893B90",
              "from": "เตาปูน",
              "name": "รถไฟฟ้ามหานคร สายสีม่วง (เตาปูน → คลองบางไผ่)",
              "name:en": "MRT Purple Line (Tao Poon → Khlong Bang Phai)",
              "name:th": "รถไฟฟ้ามหานคร สายสีม่วง",
              "network": "Metropolitan Rapid Transit",
              "network:short": "MRT",
              "network:wikidata": "Q806485",
              "operator": "Bangkok Expressway and Metro Public Company Limited",
              "public_transport:version": "2",
              "ref": "MRT Purple",
              "route": "subway",
              "to": "คลองบางไผ่",
              "type": "route",
              "wikidata": "Q6584549",
              "wikipedia": "en:Purple Line (Bangkok)"
            }
          }
        ]
      },
      "geometry": {
        "type": "Point",
        "coordinates": [
          100.4940457,
          13.8659059
        ]
      },
      "id": "node/3487511211"
    },
    {
      "type": "Feature",
      "properties": {
        "@id": "node/3487511212",
        "@relations": [
          {
            "role": "stop",
            "rel": 6988563,
            "reltags": {
              "colour": "#893B90",
              "from": "คลองบางไผ่",
              "name": "รถไฟฟ้ามหานคร สายสีม่วง (คลองบางไผ่ → เตาปูน)",
              "name:en": "MRT Purple Line (Khlong Bang Phai → Tao Poon)",
              "name:th": "รถไฟฟ้ามหานคร สายสีม่วง (คลองบางไผ่ → เตาปูน)",
              "network": "Metropolitan Rapid Transit",
              "network:short": "MRT",
              "network:wikidata": "Q806485",
              "operator": "Bangkok Expressway and Metro Public Company Limited",
              "public_transport:version": "2",
              "ref": "MRT Purple",
              "route": "subway",
              "to": "เตาปูน",
              "type": "route",
              "wikidata": "Q6584549",
              "wikipedia": "en:MRT Purple Line"
            }
          }
        ]
      },
      "geometry": {
        "type": "Point",
        "coordinates": [
          100.4941078,
          13.8660112
        ]
      },
      "id": "node/3487511212"
    },
    {
      "type": "Feature",
      "properties": {
        "@id": "node/3487511257",
        "@relations": [
          {
            "role": "stop",
            "rel": 7725057,
            "reltags": {
              "colour": "#893B90",
              "from": "เตาปูน",
              "name": "รถไฟฟ้ามหานคร สายสีม่วง (เตาปูน → คลองบางไผ่)",
              "name:en": "MRT Purple Line (Tao Poon → Khlong Bang Phai)",
              "name:th": "รถไฟฟ้ามหานคร สายสีม่วง",
              "network": "Metropolitan Rapid Transit",
              "network:short": "MRT",
              "network:wikidata": "Q806485",
              "operator": "Bangkok Expressway and Metro Public Company Limited",
              "public_transport:version": "2",
              "ref": "MRT Purple",
              "route": "subway",
              "to": "คลองบางไผ่",
              "type": "route",
              "wikidata": "Q6584549",
              "wikipedia": "en:Purple Line (Bangkok)"
            }
          }
        ]
      },
      "geometry": {
        "type": "Point",
        "coordinates": [
          100.4801384,
          13.8702273
        ]
      },
      "id": "node/3487511257"
    },
    {
      "type": "Feature",
      "properties": {
        "@id": "node/3487511268",
        "@relations": [
          {
            "role": "stop",
            "rel": 6988563,
            "reltags": {
              "colour": "#893B90",
              "from": "คลองบางไผ่",
              "name": "รถไฟฟ้ามหานคร สายสีม่วง (คลองบางไผ่ → เตาปูน)",
              "name:en": "MRT Purple Line (Khlong Bang Phai → Tao Poon)",
              "name:th": "รถไฟฟ้ามหานคร สายสีม่วง (คลองบางไผ่ → เตาปูน)",
              "network": "Metropolitan Rapid Transit",
              "network:short": "MRT",
              "network:wikidata": "Q806485",
              "operator": "Bangkok Expressway and Metro Public Company Limited",
              "public_transport:version": "2",
              "ref": "MRT Purple",
              "route": "subway",
              "to": "เตาปูน",
              "type": "route",
              "wikidata": "Q6584549",
              "wikipedia": "en:MRT Purple Line"
            }
          }
        ]
      },
      "geometry": {
        "type": "Point",
        "coordinates": [
          100.4801258,
          13.8703479
        ]
      },
      "id": "node/3487511268"
    },
    {
      "type": "Feature",
      "properties": {
        "@id": "node/3487511280",
        "@relations": [
          {
            "role": "stop",
            "rel": 7725057,
            "reltags": {
              "colour": "#893B90",
              "from": "เตาปูน",
              "name": "รถไฟฟ้ามหานคร สายสีม่วง (เตาปูน → คลองบางไผ่)",
              "name:en": "MRT Purple Line (Tao Poon → Khlong Bang Phai)",
              "name:th": "รถไฟฟ้ามหานคร สายสีม่วง",
              "network": "Metropolitan Rapid Transit",
              "network:short": "MRT",
              "network:wikidata": "Q806485",
              "operator": "Bangkok Expressway and Metro Public Company Limited",
              "public_transport:version": "2",
              "ref": "MRT Purple",
              "route": "subway",
              "to": "คลองบางไผ่",
              "type": "route",
              "wikidata": "Q6584549",
              "wikipedia": "en:Purple Line (Bangkok)"
            }
          }
        ]
      },
      "geometry": {
        "type": "Point",
        "coordinates": [
          100.4666765,
          13.8704514
        ]
      },
      "id": "node/3487511280"
    },
    {
      "type": "Feature",
      "properties": {
        "@id": "node/3487511288",
        "@relations": [
          {
            "role": "stop",
            "rel": 6988563,
            "reltags": {
              "colour": "#893B90",
              "from": "คลองบางไผ่",
              "name": "รถไฟฟ้ามหานคร สายสีม่วง (คลองบางไผ่ → เตาปูน)",
              "name:en": "MRT Purple Line (Khlong Bang Phai → Tao Poon)",
              "name:th": "รถไฟฟ้ามหานคร สายสีม่วง (คลองบางไผ่ → เตาปูน)",
              "network": "Metropolitan Rapid Transit",
              "network:short": "MRT",
              "network:wikidata": "Q806485",
              "operator": "Bangkok Expressway and Metro Public Company Limited",
              "public_transport:version": "2",
              "ref": "MRT Purple",
              "route": "subway",
              "to": "เตาปูน",
              "type": "route",
              "wikidata": "Q6584549",
              "wikipedia": "en:MRT Purple Line"
            }
          }
        ]
      },
      "geometry": {
        "type": "Point",
        "coordinates": [
          100.4667109,
          13.8705727
        ]
      },
      "id": "node/3487511288"
    },
    {
      "type": "Feature",
      "properties": {
        "@id": "node/3487511428",
        "@relations": [
          {
            "role": "stop",
            "rel": 7725057,
            "reltags": {
              "colour": "#893B90",
              "from": "เตาปูน",
              "name": "รถไฟฟ้ามหานคร สายสีม่วง (เตาปูน → คลองบางไผ่)",
              "name:en": "MRT Purple Line (Tao Poon → Khlong Bang Phai)",
              "name:th": "รถไฟฟ้ามหานคร สายสีม่วง",
              "network": "Metropolitan Rapid Transit",
              "network:short": "MRT",
              "network:wikidata": "Q806485",
              "operator": "Bangkok Expressway and Metro Public Company Limited",
              "public_transport:version": "2",
              "ref": "MRT Purple",
              "route": "subway",
              "to": "คลองบางไผ่",
              "type": "route",
              "wikidata": "Q6584549",
              "wikipedia": "en:Purple Line (Bangkok)"
            }
          }
        ]
      },
      "geometry": {
        "type": "Point",
        "coordinates": [
          100.4193685,
          13.8746121
        ]
      },
      "id": "node/3487511428"
    },
    {
      "type": "Feature",
      "properties": {
        "@id": "node/3487511435",
        "@relations": [
          {
            "role": "stop",
            "rel": 6988563,
            "reltags": {
              "colour": "#893B90",
              "from": "คลองบางไผ่",
              "name": "รถไฟฟ้ามหานคร สายสีม่วง (คลองบางไผ่ → เตาปูน)",
              "name:en": "MRT Purple Line (Khlong Bang Phai → Tao Poon)",
              "name:th": "รถไฟฟ้ามหานคร สายสีม่วง (คลองบางไผ่ → เตาปูน)",
              "network": "Metropolitan Rapid Transit",
              "network:short": "MRT",
              "network:wikidata": "Q806485",
              "operator": "Bangkok Expressway and Metro Public Company Limited",
              "public_transport:version": "2",
              "ref": "MRT Purple",
              "route": "subway",
              "to": "เตาปูน",
              "type": "route",
              "wikidata": "Q6584549",
              "wikipedia": "en:MRT Purple Line"
            }
          }
        ]
      },
      "geometry": {
        "type": "Point",
        "coordinates": [
          100.4193571,
          13.8747373
        ]
      },
      "id": "node/3487511435"
    },
    {
      "type": "Feature",
      "properties": {
        "@id": "node/3487511436",
        "@relations": [
          {
            "role": "stop",
            "rel": 7725057,
            "reltags": {
              "colour": "#893B90",
              "from": "เตาปูน",
              "name": "รถไฟฟ้ามหานคร สายสีม่วง (เตาปูน → คลองบางไผ่)",
              "name:en": "MRT Purple Line (Tao Poon → Khlong Bang Phai)",
              "name:th": "รถไฟฟ้ามหานคร สายสีม่วง",
              "network": "Metropolitan Rapid Transit",
              "network:short": "MRT",
              "network:wikidata": "Q806485",
              "operator": "Bangkok Expressway and Metro Public Company Limited",
              "public_transport:version": "2",
              "ref": "MRT Purple",
              "route": "subway",
              "to": "คลองบางไผ่",
              "type": "route",
              "wikidata": "Q6584549",
              "wikipedia": "en:Purple Line (Bangkok)"
            }
          }
        ]
      },
      "geometry": {
        "type": "Point",
        "coordinates": [
          100.4559427,
          13.874752
        ]
      },
      "id": "node/3487511436"
    },
    {
      "type": "Feature",
      "properties": {
        "@id": "node/3487511444",
        "@relations": [
          {
            "role": "stop",
            "rel": 6988563,
            "reltags": {
              "colour": "#893B90",
              "from": "คลองบางไผ่",
              "name": "รถไฟฟ้ามหานคร สายสีม่วง (คลองบางไผ่ → เตาปูน)",
              "name:en": "MRT Purple Line (Khlong Bang Phai → Tao Poon)",
              "name:th": "รถไฟฟ้ามหานคร สายสีม่วง (คลองบางไผ่ → เตาปูน)",
              "network": "Metropolitan Rapid Transit",
              "network:short": "MRT",
              "network:wikidata": "Q806485",
              "operator": "Bangkok Expressway and Metro Public Company Limited",
              "public_transport:version": "2",
              "ref": "MRT Purple",
              "route": "subway",
              "to": "เตาปูน",
              "type": "route",
              "wikidata": "Q6584549",
              "wikipedia": "en:MRT Purple Line"
            }
          }
        ]
      },
      "geometry": {
        "type": "Point",
        "coordinates": [
          100.4559982,
          13.8748656
        ]
      },
      "id": "node/3487511444"
    },
    {
      "type": "Feature",
      "properties": {
        "@id": "node/3487511461",
        "@relations": [
          {
            "role": "stop",
            "rel": 7725057,
            "reltags": {
              "colour": "#893B90",
              "from": "เตาปูน",
              "name": "รถไฟฟ้ามหานคร สายสีม่วง (เตาปูน → คลองบางไผ่)",
              "name:en": "MRT Purple Line (Tao Poon → Khlong Bang Phai)",
              "name:th": "รถไฟฟ้ามหานคร สายสีม่วง",
              "network": "Metropolitan Rapid Transit",
              "network:short": "MRT",
              "network:wikidata": "Q806485",
              "operator": "Bangkok Expressway and Metro Public Company Limited",
              "public_transport:version": "2",
              "ref": "MRT Purple",
              "route": "subway",
              "to": "คลองบางไผ่",
              "type": "route",
              "wikidata": "Q6584549",
              "wikipedia": "en:Purple Line (Bangkok)"
            }
          }
        ]
      },
      "geometry": {
        "type": "Point",
        "coordinates": [
          100.4338088,
          13.8757084
        ]
      },
      "id": "node/3487511461"
    },
    {
      "type": "Feature",
      "properties": {
        "@id": "node/3487511468",
        "@relations": [
          {
            "role": "stop",
            "rel": 6988563,
            "reltags": {
              "colour": "#893B90",
              "from": "คลองบางไผ่",
              "name": "รถไฟฟ้ามหานคร สายสีม่วง (คลองบางไผ่ → เตาปูน)",
              "name:en": "MRT Purple Line (Khlong Bang Phai → Tao Poon)",
              "name:th": "รถไฟฟ้ามหานคร สายสีม่วง (คลองบางไผ่ → เตาปูน)",
              "network": "Metropolitan Rapid Transit",
              "network:short": "MRT",
              "network:wikidata": "Q806485",
              "operator": "Bangkok Expressway and Metro Public Company Limited",
              "public_transport:version": "2",
              "ref": "MRT Purple",
              "route": "subway",
              "to": "เตาปูน",
              "type": "route",
              "wikidata": "Q6584549",
              "wikipedia": "en:MRT Purple Line"
            }
          }
        ]
      },
      "geometry": {
        "type": "Point",
        "coordinates": [
          100.4337979,
          13.8758237
        ]
      },
      "id": "node/3487511468"
    },
    {
      "type": "Feature",
      "properties": {
        "@id": "node/3487511490",
        "@relations": [
          {
            "role": "stop",
            "rel": 7725057,
            "reltags": {
              "colour": "#893B90",
              "from": "เตาปูน",
              "name": "รถไฟฟ้ามหานคร สายสีม่วง (เตาปูน → คลองบางไผ่)",
              "name:en": "MRT Purple Line (Tao Poon → Khlong Bang Phai)",
              "name:th": "รถไฟฟ้ามหานคร สายสีม่วง",
              "network": "Metropolitan Rapid Transit",
              "network:short": "MRT",
              "network:wikidata": "Q806485",
              "operator": "Bangkok Expressway and Metro Public Company Limited",
              "public_transport:version": "2",
              "ref": "MRT Purple",
              "route": "subway",
              "to": "คลองบางไผ่",
              "type": "route",
              "wikidata": "Q6584549",
              "wikipedia": "en:Purple Line (Bangkok)"
            }
          }
        ]
      },
      "geometry": {
        "type": "Point",
        "coordinates": [
          100.4449426,
          13.8765439
        ]
      },
      "id": "node/3487511490"
    },
    {
      "type": "Feature",
      "properties": {
        "@id": "node/3487511701",
        "@relations": [
          {
            "role": "stop",
            "rel": 6988563,
            "reltags": {
              "colour": "#893B90",
              "from": "คลองบางไผ่",
              "name": "รถไฟฟ้ามหานคร สายสีม่วง (คลองบางไผ่ → เตาปูน)",
              "name:en": "MRT Purple Line (Khlong Bang Phai → Tao Poon)",
              "name:th": "รถไฟฟ้ามหานคร สายสีม่วง (คลองบางไผ่ → เตาปูน)",
              "network": "Metropolitan Rapid Transit",
              "network:short": "MRT",
              "network:wikidata": "Q806485",
              "operator": "Bangkok Expressway and Metro Public Company Limited",
              "public_transport:version": "2",
              "ref": "MRT Purple",
              "route": "subway",
              "to": "เตาปูน",
              "type": "route",
              "wikidata": "Q6584549",
              "wikipedia": "en:MRT Purple Line"
            }
          }
        ]
      },
      "geometry": {
        "type": "Point",
        "coordinates": [
          100.4449336,
          13.8766694
        ]
      },
      "id": "node/3487511701"
    },
    {
      "type": "Feature",
      "properties": {
        "@id": "node/3487511733",
        "@relations": [
          {
            "role": "stop",
            "rel": 7725057,
            "reltags": {
              "colour": "#893B90",
              "from": "เตาปูน",
              "name": "รถไฟฟ้ามหานคร สายสีม่วง (เตาปูน → คลองบางไผ่)",
              "name:en": "MRT Purple Line (Tao Poon → Khlong Bang Phai)",
              "name:th": "รถไฟฟ้ามหานคร สายสีม่วง",
              "network": "Metropolitan Rapid Transit",
              "network:short": "MRT",
              "network:wikidata": "Q806485",
              "operator": "Bangkok Expressway and Metro Public Company Limited",
              "public_transport:version": "2",
              "ref": "MRT Purple",
              "route": "subway",
              "to": "คลองบางไผ่",
              "type": "route",
              "wikidata": "Q6584549",
              "wikipedia": "en:Purple Line (Bangkok)"
            }
          }
        ]
      },
      "geometry": {
        "type": "Point",
        "coordinates": [
          100.4092247,
          13.8810099
        ]
      },
      "id": "node/3487511733"
    },
    {
      "type": "Feature",
      "properties": {
        "@id": "node/3487511734",
        "@relations": [
          {
            "role": "stop",
            "rel": 6988563,
            "reltags": {
              "colour": "#893B90",
              "from": "คลองบางไผ่",
              "name": "รถไฟฟ้ามหานคร สายสีม่วง (คลองบางไผ่ → เตาปูน)",
              "name:en": "MRT Purple Line (Khlong Bang Phai → Tao Poon)",
              "name:th": "รถไฟฟ้ามหานคร สายสีม่วง (คลองบางไผ่ → เตาปูน)",
              "network": "Metropolitan Rapid Transit",
              "network:short": "MRT",
              "network:wikidata": "Q806485",
              "operator": "Bangkok Expressway and Metro Public Company Limited",
              "public_transport:version": "2",
              "ref": "MRT Purple",
              "route": "subway",
              "to": "เตาปูน",
              "type": "route",
              "wikidata": "Q6584549",
              "wikipedia": "en:MRT Purple Line"
            }
          }
        ]
      },
      "geometry": {
        "type": "Point",
        "coordinates": [
          100.409354,
          13.8810184
        ]
      },
      "id": "node/3487511734"
    },
    {
      "type": "Feature",
      "properties": {
        "@id": "node/3487511747",
        "@relations": [
          {
            "role": "stop",
            "rel": 7725057,
            "reltags": {
              "colour": "#893B90",
              "from": "เตาปูน",
              "name": "รถไฟฟ้ามหานคร สายสีม่วง (เตาปูน → คลองบางไผ่)",
              "name:en": "MRT Purple Line (Tao Poon → Khlong Bang Phai)",
              "name:th": "รถไฟฟ้ามหานคร สายสีม่วง",
              "network": "Metropolitan Rapid Transit",
              "network:short": "MRT",
              "network:wikidata": "Q806485",
              "operator": "Bangkok Expressway and Metro Public Company Limited",
              "public_transport:version": "2",
              "ref": "MRT Purple",
              "route": "subway",
              "to": "คลองบางไผ่",
              "type": "route",
              "wikidata": "Q6584549",
              "wikipedia": "en:Purple Line (Bangkok)"
            }
          }
        ]
      },
      "geometry": {
        "type": "Point",
        "coordinates": [
          100.4081559,
          13.8924292
        ]
      },
      "id": "node/3487511747"
    },
    {
      "type": "Feature",
      "properties": {
        "@id": "node/3487511748",
        "@relations": [
          {
            "role": "stop",
            "rel": 6988563,
            "reltags": {
              "colour": "#893B90",
              "from": "คลองบางไผ่",
              "name": "รถไฟฟ้ามหานคร สายสีม่วง (คลองบางไผ่ → เตาปูน)",
              "name:en": "MRT Purple Line (Khlong Bang Phai → Tao Poon)",
              "name:th": "รถไฟฟ้ามหานคร สายสีม่วง (คลองบางไผ่ → เตาปูน)",
              "network": "Metropolitan Rapid Transit",
              "network:short": "MRT",
              "network:wikidata": "Q806485",
              "operator": "Bangkok Expressway and Metro Public Company Limited",
              "public_transport:version": "2",
              "ref": "MRT Purple",
              "route": "subway",
              "to": "เตาปูน",
              "type": "route",
              "wikidata": "Q6584549",
              "wikipedia": "en:MRT Purple Line"
            }
          }
        ]
      },
      "geometry": {
        "type": "Point",
        "coordinates": [
          100.4082849,
          13.8924405
        ]
      },
      "id": "node/3487511748"
    },
    {
      "type": "Feature",
      "properties": {
        "@id": "node/3801037854",
        "@relations": [
          {
            "role": "stop",
            "rel": 444659,
            "reltags": {
              "colour": "#1E398D",
              "from": "ท่าพระ",
              "name": "รถไฟฟ้ามหานคร สายสีน้ำเงิน",
              "name:en": "MRT Blue Line (Tha Phra → Lak Song)",
              "name:th": "รถไฟฟ้ามหานครสายสีน้ำเงิน",
              "name:zh": "曼谷地铁蓝线",
              "network": "Metropolitan Rapid Transit",
              "network:short": "MRT",
              "network:wikidata": "Q806485",
              "operator": "Bangkok Expressway and Metro Public Company Limited",
              "public_transport:version": "2",
              "ref": "MRT-BL",
              "route": "subway",
              "to": "หลักสอง",
              "type": "route",
              "wikidata": "Q2486364",
              "wikipedia": "th:รถไฟฟ้ามหานคร สายสีน้ำเงิน"
            }
          }
        ]
      },
      "geometry": {
        "type": "Point",
        "coordinates": [
          100.4570368,
          13.7202595
        ]
      },
      "id": "node/3801037854"
    },
    {
      "type": "Feature",
      "properties": {
        "@id": "node/3801040560",
        "@relations": [
          {
            "role": "stop",
            "rel": 444659,
            "reltags": {
              "colour": "#1E398D",
              "from": "ท่าพระ",
              "name": "รถไฟฟ้ามหานคร สายสีน้ำเงิน",
              "name:en": "MRT Blue Line (Tha Phra → Lak Song)",
              "name:th": "รถไฟฟ้ามหานครสายสีน้ำเงิน",
              "name:zh": "曼谷地铁蓝线",
              "network": "Metropolitan Rapid Transit",
              "network:short": "MRT",
              "network:wikidata": "Q806485",
              "operator": "Bangkok Expressway and Metro Public Company Limited",
              "public_transport:version": "2",
              "ref": "MRT-BL",
              "route": "subway",
              "to": "หลักสอง",
              "type": "route",
              "wikidata": "Q2486364",
              "wikipedia": "th:รถไฟฟ้ามหานคร สายสีน้ำเงิน"
            }
          }
        ]
      },
      "geometry": {
        "type": "Point",
        "coordinates": [
          100.494692,
          13.7443341
        ]
      },
      "id": "node/3801040560"
    },
    {
      "type": "Feature",
      "properties": {
        "@id": "node/3801040562",
        "@relations": [
          {
            "role": "stop",
            "rel": 444659,
            "reltags": {
              "colour": "#1E398D",
              "from": "ท่าพระ",
              "name": "รถไฟฟ้ามหานคร สายสีน้ำเงิน",
              "name:en": "MRT Blue Line (Tha Phra → Lak Song)",
              "name:th": "รถไฟฟ้ามหานครสายสีน้ำเงิน",
              "name:zh": "曼谷地铁蓝线",
              "network": "Metropolitan Rapid Transit",
              "network:short": "MRT",
              "network:wikidata": "Q806485",
              "operator": "Bangkok Expressway and Metro Public Company Limited",
              "public_transport:version": "2",
              "ref": "MRT-BL",
              "route": "subway",
              "to": "หลักสอง",
              "type": "route",
              "wikidata": "Q2486364",
              "wikipedia": "th:รถไฟฟ้ามหานคร สายสีน้ำเงิน"
            }
          }
        ]
      },
      "geometry": {
        "type": "Point",
        "coordinates": [
          100.4857021,
          13.7383274
        ]
      },
      "id": "node/3801040562"
    },
    {
      "type": "Feature",
      "properties": {
        "@id": "node/3801040563",
        "@relations": [
          {
            "role": "stop",
            "rel": 444659,
            "reltags": {
              "colour": "#1E398D",
              "from": "ท่าพระ",
              "name": "รถไฟฟ้ามหานคร สายสีน้ำเงิน",
              "name:en": "MRT Blue Line (Tha Phra → Lak Song)",
              "name:th": "รถไฟฟ้ามหานครสายสีน้ำเงิน",
              "name:zh": "曼谷地铁蓝线",
              "network": "Metropolitan Rapid Transit",
              "network:short": "MRT",
              "network:wikidata": "Q806485",
              "operator": "Bangkok Expressway and Metro Public Company Limited",
              "public_transport:version": "2",
              "ref": "MRT-BL",
              "route": "subway",
              "to": "หลักสอง",
              "type": "route",
              "wikidata": "Q2486364",
              "wikipedia": "th:รถไฟฟ้ามหานคร สายสีน้ำเงิน"
            }
          }
        ]
      },
      "geometry": {
        "type": "Point",
        "coordinates": [
          100.5099045,
          13.7422014
        ]
      },
      "id": "node/3801040563"
    },
    {
      "type": "Feature",
      "properties": {
        "@id": "node/12886086387",
        "@relations": [
          {
            "role": "stop",
            "rel": 444651,
            "reltags": {
              "colour": "#65B724",
              "from": "Khu Khot",
              "name": "รถไฟฟ้าบีทีเอส สายสุขุมวิท (คูคต → เคหะ)",
              "name:en": "BTS Sukhumvit Line (Khu Khot → Kheha)",
              "name:ja": "BTSスクムウィット線（クーコット→ケーハー）",
              "name:th": "รถไฟฟ้าบีทีเอส สายสุขุมวิท (คูคต → เคหะ)",
              "network": "รถไฟฟ้าบีทีเอส",
              "network:en": "BTS Skytrain",
              "network:short": "BTS",
              "network:th": "รถไฟฟ้าบีทีเอส",
              "network:wikidata": "Q806501",
              "note": "I didn't include \"Last train route\" and \"Peak-only route\" into this \"Main route\".",
              "opening_hours": "Mo-Su 05:15-23:35",
              "operator": "ระบบขนส่งมวลชนกรุงเทพ",
              "operator:en": "Bangkok Mass Transit System;BTSC",
              "public_transport:version": "2",
              "ref": "สุขุมวิท",
              "route": "subway",
              "to": "Kheha",
              "type": "route",
              "website": "https://www.bts.co.th/service/timetable.html",
              "wikidata": "Q4921598",
              "wikipedia": "th:รถไฟฟ้าบีทีเอส สายสุขุมวิท"
            }
          }
        ]
      },
      "geometry": {
        "type": "Point",
        "coordinates": [
          100.6465227,
          13.9323479
        ]
      },
      "id": "node/12886086387"
    },
    {
      "type": "Feature",
      "properties": {
        "@id": "node/12885876726",
        "@relations": [
          {
            "role": "stop",
            "rel": 444651,
            "reltags": {
              "colour": "#65B724",
              "from": "Khu Khot",
              "name": "รถไฟฟ้าบีทีเอส สายสุขุมวิท (คูคต → เคหะ)",
              "name:en": "BTS Sukhumvit Line (Khu Khot → Kheha)",
              "name:ja": "BTSスクムウィット線（クーコット→ケーハー）",
              "name:th": "รถไฟฟ้าบีทีเอส สายสุขุมวิท (คูคต → เคหะ)",
              "network": "รถไฟฟ้าบีทีเอส",
              "network:en": "BTS Skytrain",
              "network:short": "BTS",
              "network:th": "รถไฟฟ้าบีทีเอส",
              "network:wikidata": "Q806501",
              "note": "I didn't include \"Last train route\" and \"Peak-only route\" into this \"Main route\".",
              "opening_hours": "Mo-Su 05:15-23:35",
              "operator": "ระบบขนส่งมวลชนกรุงเทพ",
              "operator:en": "Bangkok Mass Transit System;BTSC",
              "public_transport:version": "2",
              "ref": "สุขุมวิท",
              "route": "subway",
              "to": "Kheha",
              "type": "route",
              "website": "https://www.bts.co.th/service/timetable.html",
              "wikidata": "Q4921598",
              "wikipedia": "th:รถไฟฟ้าบีทีเอส สายสุขุมวิท"
            }
          }
        ]
      },
      "geometry": {
        "type": "Point",
        "coordinates": [
          100.6258548,
          13.9250012
        ]
      },
      "id": "node/12885876726"
    },
    {
      "type": "Feature",
      "properties": {
        "@id": "node/12885902287",
        "@relations": [
          {
            "role": "stop",
            "rel": 444651,
            "reltags": {
              "colour": "#65B724",
              "from": "Khu Khot",
              "name": "รถไฟฟ้าบีทีเอส สายสุขุมวิท (คูคต → เคหะ)",
              "name:en": "BTS Sukhumvit Line (Khu Khot → Kheha)",
              "name:ja": "BTSスクムウィット線（クーコット→ケーハー）",
              "name:th": "รถไฟฟ้าบีทีเอส สายสุขุมวิท (คูคต → เคหะ)",
              "network": "รถไฟฟ้าบีทีเอส",
              "network:en": "BTS Skytrain",
              "network:short": "BTS",
              "network:th": "รถไฟฟ้าบีทีเอส",
              "network:wikidata": "Q806501",
              "note": "I didn't include \"Last train route\" and \"Peak-only route\" into this \"Main route\".",
              "opening_hours": "Mo-Su 05:15-23:35",
              "operator": "ระบบขนส่งมวลชนกรุงเทพ",
              "operator:en": "Bangkok Mass Transit System;BTSC",
              "public_transport:version": "2",
              "ref": "สุขุมวิท",
              "route": "subway",
              "to": "Kheha",
              "type": "route",
              "website": "https://www.bts.co.th/service/timetable.html",
              "wikidata": "Q4921598",
              "wikipedia": "th:รถไฟฟ้าบีทีเอส สายสุขุมวิท"
            }
          }
        ]
      },
      "geometry": {
        "type": "Point",
        "coordinates": [
          100.621714,
          13.9179618
        ]
      },
      "id": "node/12885902287"
    },
    {
      "type": "Feature",
      "properties": {
        "@id": "node/12885902274",
        "@relations": [
          {
            "role": "stop",
            "rel": 444651,
            "reltags": {
              "colour": "#65B724",
              "from": "Khu Khot",
              "name": "รถไฟฟ้าบีทีเอส สายสุขุมวิท (คูคต → เคหะ)",
              "name:en": "BTS Sukhumvit Line (Khu Khot → Kheha)",
              "name:ja": "BTSスクムウィット線（クーコット→ケーハー）",
              "name:th": "รถไฟฟ้าบีทีเอส สายสุขุมวิท (คูคต → เคหะ)",
              "network": "รถไฟฟ้าบีทีเอส",
              "network:en": "BTS Skytrain",
              "network:short": "BTS",
              "network:th": "รถไฟฟ้าบีทีเอส",
              "network:wikidata": "Q806501",
              "note": "I didn't include \"Last train route\" and \"Peak-only route\" into this \"Main route\".",
              "opening_hours": "Mo-Su 05:15-23:35",
              "operator": "ระบบขนส่งมวลชนกรุงเทพ",
              "operator:en": "Bangkok Mass Transit System;BTSC",
              "public_transport:version": "2",
              "ref": "สุขุมวิท",
              "route": "subway",
              "to": "Kheha",
              "type": "route",
              "website": "https://www.bts.co.th/service/timetable.html",
              "wikidata": "Q4921598",
              "wikipedia": "th:รถไฟฟ้าบีทีเอส สายสุขุมวิท"
            }
          }
        ]
      },
      "geometry": {
        "type": "Point",
        "coordinates": [
          100.617417,
          13.9107054
        ]
      },
      "id": "node/12885902274"
    },
    {
      "type": "Feature",
      "properties": {
        "@id": "node/12885902270",
        "@relations": [
          {
            "role": "stop",
            "rel": 444651,
            "reltags": {
              "colour": "#65B724",
              "from": "Khu Khot",
              "name": "รถไฟฟ้าบีทีเอส สายสุขุมวิท (คูคต → เคหะ)",
              "name:en": "BTS Sukhumvit Line (Khu Khot → Kheha)",
              "name:ja": "BTSスクムウィット線（クーコット→ケーハー）",
              "name:th": "รถไฟฟ้าบีทีเอส สายสุขุมวิท (คูคต → เคหะ)",
              "network": "รถไฟฟ้าบีทีเอส",
              "network:en": "BTS Skytrain",
              "network:short": "BTS",
              "network:th": "รถไฟฟ้าบีทีเอส",
              "network:wikidata": "Q806501",
              "note": "I didn't include \"Last train route\" and \"Peak-only route\" into this \"Main route\".",
              "opening_hours": "Mo-Su 05:15-23:35",
              "operator": "ระบบขนส่งมวลชนกรุงเทพ",
              "operator:en": "Bangkok Mass Transit System;BTSC",
              "public_transport:version": "2",
              "ref": "สุขุมวิท",
              "route": "subway",
              "to": "Kheha",
              "type": "route",
              "website": "https://www.bts.co.th/service/timetable.html",
              "wikidata": "Q4921598",
              "wikipedia": "th:รถไฟฟ้าบีทีเอส สายสุขุมวิท"
            }
          }
        ]
      },
      "geometry": {
        "type": "Point",
        "coordinates": [
          100.6090979,
          13.896604
        ]
      },
      "id": "node/12885902270"
    },
    {
      "type": "Feature",
      "properties": {
        "@id": "node/12885893669",
        "@relations": [
          {
            "role": "stop",
            "rel": 444651,
            "reltags": {
              "colour": "#65B724",
              "from": "Khu Khot",
              "name": "รถไฟฟ้าบีทีเอส สายสุขุมวิท (คูคต → เคหะ)",
              "name:en": "BTS Sukhumvit Line (Khu Khot → Kheha)",
              "name:ja": "BTSスクムウィット線（クーコット→ケーハー）",
              "name:th": "รถไฟฟ้าบีทีเอส สายสุขุมวิท (คูคต → เคหะ)",
              "network": "รถไฟฟ้าบีทีเอส",
              "network:en": "BTS Skytrain",
              "network:short": "BTS",
              "network:th": "รถไฟฟ้าบีทีเอส",
              "network:wikidata": "Q806501",
              "note": "I didn't include \"Last train route\" and \"Peak-only route\" into this \"Main route\".",
              "opening_hours": "Mo-Su 05:15-23:35",
              "operator": "ระบบขนส่งมวลชนกรุงเทพ",
              "operator:en": "Bangkok Mass Transit System;BTSC",
              "public_transport:version": "2",
              "ref": "สุขุมวิท",
              "route": "subway",
              "to": "Kheha",
              "type": "route",
              "website": "https://www.bts.co.th/service/timetable.html",
              "wikidata": "Q4921598",
              "wikipedia": "th:รถไฟฟ้าบีทีเอส สายสุขุมวิท"
            }
          }
        ]
      },
      "geometry": {
        "type": "Point",
        "coordinates": [
          100.6042877,
          13.8884414
        ]
      },
      "id": "node/12885893669"
    },
    {
      "type": "Feature",
      "properties": {
        "@id": "node/12885893661",
        "@relations": [
          {
            "role": "stop",
            "rel": 444651,
            "reltags": {
              "colour": "#65B724",
              "from": "Khu Khot",
              "name": "รถไฟฟ้าบีทีเอส สายสุขุมวิท (คูคต → เคหะ)",
              "name:en": "BTS Sukhumvit Line (Khu Khot → Kheha)",
              "name:ja": "BTSスクムウィット線（クーコット→ケーハー）",
              "name:th": "รถไฟฟ้าบีทีเอส สายสุขุมวิท (คูคต → เคหะ)",
              "network": "รถไฟฟ้าบีทีเอส",
              "network:en": "BTS Skytrain",
              "network:short": "BTS",
              "network:th": "รถไฟฟ้าบีทีเอส",
              "network:wikidata": "Q806501",
              "note": "I didn't include \"Last train route\" and \"Peak-only route\" into this \"Main route\".",
              "opening_hours": "Mo-Su 05:15-23:35",
              "operator": "ระบบขนส่งมวลชนกรุงเทพ",
              "operator:en": "Bangkok Mass Transit System;BTSC",
              "public_transport:version": "2",
              "ref": "สุขุมวิท",
              "route": "subway",
              "to": "Kheha",
              "type": "route",
              "website": "https://www.bts.co.th/service/timetable.html",
              "wikidata": "Q4921598",
              "wikipedia": "th:รถไฟฟ้าบีทีเอส สายสุขุมวิท"
            }
          }
        ]
      },
      "geometry": {
        "type": "Point",
        "coordinates": [
          100.6007499,
          13.8824386
        ]
      },
      "id": "node/12885893661"
    },
    {
      "type": "Feature",
      "properties": {
        "@id": "node/7613336660",
        "@relations": [
          {
            "role": "stop",
            "rel": 444651,
            "reltags": {
              "colour": "#65B724",
              "from": "Khu Khot",
              "name": "รถไฟฟ้าบีทีเอส สายสุขุมวิท (คูคต → เคหะ)",
              "name:en": "BTS Sukhumvit Line (Khu Khot → Kheha)",
              "name:ja": "BTSスクムウィット線（クーコット→ケーハー）",
              "name:th": "รถไฟฟ้าบีทีเอส สายสุขุมวิท (คูคต → เคหะ)",
              "network": "รถไฟฟ้าบีทีเอส",
              "network:en": "BTS Skytrain",
              "network:short": "BTS",
              "network:th": "รถไฟฟ้าบีทีเอส",
              "network:wikidata": "Q806501",
              "note": "I didn't include \"Last train route\" and \"Peak-only route\" into this \"Main route\".",
              "opening_hours": "Mo-Su 05:15-23:35",
              "operator": "ระบบขนส่งมวลชนกรุงเทพ",
              "operator:en": "Bangkok Mass Transit System;BTSC",
              "public_transport:version": "2",
              "ref": "สุขุมวิท",
              "route": "subway",
              "to": "Kheha",
              "type": "route",
              "website": "https://www.bts.co.th/service/timetable.html",
              "wikidata": "Q4921598",
              "wikipedia": "th:รถไฟฟ้าบีทีเอส สายสุขุมวิท"
            }
          }
        ]
      },
      "geometry": {
        "type": "Point",
        "coordinates": [
          100.5968199,
          13.8752221
        ]
      },
      "id": "node/7613336660"
    },
    {
      "type": "Feature",
      "properties": {
        "@id": "node/12885893602",
        "@relations": [
          {
            "role": "stop",
            "rel": 444651,
            "reltags": {
              "colour": "#65B724",
              "from": "Khu Khot",
              "name": "รถไฟฟ้าบีทีเอส สายสุขุมวิท (คูคต → เคหะ)",
              "name:en": "BTS Sukhumvit Line (Khu Khot → Kheha)",
              "name:ja": "BTSスクムウィット線（クーコット→ケーハー）",
              "name:th": "รถไฟฟ้าบีทีเอส สายสุขุมวิท (คูคต → เคหะ)",
              "network": "รถไฟฟ้าบีทีเอส",
              "network:en": "BTS Skytrain",
              "network:short": "BTS",
              "network:th": "รถไฟฟ้าบีทีเอส",
              "network:wikidata": "Q806501",
              "note": "I didn't include \"Last train route\" and \"Peak-only route\" into this \"Main route\".",
              "opening_hours": "Mo-Su 05:15-23:35",
              "operator": "ระบบขนส่งมวลชนกรุงเทพ",
              "operator:en": "Bangkok Mass Transit System;BTSC",
              "public_transport:version": "2",
              "ref": "สุขุมวิท",
              "route": "subway",
              "to": "Kheha",
              "type": "route",
              "website": "https://www.bts.co.th/service/timetable.html",
              "wikidata": "Q4921598",
              "wikipedia": "th:รถไฟฟ้าบีทีเอส สายสุขุมวิท"
            }
          }
        ]
      },
      "geometry": {
        "type": "Point",
        "coordinates": [
          100.5919926,
          13.8675707
        ]
      },
      "id": "node/12885893602"
    },
    {
      "type": "Feature",
      "properties": {
        "@id": "node/12885878000",
        "@relations": [
          {
            "role": "stop",
            "rel": 444651,
            "reltags": {
              "colour": "#65B724",
              "from": "Khu Khot",
              "name": "รถไฟฟ้าบีทีเอส สายสุขุมวิท (คูคต → เคหะ)",
              "name:en": "BTS Sukhumvit Line (Khu Khot → Kheha)",
              "name:ja": "BTSスクムウィット線（クーコット→ケーハー）",
              "name:th": "รถไฟฟ้าบีทีเอส สายสุขุมวิท (คูคต → เคหะ)",
              "network": "รถไฟฟ้าบีทีเอส",
              "network:en": "BTS Skytrain",
              "network:short": "BTS",
              "network:th": "รถไฟฟ้าบีทีเอส",
              "network:wikidata": "Q806501",
              "note": "I didn't include \"Last train route\" and \"Peak-only route\" into this \"Main route\".",
              "opening_hours": "Mo-Su 05:15-23:35",
              "operator": "ระบบขนส่งมวลชนกรุงเทพ",
              "operator:en": "Bangkok Mass Transit System;BTSC",
              "public_transport:version": "2",
              "ref": "สุขุมวิท",
              "route": "subway",
              "to": "Kheha",
              "type": "route",
              "website": "https://www.bts.co.th/service/timetable.html",
              "wikidata": "Q4921598",
              "wikipedia": "th:รถไฟฟ้าบีทีเอส สายสุขุมวิท"
            }
          }
        ]
      },
      "geometry": {
        "type": "Point",
        "coordinates": [
          100.5851985,
          13.856037
        ]
      },
      "id": "node/12885878000"
    },
    {
      "type": "Feature",
      "properties": {
        "@id": "node/12885877971",
        "@relations": [
          {
            "role": "stop",
            "rel": 444651,
            "reltags": {
              "colour": "#65B724",
              "from": "Khu Khot",
              "name": "รถไฟฟ้าบีทีเอส สายสุขุมวิท (คูคต → เคหะ)",
              "name:en": "BTS Sukhumvit Line (Khu Khot → Kheha)",
              "name:ja": "BTSスクムウィット線（クーコット→ケーハー）",
              "name:th": "รถไฟฟ้าบีทีเอส สายสุขุมวิท (คูคต → เคหะ)",
              "network": "รถไฟฟ้าบีทีเอส",
              "network:en": "BTS Skytrain",
              "network:short": "BTS",
              "network:th": "รถไฟฟ้าบีทีเอส",
              "network:wikidata": "Q806501",
              "note": "I didn't include \"Last train route\" and \"Peak-only route\" into this \"Main route\".",
              "opening_hours": "Mo-Su 05:15-23:35",
              "operator": "ระบบขนส่งมวลชนกรุงเทพ",
              "operator:en": "Bangkok Mass Transit System;BTSC",
              "public_transport:version": "2",
              "ref": "สุขุมวิท",
              "route": "subway",
              "to": "Kheha",
              "type": "route",
              "website": "https://www.bts.co.th/service/timetable.html",
              "wikidata": "Q4921598",
              "wikipedia": "th:รถไฟฟ้าบีทีเอส สายสุขุมวิท"
            }
          }
        ]
      },
      "geometry": {
        "type": "Point",
        "coordinates": [
          100.5818348,
          13.8503171
        ]
      },
      "id": "node/12885877971"
    },
    {
      "type": "Feature",
      "properties": {
        "@id": "node/12885877970",
        "@relations": [
          {
            "role": "stop",
            "rel": 444651,
            "reltags": {
              "colour": "#65B724",
              "from": "Khu Khot",
              "name": "รถไฟฟ้าบีทีเอส สายสุขุมวิท (คูคต → เคหะ)",
              "name:en": "BTS Sukhumvit Line (Khu Khot → Kheha)",
              "name:ja": "BTSスクムウィット線（クーコット→ケーハー）",
              "name:th": "รถไฟฟ้าบีทีเอส สายสุขุมวิท (คูคต → เคหะ)",
              "network": "รถไฟฟ้าบีทีเอส",
              "network:en": "BTS Skytrain",
              "network:short": "BTS",
              "network:th": "รถไฟฟ้าบีทีเอส",
              "network:wikidata": "Q806501",
              "note": "I didn't include \"Last train route\" and \"Peak-only route\" into this \"Main route\".",
              "opening_hours": "Mo-Su 05:15-23:35",
              "operator": "ระบบขนส่งมวลชนกรุงเทพ",
              "operator:en": "Bangkok Mass Transit System;BTSC",
              "public_transport:version": "2",
              "ref": "สุขุมวิท",
              "route": "subway",
              "to": "Kheha",
              "type": "route",
              "website": "https://www.bts.co.th/service/timetable.html",
              "wikidata": "Q4921598",
              "wikipedia": "th:รถไฟฟ้าบีทีเอส สายสุขุมวิท"
            }
          }
        ]
      },
      "geometry": {
        "type": "Point",
        "coordinates": [
          100.5771229,
          13.8423024
        ]
      },
      "id": "node/12885877970"
    },
    {
      "type": "Feature",
      "properties": {
        "@id": "node/12885877922",
        "@relations": [
          {
            "role": "stop",
            "rel": 444651,
            "reltags": {
              "colour": "#65B724",
              "from": "Khu Khot",
              "name": "รถไฟฟ้าบีทีเอส สายสุขุมวิท (คูคต → เคหะ)",
              "name:en": "BTS Sukhumvit Line (Khu Khot → Kheha)",
              "name:ja": "BTSスクムウィット線（クーコット→ケーハー）",
              "name:th": "รถไฟฟ้าบีทีเอส สายสุขุมวิท (คูคต → เคหะ)",
              "network": "รถไฟฟ้าบีทีเอส",
              "network:en": "BTS Skytrain",
              "network:short": "BTS",
              "network:th": "รถไฟฟ้าบีทีเอส",
              "network:wikidata": "Q806501",
              "note": "I didn't include \"Last train route\" and \"Peak-only route\" into this \"Main route\".",
              "opening_hours": "Mo-Su 05:15-23:35",
              "operator": "ระบบขนส่งมวลชนกรุงเทพ",
              "operator:en": "Bangkok Mass Transit System;BTSC",
              "public_transport:version": "2",
              "ref": "สุขุมวิท",
              "route": "subway",
              "to": "Kheha",
              "type": "route",
              "website": "https://www.bts.co.th/service/timetable.html",
              "wikidata": "Q4921598",
              "wikipedia": "th:รถไฟฟ้าบีทีเอส สายสุขุมวิท"
            }
          }
        ]
      },
      "geometry": {
        "type": "Point",
        "coordinates": [
          100.5736484,
          13.836392
        ]
      },
      "id": "node/12885877922"
    },
    {
      "type": "Feature",
      "properties": {
        "@id": "node/12885877901",
        "@relations": [
          {
            "role": "stop",
            "rel": 444651,
            "reltags": {
              "colour": "#65B724",
              "from": "Khu Khot",
              "name": "รถไฟฟ้าบีทีเอส สายสุขุมวิท (คูคต → เคหะ)",
              "name:en": "BTS Sukhumvit Line (Khu Khot → Kheha)",
              "name:ja": "BTSスクムウィット線（クーコット→ケーハー）",
              "name:th": "รถไฟฟ้าบีทีเอส สายสุขุมวิท (คูคต → เคหะ)",
              "network": "รถไฟฟ้าบีทีเอส",
              "network:en": "BTS Skytrain",
              "network:short": "BTS",
              "network:th": "รถไฟฟ้าบีทีเอส",
              "network:wikidata": "Q806501",
              "note": "I didn't include \"Last train route\" and \"Peak-only route\" into this \"Main route\".",
              "opening_hours": "Mo-Su 05:15-23:35",
              "operator": "ระบบขนส่งมวลชนกรุงเทพ",
              "operator:en": "Bangkok Mass Transit System;BTSC",
              "public_transport:version": "2",
              "ref": "สุขุมวิท",
              "route": "subway",
              "to": "Kheha",
              "type": "route",
              "website": "https://www.bts.co.th/service/timetable.html",
              "wikidata": "Q4921598",
              "wikipedia": "th:รถไฟฟ้าบีทีเอส สายสุขุมวิท"
            }
          }
        ]
      },
      "geometry": {
        "type": "Point",
        "coordinates": [
          100.56974,
          13.8297378
        ]
      },
      "id": "node/12885877901"
    },
    {
      "type": "Feature",
      "properties": {
        "@id": "node/12885877878",
        "@relations": [
          {
            "role": "stop",
            "rel": 444651,
            "reltags": {
              "colour": "#65B724",
              "from": "Khu Khot",
              "name": "รถไฟฟ้าบีทีเอส สายสุขุมวิท (คูคต → เคหะ)",
              "name:en": "BTS Sukhumvit Line (Khu Khot → Kheha)",
              "name:ja": "BTSスクムウィット線（クーコット→ケーハー）",
              "name:th": "รถไฟฟ้าบีทีเอส สายสุขุมวิท (คูคต → เคหะ)",
              "network": "รถไฟฟ้าบีทีเอส",
              "network:en": "BTS Skytrain",
              "network:short": "BTS",
              "network:th": "รถไฟฟ้าบีทีเอส",
              "network:wikidata": "Q806501",
              "note": "I didn't include \"Last train route\" and \"Peak-only route\" into this \"Main route\".",
              "opening_hours": "Mo-Su 05:15-23:35",
              "operator": "ระบบขนส่งมวลชนกรุงเทพ",
              "operator:en": "Bangkok Mass Transit System;BTSC",
              "public_transport:version": "2",
              "ref": "สุขุมวิท",
              "route": "subway",
              "to": "Kheha",
              "type": "route",
              "website": "https://www.bts.co.th/service/timetable.html",
              "wikidata": "Q4921598",
              "wikipedia": "th:รถไฟฟ้าบีทีเอส สายสุขุมวิท"
            }
          }
        ]
      },
      "geometry": {
        "type": "Point",
        "coordinates": [
          100.5664414,
          13.8241136
        ]
      },
      "id": "node/12885877878"
    },
    {
      "type": "Feature",
      "properties": {
        "@id": "node/7947412031",
        "@relations": [
          {
            "role": "stop",
            "rel": 444651,
            "reltags": {
              "colour": "#65B724",
              "from": "Khu Khot",
              "name": "รถไฟฟ้าบีทีเอส สายสุขุมวิท (คูคต → เคหะ)",
              "name:en": "BTS Sukhumvit Line (Khu Khot → Kheha)",
              "name:ja": "BTSスクムウィット線（クーコット→ケーハー）",
              "name:th": "รถไฟฟ้าบีทีเอส สายสุขุมวิท (คูคต → เคหะ)",
              "network": "รถไฟฟ้าบีทีเอส",
              "network:en": "BTS Skytrain",
              "network:short": "BTS",
              "network:th": "รถไฟฟ้าบีทีเอส",
              "network:wikidata": "Q806501",
              "note": "I didn't include \"Last train route\" and \"Peak-only route\" into this \"Main route\".",
              "opening_hours": "Mo-Su 05:15-23:35",
              "operator": "ระบบขนส่งมวลชนกรุงเทพ",
              "operator:en": "Bangkok Mass Transit System;BTSC",
              "public_transport:version": "2",
              "ref": "สุขุมวิท",
              "route": "subway",
              "to": "Kheha",
              "type": "route",
              "website": "https://www.bts.co.th/service/timetable.html",
              "wikidata": "Q4921598",
              "wikipedia": "th:รถไฟฟ้าบีทีเอส สายสุขุมวิท"
            }
          }
        ]
      },
      "geometry": {
        "type": "Point",
        "coordinates": [
          100.5621278,
          13.8166337
        ]
      },
      "id": "node/7947412031"
    },
    {
      "type": "Feature",
      "properties": {
        "@id": "node/12885877616",
        "@relations": [
          {
            "role": "stop",
            "rel": 444651,
            "reltags": {
              "colour": "#65B724",
              "from": "Khu Khot",
              "name": "รถไฟฟ้าบีทีเอส สายสุขุมวิท (คูคต → เคหะ)",
              "name:en": "BTS Sukhumvit Line (Khu Khot → Kheha)",
              "name:ja": "BTSスクムウィット線（クーコット→ケーハー）",
              "name:th": "รถไฟฟ้าบีทีเอส สายสุขุมวิท (คูคต → เคหะ)",
              "network": "รถไฟฟ้าบีทีเอส",
              "network:en": "BTS Skytrain",
              "network:short": "BTS",
              "network:th": "รถไฟฟ้าบีทีเอส",
              "network:wikidata": "Q806501",
              "note": "I didn't include \"Last train route\" and \"Peak-only route\" into this \"Main route\".",
              "opening_hours": "Mo-Su 05:15-23:35",
              "operator": "ระบบขนส่งมวลชนกรุงเทพ",
              "operator:en": "Bangkok Mass Transit System;BTSC",
              "public_transport:version": "2",
              "ref": "สุขุมวิท",
              "route": "subway",
              "to": "Kheha",
              "type": "route",
              "website": "https://www.bts.co.th/service/timetable.html",
              "wikidata": "Q4921598",
              "wikipedia": "th:รถไฟฟ้าบีทีเอส สายสุขุมวิท"
            }
          }
        ]
      },
      "geometry": {
        "type": "Point",
        "coordinates": [
          100.5338497,
          13.7569678
        ]
      },
      "id": "node/12885877616"
    },
    {
      "type": "Feature",
      "properties": {
        "@id": "node/12888241906",
        "@relations": [
          {
            "role": "stop",
            "rel": 444651,
            "reltags": {
              "colour": "#65B724",
              "from": "Khu Khot",
              "name": "รถไฟฟ้าบีทีเอส สายสุขุมวิท (คูคต → เคหะ)",
              "name:en": "BTS Sukhumvit Line (Khu Khot → Kheha)",
              "name:ja": "BTSスクムウィット線（クーコット→ケーハー）",
              "name:th": "รถไฟฟ้าบีทีเอส สายสุขุมวิท (คูคต → เคหะ)",
              "network": "รถไฟฟ้าบีทีเอส",
              "network:en": "BTS Skytrain",
              "network:short": "BTS",
              "network:th": "รถไฟฟ้าบีทีเอส",
              "network:wikidata": "Q806501",
              "note": "I didn't include \"Last train route\" and \"Peak-only route\" into this \"Main route\".",
              "opening_hours": "Mo-Su 05:15-23:35",
              "operator": "ระบบขนส่งมวลชนกรุงเทพ",
              "operator:en": "Bangkok Mass Transit System;BTSC",
              "public_transport:version": "2",
              "ref": "สุขุมวิท",
              "route": "subway",
              "to": "Kheha",
              "type": "route",
              "website": "https://www.bts.co.th/service/timetable.html",
              "wikidata": "Q4921598",
              "wikipedia": "th:รถไฟฟ้าบีทีเอส สายสุขุมวิท"
            }
          }
        ]
      },
      "geometry": {
        "type": "Point",
        "coordinates": [
          100.5489792,
          13.7430904
        ]
      },
      "id": "node/12888241906"
    },
    {
      "type": "Feature",
      "properties": {
        "@id": "node/12888241968",
        "@relations": [
          {
            "role": "stop",
            "rel": 444651,
            "reltags": {
              "colour": "#65B724",
              "from": "Khu Khot",
              "name": "รถไฟฟ้าบีทีเอส สายสุขุมวิท (คูคต → เคหะ)",
              "name:en": "BTS Sukhumvit Line (Khu Khot → Kheha)",
              "name:ja": "BTSスクムウィット線（クーコット→ケーハー）",
              "name:th": "รถไฟฟ้าบีทีเอส สายสุขุมวิท (คูคต → เคหะ)",
              "network": "รถไฟฟ้าบีทีเอส",
              "network:en": "BTS Skytrain",
              "network:short": "BTS",
              "network:th": "รถไฟฟ้าบีทีเอส",
              "network:wikidata": "Q806501",
              "note": "I didn't include \"Last train route\" and \"Peak-only route\" into this \"Main route\".",
              "opening_hours": "Mo-Su 05:15-23:35",
              "operator": "ระบบขนส่งมวลชนกรุงเทพ",
              "operator:en": "Bangkok Mass Transit System;BTSC",
              "public_transport:version": "2",
              "ref": "สุขุมวิท",
              "route": "subway",
              "to": "Kheha",
              "type": "route",
              "website": "https://www.bts.co.th/service/timetable.html",
              "wikidata": "Q4921598",
              "wikipedia": "th:รถไฟฟ้าบีทีเอส สายสุขุมวิท"
            }
          }
        ]
      },
      "geometry": {
        "type": "Point",
        "coordinates": [
          100.5603644,
          13.7370681
        ]
      },
      "id": "node/12888241968"
    },
    {
      "type": "Feature",
      "properties": {
        "@id": "node/12888242069",
        "@relations": [
          {
            "role": "stop",
            "rel": 444651,
            "reltags": {
              "colour": "#65B724",
              "from": "Khu Khot",
              "name": "รถไฟฟ้าบีทีเอส สายสุขุมวิท (คูคต → เคหะ)",
              "name:en": "BTS Sukhumvit Line (Khu Khot → Kheha)",
              "name:ja": "BTSスクムウィット線（クーコット→ケーハー）",
              "name:th": "รถไฟฟ้าบีทีเอส สายสุขุมวิท (คูคต → เคหะ)",
              "network": "รถไฟฟ้าบีทีเอส",
              "network:en": "BTS Skytrain",
              "network:short": "BTS",
              "network:th": "รถไฟฟ้าบีทีเอส",
              "network:wikidata": "Q806501",
              "note": "I didn't include \"Last train route\" and \"Peak-only route\" into this \"Main route\".",
              "opening_hours": "Mo-Su 05:15-23:35",
              "operator": "ระบบขนส่งมวลชนกรุงเทพ",
              "operator:en": "Bangkok Mass Transit System;BTSC",
              "public_transport:version": "2",
              "ref": "สุขุมวิท",
              "route": "subway",
              "to": "Kheha",
              "type": "route",
              "website": "https://www.bts.co.th/service/timetable.html",
              "wikidata": "Q4921598",
              "wikipedia": "th:รถไฟฟ้าบีทีเอส สายสุขุมวิท"
            }
          }
        ]
      },
      "geometry": {
        "type": "Point",
        "coordinates": [
          100.5912483,
          13.7151891
        ]
      },
      "id": "node/12888242069"
    },
    {
      "type": "Feature",
      "properties": {
        "@id": "node/12888242117",
        "@relations": [
          {
            "role": "stop",
            "rel": 444651,
            "reltags": {
              "colour": "#65B724",
              "from": "Khu Khot",
              "name": "รถไฟฟ้าบีทีเอส สายสุขุมวิท (คูคต → เคหะ)",
              "name:en": "BTS Sukhumvit Line (Khu Khot → Kheha)",
              "name:ja": "BTSスクムウィット線（クーコット→ケーハー）",
              "name:th": "รถไฟฟ้าบีทีเอส สายสุขุมวิท (คูคต → เคหะ)",
              "network": "รถไฟฟ้าบีทีเอส",
              "network:en": "BTS Skytrain",
              "network:short": "BTS",
              "network:th": "รถไฟฟ้าบีทีเอส",
              "network:wikidata": "Q806501",
              "note": "I didn't include \"Last train route\" and \"Peak-only route\" into this \"Main route\".",
              "opening_hours": "Mo-Su 05:15-23:35",
              "operator": "ระบบขนส่งมวลชนกรุงเทพ",
              "operator:en": "Bangkok Mass Transit System;BTSC",
              "public_transport:version": "2",
              "ref": "สุขุมวิท",
              "route": "subway",
              "to": "Kheha",
              "type": "route",
              "website": "https://www.bts.co.th/service/timetable.html",
              "wikidata": "Q4921598",
              "wikipedia": "th:รถไฟฟ้าบีทีเอส สายสุขุมวิท"
            }
          }
        ]
      },
      "geometry": {
        "type": "Point",
        "coordinates": [
          100.6010231,
          13.7056321
        ]
      },
      "id": "node/12888242117"
    },
    {
      "type": "Feature",
      "properties": {
        "@id": "node/12888242136",
        "@relations": [
          {
            "role": "stop",
            "rel": 444651,
            "reltags": {
              "colour": "#65B724",
              "from": "Khu Khot",
              "name": "รถไฟฟ้าบีทีเอส สายสุขุมวิท (คูคต → เคหะ)",
              "name:en": "BTS Sukhumvit Line (Khu Khot → Kheha)",
              "name:ja": "BTSスクムウィット線（クーコット→ケーハー）",
              "name:th": "รถไฟฟ้าบีทีเอส สายสุขุมวิท (คูคต → เคหะ)",
              "network": "รถไฟฟ้าบีทีเอส",
              "network:en": "BTS Skytrain",
              "network:short": "BTS",
              "network:th": "รถไฟฟ้าบีทีเอส",
              "network:wikidata": "Q806501",
              "note": "I didn't include \"Last train route\" and \"Peak-only route\" into this \"Main route\".",
              "opening_hours": "Mo-Su 05:15-23:35",
              "operator": "ระบบขนส่งมวลชนกรุงเทพ",
              "operator:en": "Bangkok Mass Transit System;BTSC",
              "public_transport:version": "2",
              "ref": "สุขุมวิท",
              "route": "subway",
              "to": "Kheha",
              "type": "route",
              "website": "https://www.bts.co.th/service/timetable.html",
              "wikidata": "Q4921598",
              "wikipedia": "th:รถไฟฟ้าบีทีเอส สายสุขุมวิท"
            }
          }
        ]
      },
      "geometry": {
        "type": "Point",
        "coordinates": [
          100.605357,
          13.6967721
        ]
      },
      "id": "node/12888242136"
    },
    {
      "type": "Feature",
      "properties": {
        "@id": "node/12888242158",
        "@relations": [
          {
            "role": "stop",
            "rel": 444651,
            "reltags": {
              "colour": "#65B724",
              "from": "Khu Khot",
              "name": "รถไฟฟ้าบีทีเอส สายสุขุมวิท (คูคต → เคหะ)",
              "name:en": "BTS Sukhumvit Line (Khu Khot → Kheha)",
              "name:ja": "BTSスクムウィット線（クーコット→ケーハー）",
              "name:th": "รถไฟฟ้าบีทีเอส สายสุขุมวิท (คูคต → เคหะ)",
              "network": "รถไฟฟ้าบีทีเอส",
              "network:en": "BTS Skytrain",
              "network:short": "BTS",
              "network:th": "รถไฟฟ้าบีทีเอส",
              "network:wikidata": "Q806501",
              "note": "I didn't include \"Last train route\" and \"Peak-only route\" into this \"Main route\".",
              "opening_hours": "Mo-Su 05:15-23:35",
              "operator": "ระบบขนส่งมวลชนกรุงเทพ",
              "operator:en": "Bangkok Mass Transit System;BTSC",
              "public_transport:version": "2",
              "ref": "สุขุมวิท",
              "route": "subway",
              "to": "Kheha",
              "type": "route",
              "website": "https://www.bts.co.th/service/timetable.html",
              "wikidata": "Q4921598",
              "wikipedia": "th:รถไฟฟ้าบีทีเอส สายสุขุมวิท"
            }
          }
        ]
      },
      "geometry": {
        "type": "Point",
        "coordinates": [
          100.6090144,
          13.6892886
        ]
      },
      "id": "node/12888242158"
    },
    {
      "type": "Feature",
      "properties": {
        "@id": "node/12888242301",
        "@relations": [
          {
            "role": "stop",
            "rel": 444651,
            "reltags": {
              "colour": "#65B724",
              "from": "Khu Khot",
              "name": "รถไฟฟ้าบีทีเอส สายสุขุมวิท (คูคต → เคหะ)",
              "name:en": "BTS Sukhumvit Line (Khu Khot → Kheha)",
              "name:ja": "BTSスクムウィット線（クーコット→ケーハー）",
              "name:th": "รถไฟฟ้าบีทีเอส สายสุขุมวิท (คูคต → เคหะ)",
              "network": "รถไฟฟ้าบีทีเอส",
              "network:en": "BTS Skytrain",
              "network:short": "BTS",
              "network:th": "รถไฟฟ้าบีทีเอส",
              "network:wikidata": "Q806501",
              "note": "I didn't include \"Last train route\" and \"Peak-only route\" into this \"Main route\".",
              "opening_hours": "Mo-Su 05:15-23:35",
              "operator": "ระบบขนส่งมวลชนกรุงเทพ",
              "operator:en": "Bangkok Mass Transit System;BTSC",
              "public_transport:version": "2",
              "ref": "สุขุมวิท",
              "route": "subway",
              "to": "Kheha",
              "type": "route",
              "website": "https://www.bts.co.th/service/timetable.html",
              "wikidata": "Q4921598",
              "wikipedia": "th:รถไฟฟ้าบีทีเอส สายสุขุมวิท"
            }
          }
        ]
      },
      "geometry": {
        "type": "Point",
        "coordinates": [
          100.6018252,
          13.6611796
        ]
      },
      "id": "node/12888242301"
    },
    {
      "type": "Feature",
      "properties": {
        "@id": "node/4774928037",
        "@relations": [
          {
            "role": "stop",
            "rel": 444651,
            "reltags": {
              "colour": "#65B724",
              "from": "Khu Khot",
              "name": "รถไฟฟ้าบีทีเอส สายสุขุมวิท (คูคต → เคหะ)",
              "name:en": "BTS Sukhumvit Line (Khu Khot → Kheha)",
              "name:ja": "BTSスクムウィット線（クーコット→ケーハー）",
              "name:th": "รถไฟฟ้าบีทีเอส สายสุขุมวิท (คูคต → เคหะ)",
              "network": "รถไฟฟ้าบีทีเอส",
              "network:en": "BTS Skytrain",
              "network:short": "BTS",
              "network:th": "รถไฟฟ้าบีทีเอส",
              "network:wikidata": "Q806501",
              "note": "I didn't include \"Last train route\" and \"Peak-only route\" into this \"Main route\".",
              "opening_hours": "Mo-Su 05:15-23:35",
              "operator": "ระบบขนส่งมวลชนกรุงเทพ",
              "operator:en": "Bangkok Mass Transit System;BTSC",
              "public_transport:version": "2",
              "ref": "สุขุมวิท",
              "route": "subway",
              "to": "Kheha",
              "type": "route",
              "website": "https://www.bts.co.th/service/timetable.html",
              "wikidata": "Q4921598",
              "wikipedia": "th:รถไฟฟ้าบีทีเอส สายสุขุมวิท"
            }
          }
        ]
      },
      "geometry": {
        "type": "Point",
        "coordinates": [
          100.5958545,
          13.6464702
        ]
      },
      "id": "node/4774928037"
    },
    {
      "type": "Feature",
      "properties": {
        "@id": "node/12888242344",
        "@relations": [
          {
            "role": "stop",
            "rel": 444651,
            "reltags": {
              "colour": "#65B724",
              "from": "Khu Khot",
              "name": "รถไฟฟ้าบีทีเอส สายสุขุมวิท (คูคต → เคหะ)",
              "name:en": "BTS Sukhumvit Line (Khu Khot → Kheha)",
              "name:ja": "BTSスクムウィット線（クーコット→ケーハー）",
              "name:th": "รถไฟฟ้าบีทีเอส สายสุขุมวิท (คูคต → เคหะ)",
              "network": "รถไฟฟ้าบีทีเอส",
              "network:en": "BTS Skytrain",
              "network:short": "BTS",
              "network:th": "รถไฟฟ้าบีทีเอส",
              "network:wikidata": "Q806501",
              "note": "I didn't include \"Last train route\" and \"Peak-only route\" into this \"Main route\".",
              "opening_hours": "Mo-Su 05:15-23:35",
              "operator": "ระบบขนส่งมวลชนกรุงเทพ",
              "operator:en": "Bangkok Mass Transit System;BTSC",
              "public_transport:version": "2",
              "ref": "สุขุมวิท",
              "route": "subway",
              "to": "Kheha",
              "type": "route",
              "website": "https://www.bts.co.th/service/timetable.html",
              "wikidata": "Q4921598",
              "wikipedia": "th:รถไฟฟ้าบีทีเอส สายสุขุมวิท"
            }
          }
        ]
      },
      "geometry": {
        "type": "Point",
        "coordinates": [
          100.5920269,
          13.6372738
        ]
      },
      "id": "node/12888242344"
    },
    {
      "type": "Feature",
      "properties": {
        "@id": "node/6123597368",
        "@relations": [
          {
            "role": "stop",
            "rel": 444651,
            "reltags": {
              "colour": "#65B724",
              "from": "Khu Khot",
              "name": "รถไฟฟ้าบีทีเอส สายสุขุมวิท (คูคต → เคหะ)",
              "name:en": "BTS Sukhumvit Line (Khu Khot → Kheha)",
              "name:ja": "BTSスクムウィット線（クーコット→ケーハー）",
              "name:th": "รถไฟฟ้าบีทีเอส สายสุขุมวิท (คูคต → เคหะ)",
              "network": "รถไฟฟ้าบีทีเอส",
              "network:en": "BTS Skytrain",
              "network:short": "BTS",
              "network:th": "รถไฟฟ้าบีทีเอส",
              "network:wikidata": "Q806501",
              "note": "I didn't include \"Last train route\" and \"Peak-only route\" into this \"Main route\".",
              "opening_hours": "Mo-Su 05:15-23:35",
              "operator": "ระบบขนส่งมวลชนกรุงเทพ",
              "operator:en": "Bangkok Mass Transit System;BTSC",
              "public_transport:version": "2",
              "ref": "สุขุมวิท",
              "route": "subway",
              "to": "Kheha",
              "type": "route",
              "website": "https://www.bts.co.th/service/timetable.html",
              "wikidata": "Q4921598",
              "wikipedia": "th:รถไฟฟ้าบีทีเอส สายสุขุมวิท"
            }
          },
          {
            "role": "stop",
            "rel": 7989376,
            "reltags": {
              "colour": "#65B724",
              "from": "Kheha",
              "name": "รถไฟฟ้าบีทีเอส สายสุขุมวิท (เคหะ → คูคต)",
              "name:en": "BTS Sukhumvit Line (Kheha → Khu Khot)",
              "name:ja": "BTSスクムウィット線（クーコット→ケーハー）",
              "name:th": "รถไฟฟ้าบีทีเอส สายสุขุมวิท (เคหะ → คูคต)",
              "network": "รถไฟฟ้าบีทีเอส",
              "network:en": "BTS Skytrain",
              "network:short": "BTS",
              "network:th": "รถไฟฟ้าบีทีเอส",
              "network:wikidata": "Q806501",
              "note": "I didn't include \"Last train route\" and \"Peak-only route\" into this \"Main route\".",
              "opening_hours": "Mo-Su 05:15-23:43",
              "operator": "ระบบขนส่งมวลชนกรุงเทพ",
              "operator:en": "Bangkok Mass Transit System;BTSC",
              "public_transport:version": "2",
              "ref": "สุขุมวิท",
              "route": "subway",
              "to": "Khu Khot",
              "type": "route",
              "website": "https://www.bts.co.th/service/timetable.html",
              "wikidata": "Q4921598",
              "wikipedia": "th:รถไฟฟ้าบีทีเอส สายสุขุมวิท"
            }
          }
        ]
      },
      "geometry": {
        "type": "Point",
        "coordinates": [
          100.5901612,
          13.621541
        ]
      },
      "id": "node/6123597368"
    },
    {
      "type": "Feature",
      "properties": {
        "@id": "node/6123597369",
        "@relations": [
          {
            "role": "stop",
            "rel": 444651,
            "reltags": {
              "colour": "#65B724",
              "from": "Khu Khot",
              "name": "รถไฟฟ้าบีทีเอส สายสุขุมวิท (คูคต → เคหะ)",
              "name:en": "BTS Sukhumvit Line (Khu Khot → Kheha)",
              "name:ja": "BTSスクムウィット線（クーコット→ケーハー）",
              "name:th": "รถไฟฟ้าบีทีเอส สายสุขุมวิท (คูคต → เคหะ)",
              "network": "รถไฟฟ้าบีทีเอส",
              "network:en": "BTS Skytrain",
              "network:short": "BTS",
              "network:th": "รถไฟฟ้าบีทีเอส",
              "network:wikidata": "Q806501",
              "note": "I didn't include \"Last train route\" and \"Peak-only route\" into this \"Main route\".",
              "opening_hours": "Mo-Su 05:15-23:35",
              "operator": "ระบบขนส่งมวลชนกรุงเทพ",
              "operator:en": "Bangkok Mass Transit System;BTSC",
              "public_transport:version": "2",
              "ref": "สุขุมวิท",
              "route": "subway",
              "to": "Kheha",
              "type": "route",
              "website": "https://www.bts.co.th/service/timetable.html",
              "wikidata": "Q4921598",
              "wikipedia": "th:รถไฟฟ้าบีทีเอส สายสุขุมวิท"
            }
          },
          {
            "role": "stop",
            "rel": 7989376,
            "reltags": {
              "colour": "#65B724",
              "from": "Kheha",
              "name": "รถไฟฟ้าบีทีเอส สายสุขุมวิท (เคหะ → คูคต)",
              "name:en": "BTS Sukhumvit Line (Kheha → Khu Khot)",
              "name:ja": "BTSスクムウィット線（クーコット→ケーハー）",
              "name:th": "รถไฟฟ้าบีทีเอส สายสุขุมวิท (เคหะ → คูคต)",
              "network": "รถไฟฟ้าบีทีเอส",
              "network:en": "BTS Skytrain",
              "network:short": "BTS",
              "network:th": "รถไฟฟ้าบีทีเอส",
              "network:wikidata": "Q806501",
              "note": "I didn't include \"Last train route\" and \"Peak-only route\" into this \"Main route\".",
              "opening_hours": "Mo-Su 05:15-23:43",
              "operator": "ระบบขนส่งมวลชนกรุงเทพ",
              "operator:en": "Bangkok Mass Transit System;BTSC",
              "public_transport:version": "2",
              "ref": "สุขุมวิท",
              "route": "subway",
              "to": "Khu Khot",
              "type": "route",
              "website": "https://www.bts.co.th/service/timetable.html",
              "wikidata": "Q4921598",
              "wikipedia": "th:รถไฟฟ้าบีทีเอส สายสุขุมวิท"
            }
          }
        ]
      },
      "geometry": {
        "type": "Point",
        "coordinates": [
          100.5949399,
          13.6084332
        ]
      },
      "id": "node/6123597369"
    },
    {
      "type": "Feature",
      "properties": {
        "@id": "node/6123597370",
        "@relations": [
          {
            "role": "stop",
            "rel": 444651,
            "reltags": {
              "colour": "#65B724",
              "from": "Khu Khot",
              "name": "รถไฟฟ้าบีทีเอส สายสุขุมวิท (คูคต → เคหะ)",
              "name:en": "BTS Sukhumvit Line (Khu Khot → Kheha)",
              "name:ja": "BTSスクムウィット線（クーコット→ケーハー）",
              "name:th": "รถไฟฟ้าบีทีเอส สายสุขุมวิท (คูคต → เคหะ)",
              "network": "รถไฟฟ้าบีทีเอส",
              "network:en": "BTS Skytrain",
              "network:short": "BTS",
              "network:th": "รถไฟฟ้าบีทีเอส",
              "network:wikidata": "Q806501",
              "note": "I didn't include \"Last train route\" and \"Peak-only route\" into this \"Main route\".",
              "opening_hours": "Mo-Su 05:15-23:35",
              "operator": "ระบบขนส่งมวลชนกรุงเทพ",
              "operator:en": "Bangkok Mass Transit System;BTSC",
              "public_transport:version": "2",
              "ref": "สุขุมวิท",
              "route": "subway",
              "to": "Kheha",
              "type": "route",
              "website": "https://www.bts.co.th/service/timetable.html",
              "wikidata": "Q4921598",
              "wikipedia": "th:รถไฟฟ้าบีทีเอส สายสุขุมวิท"
            }
          },
          {
            "role": "stop",
            "rel": 7989376,
            "reltags": {
              "colour": "#65B724",
              "from": "Kheha",
              "name": "รถไฟฟ้าบีทีเอส สายสุขุมวิท (เคหะ → คูคต)",
              "name:en": "BTS Sukhumvit Line (Kheha → Khu Khot)",
              "name:ja": "BTSスクムウィット線（クーコット→ケーハー）",
              "name:th": "รถไฟฟ้าบีทีเอส สายสุขุมวิท (เคหะ → คูคต)",
              "network": "รถไฟฟ้าบีทีเอส",
              "network:en": "BTS Skytrain",
              "network:short": "BTS",
              "network:th": "รถไฟฟ้าบีทีเอส",
              "network:wikidata": "Q806501",
              "note": "I didn't include \"Last train route\" and \"Peak-only route\" into this \"Main route\".",
              "opening_hours": "Mo-Su 05:15-23:43",
              "operator": "ระบบขนส่งมวลชนกรุงเทพ",
              "operator:en": "Bangkok Mass Transit System;BTSC",
              "public_transport:version": "2",
              "ref": "สุขุมวิท",
              "route": "subway",
              "to": "Khu Khot",
              "type": "route",
              "website": "https://www.bts.co.th/service/timetable.html",
              "wikidata": "Q4921598",
              "wikipedia": "th:รถไฟฟ้าบีทีเอส สายสุขุมวิท"
            }
          }
        ]
      },
      "geometry": {
        "type": "Point",
        "coordinates": [
          100.5971365,
          13.602095
        ]
      },
      "id": "node/6123597370"
    },
    {
      "type": "Feature",
      "properties": {
        "@id": "node/6123597371",
        "@relations": [
          {
            "role": "stop",
            "rel": 444651,
            "reltags": {
              "colour": "#65B724",
              "from": "Khu Khot",
              "name": "รถไฟฟ้าบีทีเอส สายสุขุมวิท (คูคต → เคหะ)",
              "name:en": "BTS Sukhumvit Line (Khu Khot → Kheha)",
              "name:ja": "BTSスクムウィット線（クーコット→ケーハー）",
              "name:th": "รถไฟฟ้าบีทีเอส สายสุขุมวิท (คูคต → เคหะ)",
              "network": "รถไฟฟ้าบีทีเอส",
              "network:en": "BTS Skytrain",
              "network:short": "BTS",
              "network:th": "รถไฟฟ้าบีทีเอส",
              "network:wikidata": "Q806501",
              "note": "I didn't include \"Last train route\" and \"Peak-only route\" into this \"Main route\".",
              "opening_hours": "Mo-Su 05:15-23:35",
              "operator": "ระบบขนส่งมวลชนกรุงเทพ",
              "operator:en": "Bangkok Mass Transit System;BTSC",
              "public_transport:version": "2",
              "ref": "สุขุมวิท",
              "route": "subway",
              "to": "Kheha",
              "type": "route",
              "website": "https://www.bts.co.th/service/timetable.html",
              "wikidata": "Q4921598",
              "wikipedia": "th:รถไฟฟ้าบีทีเอส สายสุขุมวิท"
            }
          },
          {
            "role": "stop",
            "rel": 7989376,
            "reltags": {
              "colour": "#65B724",
              "from": "Kheha",
              "name": "รถไฟฟ้าบีทีเอส สายสุขุมวิท (เคหะ → คูคต)",
              "name:en": "BTS Sukhumvit Line (Kheha → Khu Khot)",
              "name:ja": "BTSスクムウィット線（クーコット→ケーハー）",
              "name:th": "รถไฟฟ้าบีทีเอส สายสุขุมวิท (เคหะ → คูคต)",
              "network": "รถไฟฟ้าบีทีเอส",
              "network:en": "BTS Skytrain",
              "network:short": "BTS",
              "network:th": "รถไฟฟ้าบีทีเอส",
              "network:wikidata": "Q806501",
              "note": "I didn't include \"Last train route\" and \"Peak-only route\" into this \"Main route\".",
              "opening_hours": "Mo-Su 05:15-23:43",
              "operator": "ระบบขนส่งมวลชนกรุงเทพ",
              "operator:en": "Bangkok Mass Transit System;BTSC",
              "public_transport:version": "2",
              "ref": "สุขุมวิท",
              "route": "subway",
              "to": "Khu Khot",
              "type": "route",
              "website": "https://www.bts.co.th/service/timetable.html",
              "wikidata": "Q4921598",
              "wikipedia": "th:รถไฟฟ้าบีทีเอส สายสุขุมวิท"
            }
          }
        ]
      },
      "geometry": {
        "type": "Point",
        "coordinates": [
          100.6089847,
          13.5920178
        ]
      },
      "id": "node/6123597371"
    },
    {
      "type": "Feature",
      "properties": {
        "@id": "node/6123597372",
        "@relations": [
          {
            "role": "stop",
            "rel": 444651,
            "reltags": {
              "colour": "#65B724",
              "from": "Khu Khot",
              "name": "รถไฟฟ้าบีทีเอส สายสุขุมวิท (คูคต → เคหะ)",
              "name:en": "BTS Sukhumvit Line (Khu Khot → Kheha)",
              "name:ja": "BTSスクムウィット線（クーコット→ケーハー）",
              "name:th": "รถไฟฟ้าบีทีเอส สายสุขุมวิท (คูคต → เคหะ)",
              "network": "รถไฟฟ้าบีทีเอส",
              "network:en": "BTS Skytrain",
              "network:short": "BTS",
              "network:th": "รถไฟฟ้าบีทีเอส",
              "network:wikidata": "Q806501",
              "note": "I didn't include \"Last train route\" and \"Peak-only route\" into this \"Main route\".",
              "opening_hours": "Mo-Su 05:15-23:35",
              "operator": "ระบบขนส่งมวลชนกรุงเทพ",
              "operator:en": "Bangkok Mass Transit System;BTSC",
              "public_transport:version": "2",
              "ref": "สุขุมวิท",
              "route": "subway",
              "to": "Kheha",
              "type": "route",
              "website": "https://www.bts.co.th/service/timetable.html",
              "wikidata": "Q4921598",
              "wikipedia": "th:รถไฟฟ้าบีทีเอส สายสุขุมวิท"
            }
          },
          {
            "role": "stop",
            "rel": 7989376,
            "reltags": {
              "colour": "#65B724",
              "from": "Kheha",
              "name": "รถไฟฟ้าบีทีเอส สายสุขุมวิท (เคหะ → คูคต)",
              "name:en": "BTS Sukhumvit Line (Kheha → Khu Khot)",
              "name:ja": "BTSスクムウィット線（クーコット→ケーハー）",
              "name:th": "รถไฟฟ้าบีทีเอส สายสุขุมวิท (เคหะ → คูคต)",
              "network": "รถไฟฟ้าบีทีเอส",
              "network:en": "BTS Skytrain",
              "network:short": "BTS",
              "network:th": "รถไฟฟ้าบีทีเอส",
              "network:wikidata": "Q806501",
              "note": "I didn't include \"Last train route\" and \"Peak-only route\" into this \"Main route\".",
              "opening_hours": "Mo-Su 05:15-23:43",
              "operator": "ระบบขนส่งมวลชนกรุงเทพ",
              "operator:en": "Bangkok Mass Transit System;BTSC",
              "public_transport:version": "2",
              "ref": "สุขุมวิท",
              "route": "subway",
              "to": "Khu Khot",
              "type": "route",
              "website": "https://www.bts.co.th/service/timetable.html",
              "wikidata": "Q4921598",
              "wikipedia": "th:รถไฟฟ้าบีทีเอส สายสุขุมวิท"
            }
          }
        ]
      },
      "geometry": {
        "type": "Point",
        "coordinates": [
          100.6078612,
          13.5842345
        ]
      },
      "id": "node/6123597372"
    },
    {
      "type": "Feature",
      "properties": {
        "@id": "node/6123597373",
        "@relations": [
          {
            "role": "stop",
            "rel": 444651,
            "reltags": {
              "colour": "#65B724",
              "from": "Khu Khot",
              "name": "รถไฟฟ้าบีทีเอส สายสุขุมวิท (คูคต → เคหะ)",
              "name:en": "BTS Sukhumvit Line (Khu Khot → Kheha)",
              "name:ja": "BTSスクムウィット線（クーコット→ケーハー）",
              "name:th": "รถไฟฟ้าบีทีเอส สายสุขุมวิท (คูคต → เคหะ)",
              "network": "รถไฟฟ้าบีทีเอส",
              "network:en": "BTS Skytrain",
              "network:short": "BTS",
              "network:th": "รถไฟฟ้าบีทีเอส",
              "network:wikidata": "Q806501",
              "note": "I didn't include \"Last train route\" and \"Peak-only route\" into this \"Main route\".",
              "opening_hours": "Mo-Su 05:15-23:35",
              "operator": "ระบบขนส่งมวลชนกรุงเทพ",
              "operator:en": "Bangkok Mass Transit System;BTSC",
              "public_transport:version": "2",
              "ref": "สุขุมวิท",
              "route": "subway",
              "to": "Kheha",
              "type": "route",
              "website": "https://www.bts.co.th/service/timetable.html",
              "wikidata": "Q4921598",
              "wikipedia": "th:รถไฟฟ้าบีทีเอส สายสุขุมวิท"
            }
          },
          {
            "role": "stop",
            "rel": 7989376,
            "reltags": {
              "colour": "#65B724",
              "from": "Kheha",
              "name": "รถไฟฟ้าบีทีเอส สายสุขุมวิท (เคหะ → คูคต)",
              "name:en": "BTS Sukhumvit Line (Kheha → Khu Khot)",
              "name:ja": "BTSスクムウィット線（クーコット→ケーハー）",
              "name:th": "รถไฟฟ้าบีทีเอส สายสุขุมวิท (เคหะ → คูคต)",
              "network": "รถไฟฟ้าบีทีเอส",
              "network:en": "BTS Skytrain",
              "network:short": "BTS",
              "network:th": "รถไฟฟ้าบีทีเอส",
              "network:wikidata": "Q806501",
              "note": "I didn't include \"Last train route\" and \"Peak-only route\" into this \"Main route\".",
              "opening_hours": "Mo-Su 05:15-23:43",
              "operator": "ระบบขนส่งมวลชนกรุงเทพ",
              "operator:en": "Bangkok Mass Transit System;BTSC",
              "public_transport:version": "2",
              "ref": "สุขุมวิท",
              "route": "subway",
              "to": "Khu Khot",
              "type": "route",
              "website": "https://www.bts.co.th/service/timetable.html",
              "wikidata": "Q4921598",
              "wikipedia": "th:รถไฟฟ้าบีทีเอส สายสุขุมวิท"
            }
          }
        ]
      },
      "geometry": {
        "type": "Point",
        "coordinates": [
          100.6054668,
          13.5778721
        ]
      },
      "id": "node/6123597373"
    },
    {
      "type": "Feature",
      "properties": {
        "@id": "node/6123597374",
        "@relations": [
          {
            "role": "stop",
            "rel": 444651,
            "reltags": {
              "colour": "#65B724",
              "from": "Khu Khot",
              "name": "รถไฟฟ้าบีทีเอส สายสุขุมวิท (คูคต → เคหะ)",
              "name:en": "BTS Sukhumvit Line (Khu Khot → Kheha)",
              "name:ja": "BTSスクムウィット線（クーコット→ケーハー）",
              "name:th": "รถไฟฟ้าบีทีเอส สายสุขุมวิท (คูคต → เคหะ)",
              "network": "รถไฟฟ้าบีทีเอส",
              "network:en": "BTS Skytrain",
              "network:short": "BTS",
              "network:th": "รถไฟฟ้าบีทีเอส",
              "network:wikidata": "Q806501",
              "note": "I didn't include \"Last train route\" and \"Peak-only route\" into this \"Main route\".",
              "opening_hours": "Mo-Su 05:15-23:35",
              "operator": "ระบบขนส่งมวลชนกรุงเทพ",
              "operator:en": "Bangkok Mass Transit System;BTSC",
              "public_transport:version": "2",
              "ref": "สุขุมวิท",
              "route": "subway",
              "to": "Kheha",
              "type": "route",
              "website": "https://www.bts.co.th/service/timetable.html",
              "wikidata": "Q4921598",
              "wikipedia": "th:รถไฟฟ้าบีทีเอส สายสุขุมวิท"
            }
          },
          {
            "role": "stop",
            "rel": 7989376,
            "reltags": {
              "colour": "#65B724",
              "from": "Kheha",
              "name": "รถไฟฟ้าบีทีเอส สายสุขุมวิท (เคหะ → คูคต)",
              "name:en": "BTS Sukhumvit Line (Kheha → Khu Khot)",
              "name:ja": "BTSスクムウィット線（クーコット→ケーハー）",
              "name:th": "รถไฟฟ้าบีทีเอส สายสุขุมวิท (เคหะ → คูคต)",
              "network": "รถไฟฟ้าบีทีเอส",
              "network:en": "BTS Skytrain",
              "network:short": "BTS",
              "network:th": "รถไฟฟ้าบีทีเอส",
              "network:wikidata": "Q806501",
              "note": "I didn't include \"Last train route\" and \"Peak-only route\" into this \"Main route\".",
              "opening_hours": "Mo-Su 05:15-23:43",
              "operator": "ระบบขนส่งมวลชนกรุงเทพ",
              "operator:en": "Bangkok Mass Transit System;BTSC",
              "public_transport:version": "2",
              "ref": "สุขุมวิท",
              "route": "subway",
              "to": "Khu Khot",
              "type": "route",
              "website": "https://www.bts.co.th/service/timetable.html",
              "wikidata": "Q4921598",
              "wikipedia": "th:รถไฟฟ้าบีทีเอส สายสุขุมวิท"
            }
          }
        ]
      },
      "geometry": {
        "type": "Point",
        "coordinates": [
          100.6077264,
          13.5677061
        ]
      },
      "id": "node/6123597374"
    },
    {
      "type": "Feature",
      "properties": {
        "@id": "node/8446348865",
        "@relations": [
          {
            "role": "stop",
            "rel": 444659,
            "reltags": {
              "colour": "#1E398D",
              "from": "ท่าพระ",
              "name": "รถไฟฟ้ามหานคร สายสีน้ำเงิน",
              "name:en": "MRT Blue Line (Tha Phra → Lak Song)",
              "name:th": "รถไฟฟ้ามหานครสายสีน้ำเงิน",
              "name:zh": "曼谷地铁蓝线",
              "network": "Metropolitan Rapid Transit",
              "network:short": "MRT",
              "network:wikidata": "Q806485",
              "operator": "Bangkok Expressway and Metro Public Company Limited",
              "public_transport:version": "2",
              "ref": "MRT-BL",
              "route": "subway",
              "to": "หลักสอง",
              "type": "route",
              "wikidata": "Q2486364",
              "wikipedia": "th:รถไฟฟ้ามหานคร สายสีน้ำเงิน"
            }
          }
        ]
      },
      "geometry": {
        "type": "Point",
        "coordinates": [
          100.4739662,
          13.7296093
        ]
      },
      "id": "node/8446348865"
    },
    {
      "type": "Feature",
      "properties": {
        "@id": "node/12800399150",
        "@relations": [
          {
            "role": "stop",
            "rel": 444659,
            "reltags": {
              "colour": "#1E398D",
              "from": "ท่าพระ",
              "name": "รถไฟฟ้ามหานคร สายสีน้ำเงิน",
              "name:en": "MRT Blue Line (Tha Phra → Lak Song)",
              "name:th": "รถไฟฟ้ามหานครสายสีน้ำเงิน",
              "name:zh": "曼谷地铁蓝线",
              "network": "Metropolitan Rapid Transit",
              "network:short": "MRT",
              "network:wikidata": "Q806485",
              "operator": "Bangkok Expressway and Metro Public Company Limited",
              "public_transport:version": "2",
              "ref": "MRT-BL",
              "route": "subway",
              "to": "หลักสอง",
              "type": "route",
              "wikidata": "Q2486364",
              "wikipedia": "th:รถไฟฟ้ามหานคร สายสีน้ำเงิน"
            }
          }
        ]
      },
      "geometry": {
        "type": "Point",
        "coordinates": [
          100.470688,
          13.7401792
        ]
      },
      "id": "node/12800399150"
    },
    {
      "type": "Feature",
      "properties": {
        "@id": "node/12800399154",
        "@relations": [
          {
            "role": "stop",
            "rel": 444659,
            "reltags": {
              "colour": "#1E398D",
              "from": "ท่าพระ",
              "name": "รถไฟฟ้ามหานคร สายสีน้ำเงิน",
              "name:en": "MRT Blue Line (Tha Phra → Lak Song)",
              "name:th": "รถไฟฟ้ามหานครสายสีน้ำเงิน",
              "name:zh": "曼谷地铁蓝线",
              "network": "Metropolitan Rapid Transit",
              "network:short": "MRT",
              "network:wikidata": "Q806485",
              "operator": "Bangkok Expressway and Metro Public Company Limited",
              "public_transport:version": "2",
              "ref": "MRT-BL",
              "route": "subway",
              "to": "หลักสอง",
              "type": "route",
              "wikidata": "Q2486364",
              "wikipedia": "th:รถไฟฟ้ามหานคร สายสีน้ำเงิน"
            }
          }
        ]
      },
      "geometry": {
        "type": "Point",
        "coordinates": [
          100.4692992,
          13.755796
        ]
      },
      "id": "node/12800399154"
    },
    {
      "type": "Feature",
      "properties": {
        "@id": "node/12800442507",
        "@relations": [
          {
            "role": "stop",
            "rel": 444659,
            "reltags": {
              "colour": "#1E398D",
              "from": "ท่าพระ",
              "name": "รถไฟฟ้ามหานคร สายสีน้ำเงิน",
              "name:en": "MRT Blue Line (Tha Phra → Lak Song)",
              "name:th": "รถไฟฟ้ามหานครสายสีน้ำเงิน",
              "name:zh": "曼谷地铁蓝线",
              "network": "Metropolitan Rapid Transit",
              "network:short": "MRT",
              "network:wikidata": "Q806485",
              "operator": "Bangkok Expressway and Metro Public Company Limited",
              "public_transport:version": "2",
              "ref": "MRT-BL",
              "route": "subway",
              "to": "หลักสอง",
              "type": "route",
              "wikidata": "Q2486364",
              "wikipedia": "th:รถไฟฟ้ามหานคร สายสีน้ำเงิน"
            }
          }
        ]
      },
      "geometry": {
        "type": "Point",
        "coordinates": [
          100.4732739,
          13.7633437
        ]
      },
      "id": "node/12800442507"
    },
    {
      "type": "Feature",
      "properties": {
        "@id": "node/12800442510",
        "@relations": [
          {
            "role": "stop",
            "rel": 444659,
            "reltags": {
              "colour": "#1E398D",
              "from": "ท่าพระ",
              "name": "รถไฟฟ้ามหานคร สายสีน้ำเงิน",
              "name:en": "MRT Blue Line (Tha Phra → Lak Song)",
              "name:th": "รถไฟฟ้ามหานครสายสีน้ำเงิน",
              "name:zh": "曼谷地铁蓝线",
              "network": "Metropolitan Rapid Transit",
              "network:short": "MRT",
              "network:wikidata": "Q806485",
              "operator": "Bangkok Expressway and Metro Public Company Limited",
              "public_transport:version": "2",
              "ref": "MRT-BL",
              "route": "subway",
              "to": "หลักสอง",
              "type": "route",
              "wikidata": "Q2486364",
              "wikipedia": "th:รถไฟฟ้ามหานคร สายสีน้ำเงิน"
            }
          }
        ]
      },
      "geometry": {
        "type": "Point",
        "coordinates": [
          100.4852308,
          13.7774131
        ]
      },
      "id": "node/12800442510"
    },
    {
      "type": "Feature",
      "properties": {
        "@id": "node/12800442536",
        "@relations": [
          {
            "role": "stop",
            "rel": 444659,
            "reltags": {
              "colour": "#1E398D",
              "from": "ท่าพระ",
              "name": "รถไฟฟ้ามหานคร สายสีน้ำเงิน",
              "name:en": "MRT Blue Line (Tha Phra → Lak Song)",
              "name:th": "รถไฟฟ้ามหานครสายสีน้ำเงิน",
              "name:zh": "曼谷地铁蓝线",
              "network": "Metropolitan Rapid Transit",
              "network:short": "MRT",
              "network:wikidata": "Q806485",
              "operator": "Bangkok Expressway and Metro Public Company Limited",
              "public_transport:version": "2",
              "ref": "MRT-BL",
              "route": "subway",
              "to": "หลักสอง",
              "type": "route",
              "wikidata": "Q2486364",
              "wikipedia": "th:รถไฟฟ้ามหานคร สายสีน้ำเงิน"
            }
          }
        ]
      },
      "geometry": {
        "type": "Point",
        "coordinates": [
          100.4933056,
          13.7838927
        ]
      },
      "id": "node/12800442536"
    },
    {
      "type": "Feature",
      "properties": {
        "@id": "node/12800442590",
        "@relations": [
          {
            "role": "stop",
            "rel": 444659,
            "reltags": {
              "colour": "#1E398D",
              "from": "ท่าพระ",
              "name": "รถไฟฟ้ามหานคร สายสีน้ำเงิน",
              "name:en": "MRT Blue Line (Tha Phra → Lak Song)",
              "name:th": "รถไฟฟ้ามหานครสายสีน้ำเงิน",
              "name:zh": "曼谷地铁蓝线",
              "network": "Metropolitan Rapid Transit",
              "network:short": "MRT",
              "network:wikidata": "Q806485",
              "operator": "Bangkok Expressway and Metro Public Company Limited",
              "public_transport:version": "2",
              "ref": "MRT-BL",
              "route": "subway",
              "to": "หลักสอง",
              "type": "route",
              "wikidata": "Q2486364",
              "wikipedia": "th:รถไฟฟ้ามหานคร สายสีน้ำเงิน"
            }
          }
        ]
      },
      "geometry": {
        "type": "Point",
        "coordinates": [
          100.5048593,
          13.7924196
        ]
      },
      "id": "node/12800442590"
    },
    {
      "type": "Feature",
      "properties": {
        "@id": "node/12800442598",
        "@relations": [
          {
            "role": "stop",
            "rel": 444659,
            "reltags": {
              "colour": "#1E398D",
              "from": "ท่าพระ",
              "name": "รถไฟฟ้ามหานคร สายสีน้ำเงิน",
              "name:en": "MRT Blue Line (Tha Phra → Lak Song)",
              "name:th": "รถไฟฟ้ามหานครสายสีน้ำเงิน",
              "name:zh": "曼谷地铁蓝线",
              "network": "Metropolitan Rapid Transit",
              "network:short": "MRT",
              "network:wikidata": "Q806485",
              "operator": "Bangkok Expressway and Metro Public Company Limited",
              "public_transport:version": "2",
              "ref": "MRT-BL",
              "route": "subway",
              "to": "หลักสอง",
              "type": "route",
              "wikidata": "Q2486364",
              "wikipedia": "th:รถไฟฟ้ามหานคร สายสีน้ำเงิน"
            }
          }
        ]
      },
      "geometry": {
        "type": "Point",
        "coordinates": [
          100.5097597,
          13.7990007
        ]
      },
      "id": "node/12800442598"
    },
    {
      "type": "Feature",
      "properties": {
        "@id": "node/12803915083",
        "@relations": [
          {
            "role": "stop",
            "rel": 444659,
            "reltags": {
              "colour": "#1E398D",
              "from": "ท่าพระ",
              "name": "รถไฟฟ้ามหานคร สายสีน้ำเงิน",
              "name:en": "MRT Blue Line (Tha Phra → Lak Song)",
              "name:th": "รถไฟฟ้ามหานครสายสีน้ำเงิน",
              "name:zh": "曼谷地铁蓝线",
              "network": "Metropolitan Rapid Transit",
              "network:short": "MRT",
              "network:wikidata": "Q806485",
              "operator": "Bangkok Expressway and Metro Public Company Limited",
              "public_transport:version": "2",
              "ref": "MRT-BL",
              "route": "subway",
              "to": "หลักสอง",
              "type": "route",
              "wikidata": "Q2486364",
              "wikipedia": "th:รถไฟฟ้ามหานคร สายสีน้ำเงิน"
            }
          }
        ]
      },
      "geometry": {
        "type": "Point",
        "coordinates": [
          100.5210262,
          13.8064497
        ]
      },
      "id": "node/12803915083"
    },
    {
      "type": "Feature",
      "properties": {
        "@id": "node/12800442665",
        "@relations": [
          {
            "role": "stop",
            "rel": 444659,
            "reltags": {
              "colour": "#1E398D",
              "from": "ท่าพระ",
              "name": "รถไฟฟ้ามหานคร สายสีน้ำเงิน",
              "name:en": "MRT Blue Line (Tha Phra → Lak Song)",
              "name:th": "รถไฟฟ้ามหานครสายสีน้ำเงิน",
              "name:zh": "曼谷地铁蓝线",
              "network": "Metropolitan Rapid Transit",
              "network:short": "MRT",
              "network:wikidata": "Q806485",
              "operator": "Bangkok Expressway and Metro Public Company Limited",
              "public_transport:version": "2",
              "ref": "MRT-BL",
              "route": "subway",
              "to": "หลักสอง",
              "type": "route",
              "wikidata": "Q2486364",
              "wikipedia": "th:รถไฟฟ้ามหานคร สายสีน้ำเงิน"
            }
          }
        ]
      },
      "geometry": {
        "type": "Point",
        "coordinates": [
          100.5307757,
          13.806198
        ]
      },
      "id": "node/12800442665"
    },
    {
      "type": "Feature",
      "properties": {
        "@id": "node/12800442678",
        "@relations": [
          {
            "role": "stop",
            "rel": 444659,
            "reltags": {
              "colour": "#1E398D",
              "from": "ท่าพระ",
              "name": "รถไฟฟ้ามหานคร สายสีน้ำเงิน",
              "name:en": "MRT Blue Line (Tha Phra → Lak Song)",
              "name:th": "รถไฟฟ้ามหานครสายสีน้ำเงิน",
              "name:zh": "曼谷地铁蓝线",
              "network": "Metropolitan Rapid Transit",
              "network:short": "MRT",
              "network:wikidata": "Q806485",
              "operator": "Bangkok Expressway and Metro Public Company Limited",
              "public_transport:version": "2",
              "ref": "MRT-BL",
              "route": "subway",
              "to": "หลักสอง",
              "type": "route",
              "wikidata": "Q2486364",
              "wikipedia": "th:รถไฟฟ้ามหานคร สายสีน้ำเงิน"
            }
          }
        ]
      },
      "geometry": {
        "type": "Point",
        "coordinates": [
          100.5410596,
          13.802427
        ]
      },
      "id": "node/12800442678"
    },
    {
      "type": "Feature",
      "properties": {
        "@id": "node/13980371099",
        "@relations": [
          {
            "role": "stop",
            "rel": 444659,
            "reltags": {
              "colour": "#1E398D",
              "from": "ท่าพระ",
              "name": "รถไฟฟ้ามหานคร สายสีน้ำเงิน",
              "name:en": "MRT Blue Line (Tha Phra → Lak Song)",
              "name:th": "รถไฟฟ้ามหานครสายสีน้ำเงิน",
              "name:zh": "曼谷地铁蓝线",
              "network": "Metropolitan Rapid Transit",
              "network:short": "MRT",
              "network:wikidata": "Q806485",
              "operator": "Bangkok Expressway and Metro Public Company Limited",
              "public_transport:version": "2",
              "ref": "MRT-BL",
              "route": "subway",
              "to": "หลักสอง",
              "type": "route",
              "wikidata": "Q2486364",
              "wikipedia": "th:รถไฟฟ้ามหานคร สายสีน้ำเงิน"
            }
          }
        ]
      },
      "geometry": {
        "type": "Point",
        "coordinates": [
          100.5701929,
          13.7661039
        ]
      },
      "id": "node/13980371099"
    },
    {
      "type": "Feature",
      "properties": {
        "@id": "node/12805950166",
        "@relations": [
          {
            "role": "stop",
            "rel": 444659,
            "reltags": {
              "colour": "#1E398D",
              "from": "ท่าพระ",
              "name": "รถไฟฟ้ามหานคร สายสีน้ำเงิน",
              "name:en": "MRT Blue Line (Tha Phra → Lak Song)",
              "name:th": "รถไฟฟ้ามหานครสายสีน้ำเงิน",
              "name:zh": "曼谷地铁蓝线",
              "network": "Metropolitan Rapid Transit",
              "network:short": "MRT",
              "network:wikidata": "Q806485",
              "operator": "Bangkok Expressway and Metro Public Company Limited",
              "public_transport:version": "2",
              "ref": "MRT-BL",
              "route": "subway",
              "to": "หลักสอง",
              "type": "route",
              "wikidata": "Q2486364",
              "wikipedia": "th:รถไฟฟ้ามหานคร สายสีน้ำเงิน"
            }
          }
        ]
      },
      "geometry": {
        "type": "Point",
        "coordinates": [
          100.5634829,
          13.7491774
        ]
      },
      "id": "node/12805950166"
    },
    {
      "type": "Feature",
      "properties": {
        "@id": "node/12800442805",
        "@relations": [
          {
            "role": "stop",
            "rel": 444659,
            "reltags": {
              "colour": "#1E398D",
              "from": "ท่าพระ",
              "name": "รถไฟฟ้ามหานคร สายสีน้ำเงิน",
              "name:en": "MRT Blue Line (Tha Phra → Lak Song)",
              "name:th": "รถไฟฟ้ามหานครสายสีน้ำเงิน",
              "name:zh": "曼谷地铁蓝线",
              "network": "Metropolitan Rapid Transit",
              "network:short": "MRT",
              "network:wikidata": "Q806485",
              "operator": "Bangkok Expressway and Metro Public Company Limited",
              "public_transport:version": "2",
              "ref": "MRT-BL",
              "route": "subway",
              "to": "หลักสอง",
              "type": "route",
              "wikidata": "Q2486364",
              "wikipedia": "th:รถไฟฟ้ามหานคร สายสีน้ำเงิน"
            }
          }
        ]
      },
      "geometry": {
        "type": "Point",
        "coordinates": [
          100.5616094,
          13.7374717
        ]
      },
      "id": "node/12800442805"
    },
    {
      "type": "Feature",
      "properties": {
        "@id": "node/12803915069",
        "@relations": [
          {
            "role": "stop",
            "rel": 444659,
            "reltags": {
              "colour": "#1E398D",
              "from": "ท่าพระ",
              "name": "รถไฟฟ้ามหานคร สายสีน้ำเงิน",
              "name:en": "MRT Blue Line (Tha Phra → Lak Song)",
              "name:th": "รถไฟฟ้ามหานครสายสีน้ำเงิน",
              "name:zh": "曼谷地铁蓝线",
              "network": "Metropolitan Rapid Transit",
              "network:short": "MRT",
              "network:wikidata": "Q806485",
              "operator": "Bangkok Expressway and Metro Public Company Limited",
              "public_transport:version": "2",
              "ref": "MRT-BL",
              "route": "subway",
              "to": "หลักสอง",
              "type": "route",
              "wikidata": "Q2486364",
              "wikipedia": "th:รถไฟฟ้ามหานคร สายสีน้ำเงิน"
            }
          }
        ]
      },
      "geometry": {
        "type": "Point",
        "coordinates": [
          100.5600667,
          13.7226217
        ]
      },
      "id": "node/12803915069"
    },
    {
      "type": "Feature",
      "properties": {
        "@id": "node/12800442843",
        "@relations": [
          {
            "role": "stop",
            "rel": 444659,
            "reltags": {
              "colour": "#1E398D",
              "from": "ท่าพระ",
              "name": "รถไฟฟ้ามหานคร สายสีน้ำเงิน",
              "name:en": "MRT Blue Line (Tha Phra → Lak Song)",
              "name:th": "รถไฟฟ้ามหานครสายสีน้ำเงิน",
              "name:zh": "曼谷地铁蓝线",
              "network": "Metropolitan Rapid Transit",
              "network:short": "MRT",
              "network:wikidata": "Q806485",
              "operator": "Bangkok Expressway and Metro Public Company Limited",
              "public_transport:version": "2",
              "ref": "MRT-BL",
              "route": "subway",
              "to": "หลักสอง",
              "type": "route",
              "wikidata": "Q2486364",
              "wikipedia": "th:รถไฟฟ้ามหานคร สายสีน้ำเงิน"
            }
          }
        ]
      },
      "geometry": {
        "type": "Point",
        "coordinates": [
          100.5543059,
          13.7220528
        ]
      },
      "id": "node/12800442843"
    },
    {
      "type": "Feature",
      "properties": {
        "@id": "node/12803915070",
        "@relations": [
          {
            "role": "stop",
            "rel": 444659,
            "reltags": {
              "colour": "#1E398D",
              "from": "ท่าพระ",
              "name": "รถไฟฟ้ามหานคร สายสีน้ำเงิน",
              "name:en": "MRT Blue Line (Tha Phra → Lak Song)",
              "name:th": "รถไฟฟ้ามหานครสายสีน้ำเงิน",
              "name:zh": "曼谷地铁蓝线",
              "network": "Metropolitan Rapid Transit",
              "network:short": "MRT",
              "network:wikidata": "Q806485",
              "operator": "Bangkok Expressway and Metro Public Company Limited",
              "public_transport:version": "2",
              "ref": "MRT-BL",
              "route": "subway",
              "to": "หลักสอง",
              "type": "route",
              "wikidata": "Q2486364",
              "wikipedia": "th:รถไฟฟ้ามหานคร สายสีน้ำเงิน"
            }
          }
        ]
      },
      "geometry": {
        "type": "Point",
        "coordinates": [
          100.5457184,
          13.7255938
        ]
      },
      "id": "node/12803915070"
    },
    {
      "type": "Feature",
      "properties": {
        "@id": "node/12800326775",
        "@relations": [
          {
            "role": "stop",
            "rel": 444659,
            "reltags": {
              "colour": "#1E398D",
              "from": "ท่าพระ",
              "name": "รถไฟฟ้ามหานคร สายสีน้ำเงิน",
              "name:en": "MRT Blue Line (Tha Phra → Lak Song)",
              "name:th": "รถไฟฟ้ามหานครสายสีน้ำเงิน",
              "name:zh": "曼谷地铁蓝线",
              "network": "Metropolitan Rapid Transit",
              "network:short": "MRT",
              "network:wikidata": "Q806485",
              "operator": "Bangkok Expressway and Metro Public Company Limited",
              "public_transport:version": "2",
              "ref": "MRT-BL",
              "route": "subway",
              "to": "หลักสอง",
              "type": "route",
              "wikidata": "Q2486364",
              "wikipedia": "th:รถไฟฟ้ามหานคร สายสีน้ำเงิน"
            }
          }
        ]
      },
      "geometry": {
        "type": "Point",
        "coordinates": [
          100.5170471,
          13.7374083
        ]
      },
      "id": "node/12800326775"
    },
    {
      "type": "Feature",
      "properties": {
        "@id": "node/8446348867",
        "@relations": [
          {
            "role": "stop",
            "rel": 444659,
            "reltags": {
              "colour": "#1E398D",
              "from": "ท่าพระ",
              "name": "รถไฟฟ้ามหานคร สายสีน้ำเงิน",
              "name:en": "MRT Blue Line (Tha Phra → Lak Song)",
              "name:th": "รถไฟฟ้ามหานครสายสีน้ำเงิน",
              "name:zh": "曼谷地铁蓝线",
              "network": "Metropolitan Rapid Transit",
              "network:short": "MRT",
              "network:wikidata": "Q806485",
              "operator": "Bangkok Expressway and Metro Public Company Limited",
              "public_transport:version": "2",
              "ref": "MRT-BL",
              "route": "subway",
              "to": "หลักสอง",
              "type": "route",
              "wikidata": "Q2486364",
              "wikipedia": "th:รถไฟฟ้ามหานคร สายสีน้ำเงิน"
            }
          }
        ]
      },
      "geometry": {
        "type": "Point",
        "coordinates": [
          100.4740518,
          13.7296279
        ]
      },
      "id": "node/8446348867"
    },
    {
      "type": "Feature",
      "properties": {
        "@id": "node/12800326949",
        "@relations": [
          {
            "role": "stop",
            "rel": 444659,
            "reltags": {
              "colour": "#1E398D",
              "from": "ท่าพระ",
              "name": "รถไฟฟ้ามหานคร สายสีน้ำเงิน",
              "name:en": "MRT Blue Line (Tha Phra → Lak Song)",
              "name:th": "รถไฟฟ้ามหานครสายสีน้ำเงิน",
              "name:zh": "曼谷地铁蓝线",
              "network": "Metropolitan Rapid Transit",
              "network:short": "MRT",
              "network:wikidata": "Q806485",
              "operator": "Bangkok Expressway and Metro Public Company Limited",
              "public_transport:version": "2",
              "ref": "MRT-BL",
              "route": "subway",
              "to": "หลักสอง",
              "type": "route",
              "wikidata": "Q2486364",
              "wikipedia": "th:รถไฟฟ้ามหานคร สายสีน้ำเงิน"
            }
          }
        ]
      },
      "geometry": {
        "type": "Point",
        "coordinates": [
          100.4650861,
          13.72461
        ]
      },
      "id": "node/12800326949"
    },
    {
      "type": "Feature",
      "properties": {
        "@id": "node/12800326904",
        "@relations": [
          {
            "role": "stop",
            "rel": 444659,
            "reltags": {
              "colour": "#1E398D",
              "from": "ท่าพระ",
              "name": "รถไฟฟ้ามหานคร สายสีน้ำเงิน",
              "name:en": "MRT Blue Line (Tha Phra → Lak Song)",
              "name:th": "รถไฟฟ้ามหานครสายสีน้ำเงิน",
              "name:zh": "曼谷地铁蓝线",
              "network": "Metropolitan Rapid Transit",
              "network:short": "MRT",
              "network:wikidata": "Q806485",
              "operator": "Bangkok Expressway and Metro Public Company Limited",
              "public_transport:version": "2",
              "ref": "MRT-BL",
              "route": "subway",
              "to": "หลักสอง",
              "type": "route",
              "wikidata": "Q2486364",
              "wikipedia": "th:รถไฟฟ้ามหานคร สายสีน้ำเงิน"
            }
          }
        ]
      },
      "geometry": {
        "type": "Point",
        "coordinates": [
          100.4454535,
          13.7155384
        ]
      },
      "id": "node/12800326904"
    },
    {
      "type": "Feature",
      "properties": {
        "@id": "node/12800326879",
        "@relations": [
          {
            "role": "stop",
            "rel": 444659,
            "reltags": {
              "colour": "#1E398D",
              "from": "ท่าพระ",
              "name": "รถไฟฟ้ามหานคร สายสีน้ำเงิน",
              "name:en": "MRT Blue Line (Tha Phra → Lak Song)",
              "name:th": "รถไฟฟ้ามหานครสายสีน้ำเงิน",
              "name:zh": "曼谷地铁蓝线",
              "network": "Metropolitan Rapid Transit",
              "network:short": "MRT",
              "network:wikidata": "Q806485",
              "operator": "Bangkok Expressway and Metro Public Company Limited",
              "public_transport:version": "2",
              "ref": "MRT-BL",
              "route": "subway",
              "to": "หลักสอง",
              "type": "route",
              "wikidata": "Q2486364",
              "wikipedia": "th:รถไฟฟ้ามหานคร สายสีน้ำเงิน"
            }
          }
        ]
      },
      "geometry": {
        "type": "Point",
        "coordinates": [
          100.4343319,
          13.7128979
        ]
      },
      "id": "node/12800326879"
    },
    {
      "type": "Feature",
      "properties": {
        "@id": "node/12800326860",
        "@relations": [
          {
            "role": "stop",
            "rel": 444659,
            "reltags": {
              "colour": "#1E398D",
              "from": "ท่าพระ",
              "name": "รถไฟฟ้ามหานคร สายสีน้ำเงิน",
              "name:en": "MRT Blue Line (Tha Phra → Lak Song)",
              "name:th": "รถไฟฟ้ามหานครสายสีน้ำเงิน",
              "name:zh": "曼谷地铁蓝线",
              "network": "Metropolitan Rapid Transit",
              "network:short": "MRT",
              "network:wikidata": "Q806485",
              "operator": "Bangkok Expressway and Metro Public Company Limited",
              "public_transport:version": "2",
              "ref": "MRT-BL",
              "route": "subway",
              "to": "หลักสอง",
              "type": "route",
              "wikidata": "Q2486364",
              "wikipedia": "th:รถไฟฟ้ามหานคร สายสีน้ำเงิน"
            }
          }
        ]
      },
      "geometry": {
        "type": "Point",
        "coordinates": [
          100.4223363,
          13.7119171
        ]
      },
      "id": "node/12800326860"
    },
    {
      "type": "Feature",
      "properties": {
        "@id": "node/12800326821",
        "@relations": [
          {
            "role": "stop",
            "rel": 444659,
            "reltags": {
              "colour": "#1E398D",
              "from": "ท่าพระ",
              "name": "รถไฟฟ้ามหานคร สายสีน้ำเงิน",
              "name:en": "MRT Blue Line (Tha Phra → Lak Song)",
              "name:th": "รถไฟฟ้ามหานครสายสีน้ำเงิน",
              "name:zh": "曼谷地铁蓝线",
              "network": "Metropolitan Rapid Transit",
              "network:short": "MRT",
              "network:wikidata": "Q806485",
              "operator": "Bangkok Expressway and Metro Public Company Limited",
              "public_transport:version": "2",
              "ref": "MRT-BL",
              "route": "subway",
              "to": "หลักสอง",
              "type": "route",
              "wikidata": "Q2486364",
              "wikipedia": "th:รถไฟฟ้ามหานคร สายสีน้ำเงิน"
            }
          }
        ]
      },
      "geometry": {
        "type": "Point",
        "coordinates": [
          100.409493,
          13.710856
        ]
      },
      "id": "node/12800326821"
    },
    {
      "type": "Feature",
      "properties": {
        "@id": "node/7781158247",
        "@relations": [
          {
            "role": "",
            "rel": 2067854,
            "reltags": {
              "colour": "#02817D",
              "name": "รถไฟฟ้าบีทีเอส สายสีลม (สนามกีฬาแห่งชาติ → บางหว้า)",
              "name:en": "BTS Silom Line (National Stadium → Bang Wa)",
              "name:th": "รถไฟฟ้าบีทีเอส สายสีลม (สนามกีฬาแห่งชาติ → บางหว้า)",
              "network": "รถไฟฟ้าบีทีเอส",
              "network:en": "BTS Skytrain",
              "network:short": "BTS",
              "network:th": "รถไฟฟ้าบีทีเอส",
              "network:wikidata": "Q806501",
              "operator": "ระบบขนส่งมวลชนกรุงเทพ",
              "operator:en": "Bangkok Mass Transit System;BTSC",
              "public_transport:version": "2",
              "ref": "สีลม",
              "route": "subway",
              "type": "route",
              "wikidata": "Q2634702",
              "wikipedia": "th:รถไฟฟ้าบีทีเอส สายสีลม"
            }
          },
          {
            "role": "",
            "rel": 7989385,
            "reltags": {
              "colour": "#02817D",
              "name": "รถไฟฟ้าบีทีเอส สายสีลม (บางหว้า → สนามกีฬาแห่งชาติ)",
              "name:en": "BTS Silom Line (Bang Wa → National Stadium)",
              "name:th": "รถไฟฟ้าบีทีเอส สายสีลม (บางหว้า → สนามกีฬาแห่งชาติ)",
              "network": "รถไฟฟ้าบีทีเอส",
              "network:en": "BTS Skytrain",
              "network:short": "BTS",
              "network:th": "รถไฟฟ้าบีทีเอส",
              "network:wikidata": "Q806501",
              "operator": "ระบบขนส่งมวลชนกรุงเทพ",
              "operator:en": "Bangkok Mass Transit System;BTSC",
              "public_transport:version": "2",
              "ref": "สีลม",
              "route": "subway",
              "type": "route",
              "wikidata": "Q2634702",
              "wikipedia": "th:รถไฟฟ้าบีทีเอส สายสีลม"
            }
          }
        ]
      },
      "geometry": {
        "type": "Point",
        "coordinates": [
          100.5266863,
          13.720816
        ]
      },
      "id": "node/7781158247"
    },
    {
      "type": "Feature",
      "properties": {
        "@id": "node/12800326826",
        "@relations": [
          {
            "role": "stop",
            "rel": 7725025,
            "reltags": {
              "colour": "#1E398D",
              "from": "หลักสอง",
              "name": "รถไฟฟ้ามหานคร สายสีน้ำเงิน",
              "name:en": "MRT Blue Line (Lak Song → Tha Phra)",
              "name:th": "รถไฟฟ้ามหานครสายสีน้ำเงิน",
              "name:zh": "曼谷地铁蓝线",
              "network": "Metropolitan Rapid Transit",
              "network:short": "MRT",
              "network:wikidata": "Q806485",
              "operator": "Bangkok Expressway and Metro Public Company Limited",
              "public_transport:version": "2",
              "ref": "MRT-BL",
              "route": "subway",
              "to": "ท่าพระ",
              "type": "route",
              "wikidata": "Q2486364",
              "wikipedia": "th:รถไฟฟ้ามหานคร สายสีน้ำเงิน"
            }
          }
        ]
      },
      "geometry": {
        "type": "Point",
        "coordinates": [
          100.4094821,
          13.7109118
        ]
      },
      "id": "node/12800326826"
    },
    {
      "type": "Feature",
      "properties": {
        "@id": "node/12800326859",
        "@relations": [
          {
            "role": "stop",
            "rel": 7725025,
            "reltags": {
              "colour": "#1E398D",
              "from": "หลักสอง",
              "name": "รถไฟฟ้ามหานคร สายสีน้ำเงิน",
              "name:en": "MRT Blue Line (Lak Song → Tha Phra)",
              "name:th": "รถไฟฟ้ามหานครสายสีน้ำเงิน",
              "name:zh": "曼谷地铁蓝线",
              "network": "Metropolitan Rapid Transit",
              "network:short": "MRT",
              "network:wikidata": "Q806485",
              "operator": "Bangkok Expressway and Metro Public Company Limited",
              "public_transport:version": "2",
              "ref": "MRT-BL",
              "route": "subway",
              "to": "ท่าพระ",
              "type": "route",
              "wikidata": "Q2486364",
              "wikipedia": "th:รถไฟฟ้ามหานคร สายสีน้ำเงิน"
            }
          }
        ]
      },
      "geometry": {
        "type": "Point",
        "coordinates": [
          100.4223316,
          13.7119679
        ]
      },
      "id": "node/12800326859"
    },
    {
      "type": "Feature",
      "properties": {
        "@id": "node/12800326880",
        "@relations": [
          {
            "role": "stop",
            "rel": 7725025,
            "reltags": {
              "colour": "#1E398D",
              "from": "หลักสอง",
              "name": "รถไฟฟ้ามหานคร สายสีน้ำเงิน",
              "name:en": "MRT Blue Line (Lak Song → Tha Phra)",
              "name:th": "รถไฟฟ้ามหานครสายสีน้ำเงิน",
              "name:zh": "曼谷地铁蓝线",
              "network": "Metropolitan Rapid Transit",
              "network:short": "MRT",
              "network:wikidata": "Q806485",
              "operator": "Bangkok Expressway and Metro Public Company Limited",
              "public_transport:version": "2",
              "ref": "MRT-BL",
              "route": "subway",
              "to": "ท่าพระ",
              "type": "route",
              "wikidata": "Q2486364",
              "wikipedia": "th:รถไฟฟ้ามหานคร สายสีน้ำเงิน"
            }
          }
        ]
      },
      "geometry": {
        "type": "Point",
        "coordinates": [
          100.434326,
          13.7129403
        ]
      },
      "id": "node/12800326880"
    },
    {
      "type": "Feature",
      "properties": {
        "@id": "node/12800326903",
        "@relations": [
          {
            "role": "stop",
            "rel": 7725025,
            "reltags": {
              "colour": "#1E398D",
              "from": "หลักสอง",
              "name": "รถไฟฟ้ามหานคร สายสีน้ำเงิน",
              "name:en": "MRT Blue Line (Lak Song → Tha Phra)",
              "name:th": "รถไฟฟ้ามหานครสายสีน้ำเงิน",
              "name:zh": "曼谷地铁蓝线",
              "network": "Metropolitan Rapid Transit",
              "network:short": "MRT",
              "network:wikidata": "Q806485",
              "operator": "Bangkok Expressway and Metro Public Company Limited",
              "public_transport:version": "2",
              "ref": "MRT-BL",
              "route": "subway",
              "to": "ท่าพระ",
              "type": "route",
              "wikidata": "Q2486364",
              "wikipedia": "th:รถไฟฟ้ามหานคร สายสีน้ำเงิน"
            }
          }
        ]
      },
      "geometry": {
        "type": "Point",
        "coordinates": [
          100.4454417,
          13.7155773
        ]
      },
      "id": "node/12800326903"
    },
    {
      "type": "Feature",
      "properties": {
        "@id": "node/12800326931",
        "@relations": [
          {
            "role": "stop",
            "rel": 7725025,
            "reltags": {
              "colour": "#1E398D",
              "from": "หลักสอง",
              "name": "รถไฟฟ้ามหานคร สายสีน้ำเงิน",
              "name:en": "MRT Blue Line (Lak Song → Tha Phra)",
              "name:th": "รถไฟฟ้ามหานครสายสีน้ำเงิน",
              "name:zh": "曼谷地铁蓝线",
              "network": "Metropolitan Rapid Transit",
              "network:short": "MRT",
              "network:wikidata": "Q806485",
              "operator": "Bangkok Expressway and Metro Public Company Limited",
              "public_transport:version": "2",
              "ref": "MRT-BL",
              "route": "subway",
              "to": "ท่าพระ",
              "type": "route",
              "wikidata": "Q2486364",
              "wikipedia": "th:รถไฟฟ้ามหานคร สายสีน้ำเงิน"
            }
          }
        ]
      },
      "geometry": {
        "type": "Point",
        "coordinates": [
          100.4570052,
          13.7203153
        ]
      },
      "id": "node/12800326931"
    },
    {
      "type": "Feature",
      "properties": {
        "@id": "node/12800326948",
        "@relations": [
          {
            "role": "stop",
            "rel": 7725025,
            "reltags": {
              "colour": "#1E398D",
              "from": "หลักสอง",
              "name": "รถไฟฟ้ามหานคร สายสีน้ำเงิน",
              "name:en": "MRT Blue Line (Lak Song → Tha Phra)",
              "name:th": "รถไฟฟ้ามหานครสายสีน้ำเงิน",
              "name:zh": "曼谷地铁蓝线",
              "network": "Metropolitan Rapid Transit",
              "network:short": "MRT",
              "network:wikidata": "Q806485",
              "operator": "Bangkok Expressway and Metro Public Company Limited",
              "public_transport:version": "2",
              "ref": "MRT-BL",
              "route": "subway",
              "to": "ท่าพระ",
              "type": "route",
              "wikidata": "Q2486364",
              "wikipedia": "th:รถไฟฟ้ามหานคร สายสีน้ำเงิน"
            }
          }
        ]
      },
      "geometry": {
        "type": "Point",
        "coordinates": [
          100.4650677,
          13.7246395
        ]
      },
      "id": "node/12800326948"
    },
    {
      "type": "Feature",
      "properties": {
        "@id": "node/12800327003",
        "@relations": [
          {
            "role": "stop",
            "rel": 7725025,
            "reltags": {
              "colour": "#1E398D",
              "from": "หลักสอง",
              "name": "รถไฟฟ้ามหานคร สายสีน้ำเงิน",
              "name:en": "MRT Blue Line (Lak Song → Tha Phra)",
              "name:th": "รถไฟฟ้ามหานครสายสีน้ำเงิน",
              "name:zh": "曼谷地铁蓝线",
              "network": "Metropolitan Rapid Transit",
              "network:short": "MRT",
              "network:wikidata": "Q806485",
              "operator": "Bangkok Expressway and Metro Public Company Limited",
              "public_transport:version": "2",
              "ref": "MRT-BL",
              "route": "subway",
              "to": "ท่าพระ",
              "type": "route",
              "wikidata": "Q2486364",
              "wikipedia": "th:รถไฟฟ้ามหานคร สายสีน้ำเงิน"
            }
          }
        ]
      },
      "geometry": {
        "type": "Point",
        "coordinates": [
          100.4740253,
          13.7296671
        ]
      },
      "id": "node/12800327003"
    },
    {
      "type": "Feature",
      "properties": {
        "@id": "node/12803915081",
        "@relations": [
          {
            "role": "stop",
            "rel": 7725025,
            "reltags": {
              "colour": "#1E398D",
              "from": "หลักสอง",
              "name": "รถไฟฟ้ามหานคร สายสีน้ำเงิน",
              "name:en": "MRT Blue Line (Lak Song → Tha Phra)",
              "name:th": "รถไฟฟ้ามหานครสายสีน้ำเงิน",
              "name:zh": "曼谷地铁蓝线",
              "network": "Metropolitan Rapid Transit",
              "network:short": "MRT",
              "network:wikidata": "Q806485",
              "operator": "Bangkok Expressway and Metro Public Company Limited",
              "public_transport:version": "2",
              "ref": "MRT-BL",
              "route": "subway",
              "to": "ท่าพระ",
              "type": "route",
              "wikidata": "Q2486364",
              "wikipedia": "th:รถไฟฟ้ามหานคร สายสีน้ำเงิน"
            }
          }
        ]
      },
      "geometry": {
        "type": "Point",
        "coordinates": [
          100.4856982,
          13.7383988
        ]
      },
      "id": "node/12803915081"
    },
    {
      "type": "Feature",
      "properties": {
        "@id": "node/12800326727",
        "@relations": [
          {
            "role": "stop",
            "rel": 7725025,
            "reltags": {
              "colour": "#1E398D",
              "from": "หลักสอง",
              "name": "รถไฟฟ้ามหานคร สายสีน้ำเงิน",
              "name:en": "MRT Blue Line (Lak Song → Tha Phra)",
              "name:th": "รถไฟฟ้ามหานครสายสีน้ำเงิน",
              "name:zh": "曼谷地铁蓝线",
              "network": "Metropolitan Rapid Transit",
              "network:short": "MRT",
              "network:wikidata": "Q806485",
              "operator": "Bangkok Expressway and Metro Public Company Limited",
              "public_transport:version": "2",
              "ref": "MRT-BL",
              "route": "subway",
              "to": "ท่าพระ",
              "type": "route",
              "wikidata": "Q2486364",
              "wikipedia": "th:รถไฟฟ้ามหานคร สายสีน้ำเงิน"
            }
          }
        ]
      },
      "geometry": {
        "type": "Point",
        "coordinates": [
          100.4945552,
          13.7443177
        ]
      },
      "id": "node/12800326727"
    },
    {
      "type": "Feature",
      "properties": {
        "@id": "node/12803915075",
        "@relations": [
          {
            "role": "stop",
            "rel": 7725025,
            "reltags": {
              "colour": "#1E398D",
              "from": "หลักสอง",
              "name": "รถไฟฟ้ามหานคร สายสีน้ำเงิน",
              "name:en": "MRT Blue Line (Lak Song → Tha Phra)",
              "name:th": "รถไฟฟ้ามหานครสายสีน้ำเงิน",
              "name:zh": "曼谷地铁蓝线",
              "network": "Metropolitan Rapid Transit",
              "network:short": "MRT",
              "network:wikidata": "Q806485",
              "operator": "Bangkok Expressway and Metro Public Company Limited",
              "public_transport:version": "2",
              "ref": "MRT-BL",
              "route": "subway",
              "to": "ท่าพระ",
              "type": "route",
              "wikidata": "Q2486364",
              "wikipedia": "th:รถไฟฟ้ามหานคร สายสีน้ำเงิน"
            }
          }
        ]
      },
      "geometry": {
        "type": "Point",
        "coordinates": [
          100.5023016,
          13.7470185
        ]
      },
      "id": "node/12803915075"
    },
    {
      "type": "Feature",
      "properties": {
        "@id": "node/12803915073",
        "@relations": [
          {
            "role": "stop",
            "rel": 7725025,
            "reltags": {
              "colour": "#1E398D",
              "from": "หลักสอง",
              "name": "รถไฟฟ้ามหานคร สายสีน้ำเงิน",
              "name:en": "MRT Blue Line (Lak Song → Tha Phra)",
              "name:th": "รถไฟฟ้ามหานครสายสีน้ำเงิน",
              "name:zh": "曼谷地铁蓝线",
              "network": "Metropolitan Rapid Transit",
              "network:short": "MRT",
              "network:wikidata": "Q806485",
              "operator": "Bangkok Expressway and Metro Public Company Limited",
              "public_transport:version": "2",
              "ref": "MRT-BL",
              "route": "subway",
              "to": "ท่าพระ",
              "type": "route",
              "wikidata": "Q2486364",
              "wikipedia": "th:รถไฟฟ้ามหานคร สายสีน้ำเงิน"
            }
          }
        ]
      },
      "geometry": {
        "type": "Point",
        "coordinates": [
          100.5099156,
          13.7422168
        ]
      },
      "id": "node/12803915073"
    },
    {
      "type": "Feature",
      "properties": {
        "@id": "node/12800326776",
        "@relations": [
          {
            "role": "stop",
            "rel": 7725025,
            "reltags": {
              "colour": "#1E398D",
              "from": "หลักสอง",
              "name": "รถไฟฟ้ามหานคร สายสีน้ำเงิน",
              "name:en": "MRT Blue Line (Lak Song → Tha Phra)",
              "name:th": "รถไฟฟ้ามหานครสายสีน้ำเงิน",
              "name:zh": "曼谷地铁蓝线",
              "network": "Metropolitan Rapid Transit",
              "network:short": "MRT",
              "network:wikidata": "Q806485",
              "operator": "Bangkok Expressway and Metro Public Company Limited",
              "public_transport:version": "2",
              "ref": "MRT-BL",
              "route": "subway",
              "to": "ท่าพระ",
              "type": "route",
              "wikidata": "Q2486364",
              "wikipedia": "th:รถไฟฟ้ามหานคร สายสีน้ำเงิน"
            }
          }
        ]
      },
      "geometry": {
        "type": "Point",
        "coordinates": [
          100.5171924,
          13.737675
        ]
      },
      "id": "node/12800326776"
    },
    {
      "type": "Feature",
      "properties": {
        "@id": "node/12803915079",
        "@relations": [
          {
            "role": "stop",
            "rel": 7725025,
            "reltags": {
              "colour": "#1E398D",
              "from": "หลักสอง",
              "name": "รถไฟฟ้ามหานคร สายสีน้ำเงิน",
              "name:en": "MRT Blue Line (Lak Song → Tha Phra)",
              "name:th": "รถไฟฟ้ามหานครสายสีน้ำเงิน",
              "name:zh": "曼谷地铁蓝线",
              "network": "Metropolitan Rapid Transit",
              "network:short": "MRT",
              "network:wikidata": "Q806485",
              "operator": "Bangkok Expressway and Metro Public Company Limited",
              "public_transport:version": "2",
              "ref": "MRT-BL",
              "route": "subway",
              "to": "ท่าพระ",
              "type": "route",
              "wikidata": "Q2486364",
              "wikipedia": "th:รถไฟฟ้ามหานคร สายสีน้ำเงิน"
            }
          }
        ]
      },
      "geometry": {
        "type": "Point",
        "coordinates": [
          100.5301286,
          13.7320794
        ]
      },
      "id": "node/12803915079"
    },
    {
      "type": "Feature",
      "properties": {
        "@id": "node/12800436566",
        "@relations": [
          {
            "role": "stop",
            "rel": 7725025,
            "reltags": {
              "colour": "#1E398D",
              "from": "หลักสอง",
              "name": "รถไฟฟ้ามหานคร สายสีน้ำเงิน",
              "name:en": "MRT Blue Line (Lak Song → Tha Phra)",
              "name:th": "รถไฟฟ้ามหานครสายสีน้ำเงิน",
              "name:zh": "曼谷地铁蓝线",
              "network": "Metropolitan Rapid Transit",
              "network:short": "MRT",
              "network:wikidata": "Q806485",
              "operator": "Bangkok Expressway and Metro Public Company Limited",
              "public_transport:version": "2",
              "ref": "MRT-BL",
              "route": "subway",
              "to": "ท่าพระ",
              "type": "route",
              "wikidata": "Q2486364",
              "wikipedia": "th:รถไฟฟ้ามหานคร สายสีน้ำเงิน"
            }
          }
        ]
      },
      "geometry": {
        "type": "Point",
        "coordinates": [
          100.5370753,
          13.7292217
        ]
      },
      "id": "node/12800436566"
    },
    {
      "type": "Feature",
      "properties": {
        "@id": "node/12803915071",
        "@relations": [
          {
            "role": "stop",
            "rel": 7725025,
            "reltags": {
              "colour": "#1E398D",
              "from": "หลักสอง",
              "name": "รถไฟฟ้ามหานคร สายสีน้ำเงิน",
              "name:en": "MRT Blue Line (Lak Song → Tha Phra)",
              "name:th": "รถไฟฟ้ามหานครสายสีน้ำเงิน",
              "name:zh": "曼谷地铁蓝线",
              "network": "Metropolitan Rapid Transit",
              "network:short": "MRT",
              "network:wikidata": "Q806485",
              "operator": "Bangkok Expressway and Metro Public Company Limited",
              "public_transport:version": "2",
              "ref": "MRT-BL",
              "route": "subway",
              "to": "ท่าพระ",
              "type": "route",
              "wikidata": "Q2486364",
              "wikipedia": "th:รถไฟฟ้ามหานคร สายสีน้ำเงิน"
            }
          }
        ]
      },
      "geometry": {
        "type": "Point",
        "coordinates": [
          100.5457358,
          13.7256181
        ]
      },
      "id": "node/12803915071"
    },
    {
      "type": "Feature",
      "properties": {
        "@id": "node/12800436580",
        "@relations": [
          {
            "role": "stop",
            "rel": 7725025,
            "reltags": {
              "colour": "#1E398D",
              "from": "หลักสอง",
              "name": "รถไฟฟ้ามหานคร สายสีน้ำเงิน",
              "name:en": "MRT Blue Line (Lak Song → Tha Phra)",
              "name:th": "รถไฟฟ้ามหานครสายสีน้ำเงิน",
              "name:zh": "曼谷地铁蓝线",
              "network": "Metropolitan Rapid Transit",
              "network:short": "MRT",
              "network:wikidata": "Q806485",
              "operator": "Bangkok Expressway and Metro Public Company Limited",
              "public_transport:version": "2",
              "ref": "MRT-BL",
              "route": "subway",
              "to": "ท่าพระ",
              "type": "route",
              "wikidata": "Q2486364",
              "wikipedia": "th:รถไฟฟ้ามหานคร สายสีน้ำเงิน"
            }
          }
        ]
      },
      "geometry": {
        "type": "Point",
        "coordinates": [
          100.5543746,
          13.7222374
        ]
      },
      "id": "node/12800436580"
    },
    {
      "type": "Feature",
      "properties": {
        "@id": "node/12800442822",
        "@relations": [
          {
            "role": "stop",
            "rel": 7725025,
            "reltags": {
              "colour": "#1E398D",
              "from": "หลักสอง",
              "name": "รถไฟฟ้ามหานคร สายสีน้ำเงิน",
              "name:en": "MRT Blue Line (Lak Song → Tha Phra)",
              "name:th": "รถไฟฟ้ามหานครสายสีน้ำเงิน",
              "name:zh": "曼谷地铁蓝线",
              "network": "Metropolitan Rapid Transit",
              "network:short": "MRT",
              "network:wikidata": "Q806485",
              "operator": "Bangkok Expressway and Metro Public Company Limited",
              "public_transport:version": "2",
              "ref": "MRT-BL",
              "route": "subway",
              "to": "ท่าพระ",
              "type": "route",
              "wikidata": "Q2486364",
              "wikipedia": "th:รถไฟฟ้ามหานคร สายสีน้ำเงิน"
            }
          }
        ]
      },
      "geometry": {
        "type": "Point",
        "coordinates": [
          100.5598021,
          13.7227074
        ]
      },
      "id": "node/12800442822"
    },
    {
      "type": "Feature",
      "properties": {
        "@id": "node/13980371100",
        "@relations": [
          {
            "role": "stop",
            "rel": 7725025,
            "reltags": {
              "colour": "#1E398D",
              "from": "หลักสอง",
              "name": "รถไฟฟ้ามหานคร สายสีน้ำเงิน",
              "name:en": "MRT Blue Line (Lak Song → Tha Phra)",
              "name:th": "รถไฟฟ้ามหานครสายสีน้ำเงิน",
              "name:zh": "曼谷地铁蓝线",
              "network": "Metropolitan Rapid Transit",
              "network:short": "MRT",
              "network:wikidata": "Q806485",
              "operator": "Bangkok Expressway and Metro Public Company Limited",
              "public_transport:version": "2",
              "ref": "MRT-BL",
              "route": "subway",
              "to": "ท่าพระ",
              "type": "route",
              "wikidata": "Q2486364",
              "wikipedia": "th:รถไฟฟ้ามหานคร สายสีน้ำเงิน"
            }
          }
        ]
      },
      "geometry": {
        "type": "Point",
        "coordinates": [
          100.5700446,
          13.7662418
        ]
      },
      "id": "node/13980371100"
    },
    {
      "type": "Feature",
      "properties": {
        "@id": "node/12800442636",
        "@relations": [
          {
            "role": "stop",
            "rel": 7725025,
            "reltags": {
              "colour": "#1E398D",
              "from": "หลักสอง",
              "name": "รถไฟฟ้ามหานคร สายสีน้ำเงิน",
              "name:en": "MRT Blue Line (Lak Song → Tha Phra)",
              "name:th": "รถไฟฟ้ามหานครสายสีน้ำเงิน",
              "name:zh": "曼谷地铁蓝线",
              "network": "Metropolitan Rapid Transit",
              "network:short": "MRT",
              "network:wikidata": "Q806485",
              "operator": "Bangkok Expressway and Metro Public Company Limited",
              "public_transport:version": "2",
              "ref": "MRT-BL",
              "route": "subway",
              "to": "ท่าพระ",
              "type": "route",
              "wikidata": "Q2486364",
              "wikipedia": "th:รถไฟฟ้ามหานคร สายสีน้ำเงิน"
            }
          }
        ]
      },
      "geometry": {
        "type": "Point",
        "coordinates": [
          100.5210194,
          13.806385
        ]
      },
      "id": "node/12800442636"
    },
    {
      "type": "Feature",
      "properties": {
        "@id": "node/12800442595",
        "@relations": [
          {
            "role": "stop",
            "rel": 7725025,
            "reltags": {
              "colour": "#1E398D",
              "from": "หลักสอง",
              "name": "รถไฟฟ้ามหานคร สายสีน้ำเงิน",
              "name:en": "MRT Blue Line (Lak Song → Tha Phra)",
              "name:th": "รถไฟฟ้ามหานครสายสีน้ำเงิน",
              "name:zh": "曼谷地铁蓝线",
              "network": "Metropolitan Rapid Transit",
              "network:short": "MRT",
              "network:wikidata": "Q806485",
              "operator": "Bangkok Expressway and Metro Public Company Limited",
              "public_transport:version": "2",
              "ref": "MRT-BL",
              "route": "subway",
              "to": "ท่าพระ",
              "type": "route",
              "wikidata": "Q2486364",
              "wikipedia": "th:รถไฟฟ้ามหานคร สายสีน้ำเงิน"
            }
          }
        ]
      },
      "geometry": {
        "type": "Point",
        "coordinates": [
          100.5098155,
          13.7989727
        ]
      },
      "id": "node/12800442595"
    },
    {
      "type": "Feature",
      "properties": {
        "@id": "node/12800442589",
        "@relations": [
          {
            "role": "stop",
            "rel": 7725025,
            "reltags": {
              "colour": "#1E398D",
              "from": "หลักสอง",
              "name": "รถไฟฟ้ามหานคร สายสีน้ำเงิน",
              "name:en": "MRT Blue Line (Lak Song → Tha Phra)",
              "name:th": "รถไฟฟ้ามหานครสายสีน้ำเงิน",
              "name:zh": "曼谷地铁蓝线",
              "network": "Metropolitan Rapid Transit",
              "network:short": "MRT",
              "network:wikidata": "Q806485",
              "operator": "Bangkok Expressway and Metro Public Company Limited",
              "public_transport:version": "2",
              "ref": "MRT-BL",
              "route": "subway",
              "to": "ท่าพระ",
              "type": "route",
              "wikidata": "Q2486364",
              "wikipedia": "th:รถไฟฟ้ามหานคร สายสีน้ำเงิน"
            }
          }
        ]
      },
      "geometry": {
        "type": "Point",
        "coordinates": [
          100.5048978,
          13.7923954
        ]
      },
      "id": "node/12800442589"
    },
    {
      "type": "Feature",
      "properties": {
        "@id": "node/12800442537",
        "@relations": [
          {
            "role": "stop",
            "rel": 7725025,
            "reltags": {
              "colour": "#1E398D",
              "from": "หลักสอง",
              "name": "รถไฟฟ้ามหานคร สายสีน้ำเงิน",
              "name:en": "MRT Blue Line (Lak Song → Tha Phra)",
              "name:th": "รถไฟฟ้ามหานครสายสีน้ำเงิน",
              "name:zh": "曼谷地铁蓝线",
              "network": "Metropolitan Rapid Transit",
              "network:short": "MRT",
              "network:wikidata": "Q806485",
              "operator": "Bangkok Expressway and Metro Public Company Limited",
              "public_transport:version": "2",
              "ref": "MRT-BL",
              "route": "subway",
              "to": "ท่าพระ",
              "type": "route",
              "wikidata": "Q2486364",
              "wikipedia": "th:รถไฟฟ้ามหานคร สายสีน้ำเงิน"
            }
          }
        ]
      },
      "geometry": {
        "type": "Point",
        "coordinates": [
          100.493338,
          13.7838554
        ]
      },
      "id": "node/12800442537"
    },
    {
      "type": "Feature",
      "properties": {
        "@id": "node/12800442511",
        "@relations": [
          {
            "role": "stop",
            "rel": 7725025,
            "reltags": {
              "colour": "#1E398D",
              "from": "หลักสอง",
              "name": "รถไฟฟ้ามหานคร สายสีน้ำเงิน",
              "name:en": "MRT Blue Line (Lak Song → Tha Phra)",
              "name:th": "รถไฟฟ้ามหานครสายสีน้ำเงิน",
              "name:zh": "曼谷地铁蓝线",
              "network": "Metropolitan Rapid Transit",
              "network:short": "MRT",
              "network:wikidata": "Q806485",
              "operator": "Bangkok Expressway and Metro Public Company Limited",
              "public_transport:version": "2",
              "ref": "MRT-BL",
              "route": "subway",
              "to": "ท่าพระ",
              "type": "route",
              "wikidata": "Q2486364",
              "wikipedia": "th:รถไฟฟ้ามหานคร สายสีน้ำเงิน"
            }
          }
        ]
      },
      "geometry": {
        "type": "Point",
        "coordinates": [
          100.4852762,
          13.7773776
        ]
      },
      "id": "node/12800442511"
    },
    {
      "type": "Feature",
      "properties": {
        "@id": "node/12800442508",
        "@relations": [
          {
            "role": "stop",
            "rel": 7725025,
            "reltags": {
              "colour": "#1E398D",
              "from": "หลักสอง",
              "name": "รถไฟฟ้ามหานคร สายสีน้ำเงิน",
              "name:en": "MRT Blue Line (Lak Song → Tha Phra)",
              "name:th": "รถไฟฟ้ามหานครสายสีน้ำเงิน",
              "name:zh": "曼谷地铁蓝线",
              "network": "Metropolitan Rapid Transit",
              "network:short": "MRT",
              "network:wikidata": "Q806485",
              "operator": "Bangkok Expressway and Metro Public Company Limited",
              "public_transport:version": "2",
              "ref": "MRT-BL",
              "route": "subway",
              "to": "ท่าพระ",
              "type": "route",
              "wikidata": "Q2486364",
              "wikipedia": "th:รถไฟฟ้ามหานคร สายสีน้ำเงิน"
            }
          }
        ]
      },
      "geometry": {
        "type": "Point",
        "coordinates": [
          100.4733265,
          13.7633001
        ]
      },
      "id": "node/12800442508"
    },
    {
      "type": "Feature",
      "properties": {
        "@id": "node/12800399153",
        "@relations": [
          {
            "role": "stop",
            "rel": 7725025,
            "reltags": {
              "colour": "#1E398D",
              "from": "หลักสอง",
              "name": "รถไฟฟ้ามหานคร สายสีน้ำเงิน",
              "name:en": "MRT Blue Line (Lak Song → Tha Phra)",
              "name:th": "รถไฟฟ้ามหานครสายสีน้ำเงิน",
              "name:zh": "曼谷地铁蓝线",
              "network": "Metropolitan Rapid Transit",
              "network:short": "MRT",
              "network:wikidata": "Q806485",
              "operator": "Bangkok Expressway and Metro Public Company Limited",
              "public_transport:version": "2",
              "ref": "MRT-BL",
              "route": "subway",
              "to": "ท่าพระ",
              "type": "route",
              "wikidata": "Q2486364",
              "wikipedia": "th:รถไฟฟ้ามหานคร สายสีน้ำเงิน"
            }
          }
        ]
      },
      "geometry": {
        "type": "Point",
        "coordinates": [
          100.4693484,
          13.7557994
        ]
      },
      "id": "node/12800399153"
    },
    {
      "type": "Feature",
      "properties": {
        "@id": "node/12800399151",
        "@relations": [
          {
            "role": "stop",
            "rel": 7725025,
            "reltags": {
              "colour": "#1E398D",
              "from": "หลักสอง",
              "name": "รถไฟฟ้ามหานคร สายสีน้ำเงิน",
              "name:en": "MRT Blue Line (Lak Song → Tha Phra)",
              "name:th": "รถไฟฟ้ามหานครสายสีน้ำเงิน",
              "name:zh": "曼谷地铁蓝线",
              "network": "Metropolitan Rapid Transit",
              "network:short": "MRT",
              "network:wikidata": "Q806485",
              "operator": "Bangkok Expressway and Metro Public Company Limited",
              "public_transport:version": "2",
              "ref": "MRT-BL",
              "route": "subway",
              "to": "ท่าพระ",
              "type": "route",
              "wikidata": "Q2486364",
              "wikipedia": "th:รถไฟฟ้ามหานคร สายสีน้ำเงิน"
            }
          }
        ]
      },
      "geometry": {
        "type": "Point",
        "coordinates": [
          100.4707336,
          13.7401843
        ]
      },
      "id": "node/12800399151"
    },
    {
      "type": "Feature",
      "properties": {
        "@id": "node/8446348866",
        "@relations": [
          {
            "role": "stop",
            "rel": 7725025,
            "reltags": {
              "colour": "#1E398D",
              "from": "หลักสอง",
              "name": "รถไฟฟ้ามหานคร สายสีน้ำเงิน",
              "name:en": "MRT Blue Line (Lak Song → Tha Phra)",
              "name:th": "รถไฟฟ้ามหานครสายสีน้ำเงิน",
              "name:zh": "曼谷地铁蓝线",
              "network": "Metropolitan Rapid Transit",
              "network:short": "MRT",
              "network:wikidata": "Q806485",
              "operator": "Bangkok Expressway and Metro Public Company Limited",
              "public_transport:version": "2",
              "ref": "MRT-BL",
              "route": "subway",
              "to": "ท่าพระ",
              "type": "route",
              "wikidata": "Q2486364",
              "wikipedia": "th:รถไฟฟ้ามหานคร สายสีน้ำเงิน"
            }
          }
        ]
      },
      "geometry": {
        "type": "Point",
        "coordinates": [
          100.4741202,
          13.7296938
        ]
      },
      "id": "node/8446348866"
    },
    {
      "type": "Feature",
      "properties": {
        "@id": "node/6123597367",
        "@relations": [
          {
            "role": "stop",
            "rel": 7989376,
            "reltags": {
              "colour": "#65B724",
              "from": "Kheha",
              "name": "รถไฟฟ้าบีทีเอส สายสุขุมวิท (เคหะ → คูคต)",
              "name:en": "BTS Sukhumvit Line (Kheha → Khu Khot)",
              "name:ja": "BTSスクムウィット線（クーコット→ケーハー）",
              "name:th": "รถไฟฟ้าบีทีเอส สายสุขุมวิท (เคหะ → คูคต)",
              "network": "รถไฟฟ้าบีทีเอส",
              "network:en": "BTS Skytrain",
              "network:short": "BTS",
              "network:th": "รถไฟฟ้าบีทีเอส",
              "network:wikidata": "Q806501",
              "note": "I didn't include \"Last train route\" and \"Peak-only route\" into this \"Main route\".",
              "opening_hours": "Mo-Su 05:15-23:43",
              "operator": "ระบบขนส่งมวลชนกรุงเทพ",
              "operator:en": "Bangkok Mass Transit System;BTSC",
              "public_transport:version": "2",
              "ref": "สุขุมวิท",
              "route": "subway",
              "to": "Khu Khot",
              "type": "route",
              "website": "https://www.bts.co.th/service/timetable.html",
              "wikidata": "Q4921598",
              "wikipedia": "th:รถไฟฟ้าบีทีเอส สายสุขุมวิท"
            }
          }
        ]
      },
      "geometry": {
        "type": "Point",
        "coordinates": [
          100.5919898,
          13.6372874
        ]
      },
      "id": "node/6123597367"
    },
    {
      "type": "Feature",
      "properties": {
        "@id": "node/8222573842",
        "@relations": [
          {
            "role": "stop",
            "rel": 7989376,
            "reltags": {
              "colour": "#65B724",
              "from": "Kheha",
              "name": "รถไฟฟ้าบีทีเอส สายสุขุมวิท (เคหะ → คูคต)",
              "name:en": "BTS Sukhumvit Line (Kheha → Khu Khot)",
              "name:ja": "BTSスクムウィット線（クーコット→ケーハー）",
              "name:th": "รถไฟฟ้าบีทีเอส สายสุขุมวิท (เคหะ → คูคต)",
              "network": "รถไฟฟ้าบีทีเอส",
              "network:en": "BTS Skytrain",
              "network:short": "BTS",
              "network:th": "รถไฟฟ้าบีทีเอส",
              "network:wikidata": "Q806501",
              "note": "I didn't include \"Last train route\" and \"Peak-only route\" into this \"Main route\".",
              "opening_hours": "Mo-Su 05:15-23:43",
              "operator": "ระบบขนส่งมวลชนกรุงเทพ",
              "operator:en": "Bangkok Mass Transit System;BTSC",
              "public_transport:version": "2",
              "ref": "สุขุมวิท",
              "route": "subway",
              "to": "Khu Khot",
              "type": "route",
              "website": "https://www.bts.co.th/service/timetable.html",
              "wikidata": "Q4921598",
              "wikipedia": "th:รถไฟฟ้าบีทีเอส สายสุขุมวิท"
            }
          }
        ]
      },
      "geometry": {
        "type": "Point",
        "coordinates": [
          100.595713,
          13.6465228
        ]
      },
      "id": "node/8222573842"
    },
    {
      "type": "Feature",
      "properties": {
        "@id": "node/12888242249",
        "@relations": [
          {
            "role": "stop",
            "rel": 7989376,
            "reltags": {
              "colour": "#65B724",
              "from": "Kheha",
              "name": "รถไฟฟ้าบีทีเอส สายสุขุมวิท (เคหะ → คูคต)",
              "name:en": "BTS Sukhumvit Line (Kheha → Khu Khot)",
              "name:ja": "BTSスクムウィット線（クーコット→ケーハー）",
              "name:th": "รถไฟฟ้าบีทีเอส สายสุขุมวิท (เคหะ → คูคต)",
              "network": "รถไฟฟ้าบีทีเอส",
              "network:en": "BTS Skytrain",
              "network:short": "BTS",
              "network:th": "รถไฟฟ้าบีทีเอส",
              "network:wikidata": "Q806501",
              "note": "I didn't include \"Last train route\" and \"Peak-only route\" into this \"Main route\".",
              "opening_hours": "Mo-Su 05:15-23:43",
              "operator": "ระบบขนส่งมวลชนกรุงเทพ",
              "operator:en": "Bangkok Mass Transit System;BTSC",
              "public_transport:version": "2",
              "ref": "สุขุมวิท",
              "route": "subway",
              "to": "Khu Khot",
              "type": "route",
              "website": "https://www.bts.co.th/service/timetable.html",
              "wikidata": "Q4921598",
              "wikipedia": "th:รถไฟฟ้าบีทีเอส สายสุขุมวิท"
            }
          }
        ]
      },
      "geometry": {
        "type": "Point",
        "coordinates": [
          100.6046454,
          13.668148
        ]
      },
      "id": "node/12888242249"
    },
    {
      "type": "Feature",
      "properties": {
        "@id": "node/12888242250",
        "@relations": [
          {
            "role": "stop",
            "rel": 7989376,
            "reltags": {
              "colour": "#65B724",
              "from": "Kheha",
              "name": "รถไฟฟ้าบีทีเอส สายสุขุมวิท (เคหะ → คูคต)",
              "name:en": "BTS Sukhumvit Line (Kheha → Khu Khot)",
              "name:ja": "BTSスクムウィット線（クーコット→ケーハー）",
              "name:th": "รถไฟฟ้าบีทีเอส สายสุขุมวิท (เคหะ → คูคต)",
              "network": "รถไฟฟ้าบีทีเอส",
              "network:en": "BTS Skytrain",
              "network:short": "BTS",
              "network:th": "รถไฟฟ้าบีทีเอส",
              "network:wikidata": "Q806501",
              "note": "I didn't include \"Last train route\" and \"Peak-only route\" into this \"Main route\".",
              "opening_hours": "Mo-Su 05:15-23:43",
              "operator": "ระบบขนส่งมวลชนกรุงเทพ",
              "operator:en": "Bangkok Mass Transit System;BTSC",
              "public_transport:version": "2",
              "ref": "สุขุมวิท",
              "route": "subway",
              "to": "Khu Khot",
              "type": "route",
              "website": "https://www.bts.co.th/service/timetable.html",
              "wikidata": "Q4921598",
              "wikipedia": "th:รถไฟฟ้าบีทีเอส สายสุขุมวิท"
            }
          }
        ]
      },
      "geometry": {
        "type": "Point",
        "coordinates": [
          100.6094473,
          13.6798835
        ]
      },
      "id": "node/12888242250"
    },
    {
      "type": "Feature",
      "properties": {
        "@id": "node/12888242051",
        "@relations": [
          {
            "role": "stop",
            "rel": 7989376,
            "reltags": {
              "colour": "#65B724",
              "from": "Kheha",
              "name": "รถไฟฟ้าบีทีเอส สายสุขุมวิท (เคหะ → คูคต)",
              "name:en": "BTS Sukhumvit Line (Kheha → Khu Khot)",
              "name:ja": "BTSスクムウィット線（クーコット→ケーハー）",
              "name:th": "รถไฟฟ้าบีทีเอส สายสุขุมวิท (เคหะ → คูคต)",
              "network": "รถไฟฟ้าบีทีเอส",
              "network:en": "BTS Skytrain",
              "network:short": "BTS",
              "network:th": "รถไฟฟ้าบีทีเอส",
              "network:wikidata": "Q806501",
              "note": "I didn't include \"Last train route\" and \"Peak-only route\" into this \"Main route\".",
              "opening_hours": "Mo-Su 05:15-23:43",
              "operator": "ระบบขนส่งมวลชนกรุงเทพ",
              "operator:en": "Bangkok Mass Transit System;BTSC",
              "public_transport:version": "2",
              "ref": "สุขุมวิท",
              "route": "subway",
              "to": "Khu Khot",
              "type": "route",
              "website": "https://www.bts.co.th/service/timetable.html",
              "wikidata": "Q4921598",
              "wikipedia": "th:รถไฟฟ้าบีทีเอส สายสุขุมวิท"
            }
          }
        ]
      },
      "geometry": {
        "type": "Point",
        "coordinates": [
          100.5850979,
          13.7195218
        ]
      },
      "id": "node/12888242051"
    },
    {
      "type": "Feature",
      "properties": {
        "@id": "node/12888242031",
        "@relations": [
          {
            "role": "stop",
            "rel": 7989376,
            "reltags": {
              "colour": "#65B724",
              "from": "Kheha",
              "name": "รถไฟฟ้าบีทีเอส สายสุขุมวิท (เคหะ → คูคต)",
              "name:en": "BTS Sukhumvit Line (Kheha → Khu Khot)",
              "name:ja": "BTSスクムウィット線（クーコット→ケーハー）",
              "name:th": "รถไฟฟ้าบีทีเอส สายสุขุมวิท (เคหะ → คูคต)",
              "network": "รถไฟฟ้าบีทีเอส",
              "network:en": "BTS Skytrain",
              "network:short": "BTS",
              "network:th": "รถไฟฟ้าบีทีเอส",
              "network:wikidata": "Q806501",
              "note": "I didn't include \"Last train route\" and \"Peak-only route\" into this \"Main route\".",
              "opening_hours": "Mo-Su 05:15-23:43",
              "operator": "ระบบขนส่งมวลชนกรุงเทพ",
              "operator:en": "Bangkok Mass Transit System;BTSC",
              "public_transport:version": "2",
              "ref": "สุขุมวิท",
              "route": "subway",
              "to": "Khu Khot",
              "type": "route",
              "website": "https://www.bts.co.th/service/timetable.html",
              "wikidata": "Q4921598",
              "wikipedia": "th:รถไฟฟ้าบีทีเอส สายสุขุมวิท"
            }
          }
        ]
      },
      "geometry": {
        "type": "Point",
        "coordinates": [
          100.5784999,
          13.7242199
        ]
      },
      "id": "node/12888242031"
    },
    {
      "type": "Feature",
      "properties": {
        "@id": "node/12888242010",
        "@relations": [
          {
            "role": "stop",
            "rel": 7989376,
            "reltags": {
              "colour": "#65B724",
              "from": "Kheha",
              "name": "รถไฟฟ้าบีทีเอส สายสุขุมวิท (เคหะ → คูคต)",
              "name:en": "BTS Sukhumvit Line (Kheha → Khu Khot)",
              "name:ja": "BTSスクムウィット線（クーコット→ケーハー）",
              "name:th": "รถไฟฟ้าบีทีเอส สายสุขุมวิท (เคหะ → คูคต)",
              "network": "รถไฟฟ้าบีทีเอส",
              "network:en": "BTS Skytrain",
              "network:short": "BTS",
              "network:th": "รถไฟฟ้าบีทีเอส",
              "network:wikidata": "Q806501",
              "note": "I didn't include \"Last train route\" and \"Peak-only route\" into this \"Main route\".",
              "opening_hours": "Mo-Su 05:15-23:43",
              "operator": "ระบบขนส่งมวลชนกรุงเทพ",
              "operator:en": "Bangkok Mass Transit System;BTSC",
              "public_transport:version": "2",
              "ref": "สุขุมวิท",
              "route": "subway",
              "to": "Khu Khot",
              "type": "route",
              "website": "https://www.bts.co.th/service/timetable.html",
              "wikidata": "Q4921598",
              "wikipedia": "th:รถไฟฟ้าบีทีเอส สายสุขุมวิท"
            }
          }
        ]
      },
      "geometry": {
        "type": "Point",
        "coordinates": [
          100.5697037,
          13.730418
        ]
      },
      "id": "node/12888242010"
    },
    {
      "type": "Feature",
      "properties": {
        "@id": "node/12888241949",
        "@relations": [
          {
            "role": "stop",
            "rel": 7989376,
            "reltags": {
              "colour": "#65B724",
              "from": "Kheha",
              "name": "รถไฟฟ้าบีทีเอส สายสุขุมวิท (เคหะ → คูคต)",
              "name:en": "BTS Sukhumvit Line (Kheha → Khu Khot)",
              "name:ja": "BTSスクムウィット線（クーコット→ケーハー）",
              "name:th": "รถไฟฟ้าบีทีเอส สายสุขุมวิท (เคหะ → คูคต)",
              "network": "รถไฟฟ้าบีทีเอส",
              "network:en": "BTS Skytrain",
              "network:short": "BTS",
              "network:th": "รถไฟฟ้าบีทีเอส",
              "network:wikidata": "Q806501",
              "note": "I didn't include \"Last train route\" and \"Peak-only route\" into this \"Main route\".",
              "opening_hours": "Mo-Su 05:15-23:43",
              "operator": "ระบบขนส่งมวลชนกรุงเทพ",
              "operator:en": "Bangkok Mass Transit System;BTSC",
              "public_transport:version": "2",
              "ref": "สุขุมวิท",
              "route": "subway",
              "to": "Khu Khot",
              "type": "route",
              "website": "https://www.bts.co.th/service/timetable.html",
              "wikidata": "Q4921598",
              "wikipedia": "th:รถไฟฟ้าบีทีเอส สายสุขุมวิท"
            }
          }
        ]
      },
      "geometry": {
        "type": "Point",
        "coordinates": [
          100.5554116,
          13.7405255
        ]
      },
      "id": "node/12888241949"
    },
    {
      "type": "Feature",
      "properties": {
        "@id": "node/12888241902",
        "@relations": [
          {
            "role": "stop",
            "rel": 7989376,
            "reltags": {
              "colour": "#65B724",
              "from": "Kheha",
              "name": "รถไฟฟ้าบีทีเอส สายสุขุมวิท (เคหะ → คูคต)",
              "name:en": "BTS Sukhumvit Line (Kheha → Khu Khot)",
              "name:ja": "BTSスクムウィット線（クーコット→ケーハー）",
              "name:th": "รถไฟฟ้าบีทีเอส สายสุขุมวิท (เคหะ → คูคต)",
              "network": "รถไฟฟ้าบีทีเอส",
              "network:en": "BTS Skytrain",
              "network:short": "BTS",
              "network:th": "รถไฟฟ้าบีทีเอส",
              "network:wikidata": "Q806501",
              "note": "I didn't include \"Last train route\" and \"Peak-only route\" into this \"Main route\".",
              "opening_hours": "Mo-Su 05:15-23:43",
              "operator": "ระบบขนส่งมวลชนกรุงเทพ",
              "operator:en": "Bangkok Mass Transit System;BTSC",
              "public_transport:version": "2",
              "ref": "สุขุมวิท",
              "route": "subway",
              "to": "Khu Khot",
              "type": "route",
              "website": "https://www.bts.co.th/service/timetable.html",
              "wikidata": "Q4921598",
              "wikipedia": "th:รถไฟฟ้าบีทีเอส สายสุขุมวิท"
            }
          }
        ]
      },
      "geometry": {
        "type": "Point",
        "coordinates": [
          100.5430673,
          13.7440781
        ]
      },
      "id": "node/12888241902"
    },
    {
      "type": "Feature",
      "properties": {
        "@id": "node/12885545795",
        "@relations": [
          {
            "role": "stop",
            "rel": 7989376,
            "reltags": {
              "colour": "#65B724",
              "from": "Kheha",
              "name": "รถไฟฟ้าบีทีเอส สายสุขุมวิท (เคหะ → คูคต)",
              "name:en": "BTS Sukhumvit Line (Kheha → Khu Khot)",
              "name:ja": "BTSスクムウィット線（クーコット→ケーハー）",
              "name:th": "รถไฟฟ้าบีทีเอส สายสุขุมวิท (เคหะ → คูคต)",
              "network": "รถไฟฟ้าบีทีเอส",
              "network:en": "BTS Skytrain",
              "network:short": "BTS",
              "network:th": "รถไฟฟ้าบีทีเอส",
              "network:wikidata": "Q806501",
              "note": "I didn't include \"Last train route\" and \"Peak-only route\" into this \"Main route\".",
              "opening_hours": "Mo-Su 05:15-23:43",
              "operator": "ระบบขนส่งมวลชนกรุงเทพ",
              "operator:en": "Bangkok Mass Transit System;BTSC",
              "public_transport:version": "2",
              "ref": "สุขุมวิท",
              "route": "subway",
              "to": "Khu Khot",
              "type": "route",
              "website": "https://www.bts.co.th/service/timetable.html",
              "wikidata": "Q4921598",
              "wikipedia": "th:รถไฟฟ้าบีทีเอส สายสุขุมวิท"
            }
          }
        ]
      },
      "geometry": {
        "type": "Point",
        "coordinates": [
          100.5315331,
          13.7518858
        ]
      },
      "id": "node/12885545795"
    },
    {
      "type": "Feature",
      "properties": {
        "@id": "node/12885877729",
        "@relations": [
          {
            "role": "stop",
            "rel": 7989376,
            "reltags": {
              "colour": "#65B724",
              "from": "Kheha",
              "name": "รถไฟฟ้าบีทีเอส สายสุขุมวิท (เคหะ → คูคต)",
              "name:en": "BTS Sukhumvit Line (Kheha → Khu Khot)",
              "name:ja": "BTSスクムウィット線（クーコット→ケーハー）",
              "name:th": "รถไฟฟ้าบีทีเอส สายสุขุมวิท (เคหะ → คูคต)",
              "network": "รถไฟฟ้าบีทีเอส",
              "network:en": "BTS Skytrain",
              "network:short": "BTS",
              "network:th": "รถไฟฟ้าบีทีเอส",
              "network:wikidata": "Q806501",
              "note": "I didn't include \"Last train route\" and \"Peak-only route\" into this \"Main route\".",
              "opening_hours": "Mo-Su 05:15-23:43",
              "operator": "ระบบขนส่งมวลชนกรุงเทพ",
              "operator:en": "Bangkok Mass Transit System;BTSC",
              "public_transport:version": "2",
              "ref": "สุขุมวิท",
              "route": "subway",
              "to": "Khu Khot",
              "type": "route",
              "website": "https://www.bts.co.th/service/timetable.html",
              "wikidata": "Q4921598",
              "wikipedia": "th:รถไฟฟ้าบีทีเอส สายสุขุมวิท"
            }
          }
        ]
      },
      "geometry": {
        "type": "Point",
        "coordinates": [
          100.5370398,
          13.7627683
        ]
      },
      "id": "node/12885877729"
    },
    {
      "type": "Feature",
      "properties": {
        "@id": "node/12885877711",
        "@relations": [
          {
            "role": "stop",
            "rel": 7989376,
            "reltags": {
              "colour": "#65B724",
              "from": "Kheha",
              "name": "รถไฟฟ้าบีทีเอส สายสุขุมวิท (เคหะ → คูคต)",
              "name:en": "BTS Sukhumvit Line (Kheha → Khu Khot)",
              "name:ja": "BTSスクムウィット線（クーコット→ケーハー）",
              "name:th": "รถไฟฟ้าบีทีเอส สายสุขุมวิท (เคหะ → คูคต)",
              "network": "รถไฟฟ้าบีทีเอส",
              "network:en": "BTS Skytrain",
              "network:short": "BTS",
              "network:th": "รถไฟฟ้าบีทีเอส",
              "network:wikidata": "Q806501",
              "note": "I didn't include \"Last train route\" and \"Peak-only route\" into this \"Main route\".",
              "opening_hours": "Mo-Su 05:15-23:43",
              "operator": "ระบบขนส่งมวลชนกรุงเทพ",
              "operator:en": "Bangkok Mass Transit System;BTSC",
              "public_transport:version": "2",
              "ref": "สุขุมวิท",
              "route": "subway",
              "to": "Khu Khot",
              "type": "route",
              "website": "https://www.bts.co.th/service/timetable.html",
              "wikidata": "Q4921598",
              "wikipedia": "th:รถไฟฟ้าบีทีเอส สายสุขุมวิท"
            }
          }
        ]
      },
      "geometry": {
        "type": "Point",
        "coordinates": [
          100.5420529,
          13.7726371
        ]
      },
      "id": "node/12885877711"
    },
    {
      "type": "Feature",
      "properties": {
        "@id": "node/12885877702",
        "@relations": [
          {
            "role": "stop",
            "rel": 7989376,
            "reltags": {
              "colour": "#65B724",
              "from": "Kheha",
              "name": "รถไฟฟ้าบีทีเอส สายสุขุมวิท (เคหะ → คูคต)",
              "name:en": "BTS Sukhumvit Line (Kheha → Khu Khot)",
              "name:ja": "BTSスクムウィット線（クーコット→ケーハー）",
              "name:th": "รถไฟฟ้าบีทีเอส สายสุขุมวิท (เคหะ → คูคต)",
              "network": "รถไฟฟ้าบีทีเอส",
              "network:en": "BTS Skytrain",
              "network:short": "BTS",
              "network:th": "รถไฟฟ้าบีทีเอส",
              "network:wikidata": "Q806501",
              "note": "I didn't include \"Last train route\" and \"Peak-only route\" into this \"Main route\".",
              "opening_hours": "Mo-Su 05:15-23:43",
              "operator": "ระบบขนส่งมวลชนกรุงเทพ",
              "operator:en": "Bangkok Mass Transit System;BTSC",
              "public_transport:version": "2",
              "ref": "สุขุมวิท",
              "route": "subway",
              "to": "Khu Khot",
              "type": "route",
              "website": "https://www.bts.co.th/service/timetable.html",
              "wikidata": "Q4921598",
              "wikipedia": "th:รถไฟฟ้าบีทีเอส สายสุขุมวิท"
            }
          }
        ]
      },
      "geometry": {
        "type": "Point",
        "coordinates": [
          100.5446036,
          13.7797175
        ]
      },
      "id": "node/12885877702"
    },
    {
      "type": "Feature",
      "properties": {
        "@id": "node/12885877748",
        "@relations": [
          {
            "role": "stop",
            "rel": 7989376,
            "reltags": {
              "colour": "#65B724",
              "from": "Kheha",
              "name": "รถไฟฟ้าบีทีเอส สายสุขุมวิท (เคหะ → คูคต)",
              "name:en": "BTS Sukhumvit Line (Kheha → Khu Khot)",
              "name:ja": "BTSスクムウィット線（クーコット→ケーハー）",
              "name:th": "รถไฟฟ้าบีทีเอส สายสุขุมวิท (เคหะ → คูคต)",
              "network": "รถไฟฟ้าบีทีเอส",
              "network:en": "BTS Skytrain",
              "network:short": "BTS",
              "network:th": "รถไฟฟ้าบีทีเอส",
              "network:wikidata": "Q806501",
              "note": "I didn't include \"Last train route\" and \"Peak-only route\" into this \"Main route\".",
              "opening_hours": "Mo-Su 05:15-23:43",
              "operator": "ระบบขนส่งมวลชนกรุงเทพ",
              "operator:en": "Bangkok Mass Transit System;BTSC",
              "public_transport:version": "2",
              "ref": "สุขุมวิท",
              "route": "subway",
              "to": "Khu Khot",
              "type": "route",
              "website": "https://www.bts.co.th/service/timetable.html",
              "wikidata": "Q4921598",
              "wikipedia": "th:รถไฟฟ้าบีทีเอส สายสุขุมวิท"
            }
          }
        ]
      },
      "geometry": {
        "type": "Point",
        "coordinates": [
          100.5496927,
          13.793831
        ]
      },
      "id": "node/12885877748"
    },
    {
      "type": "Feature",
      "properties": {
        "@id": "node/5388599065",
        "@relations": [
          {
            "role": "stop",
            "rel": 7989376,
            "reltags": {
              "colour": "#65B724",
              "from": "Kheha",
              "name": "รถไฟฟ้าบีทีเอส สายสุขุมวิท (เคหะ → คูคต)",
              "name:en": "BTS Sukhumvit Line (Kheha → Khu Khot)",
              "name:ja": "BTSスクムウィット線（クーコット→ケーハー）",
              "name:th": "รถไฟฟ้าบีทีเอส สายสุขุมวิท (เคหะ → คูคต)",
              "network": "รถไฟฟ้าบีทีเอส",
              "network:en": "BTS Skytrain",
              "network:short": "BTS",
              "network:th": "รถไฟฟ้าบีทีเอส",
              "network:wikidata": "Q806501",
              "note": "I didn't include \"Last train route\" and \"Peak-only route\" into this \"Main route\".",
              "opening_hours": "Mo-Su 05:15-23:43",
              "operator": "ระบบขนส่งมวลชนกรุงเทพ",
              "operator:en": "Bangkok Mass Transit System;BTSC",
              "public_transport:version": "2",
              "ref": "สุขุมวิท",
              "route": "subway",
              "to": "Khu Khot",
              "type": "route",
              "website": "https://www.bts.co.th/service/timetable.html",
              "wikidata": "Q4921598",
              "wikipedia": "th:รถไฟฟ้าบีทีเอส สายสุขุมวิท"
            }
          }
        ]
      },
      "geometry": {
        "type": "Point",
        "coordinates": [
          100.5537913,
          13.8025991
        ]
      },
      "id": "node/5388599065"
    },
    {
      "type": "Feature",
      "properties": {
        "@id": "node/6681609031",
        "@relations": [
          {
            "role": "stop",
            "rel": 7989376,
            "reltags": {
              "colour": "#65B724",
              "from": "Kheha",
              "name": "รถไฟฟ้าบีทีเอส สายสุขุมวิท (เคหะ → คูคต)",
              "name:en": "BTS Sukhumvit Line (Kheha → Khu Khot)",
              "name:ja": "BTSスクムウィット線（クーコット→ケーハー）",
              "name:th": "รถไฟฟ้าบีทีเอส สายสุขุมวิท (เคหะ → คูคต)",
              "network": "รถไฟฟ้าบีทีเอส",
              "network:en": "BTS Skytrain",
              "network:short": "BTS",
              "network:th": "รถไฟฟ้าบีทีเอส",
              "network:wikidata": "Q806501",
              "note": "I didn't include \"Last train route\" and \"Peak-only route\" into this \"Main route\".",
              "opening_hours": "Mo-Su 05:15-23:43",
              "operator": "ระบบขนส่งมวลชนกรุงเทพ",
              "operator:en": "Bangkok Mass Transit System;BTSC",
              "public_transport:version": "2",
              "ref": "สุขุมวิท",
              "route": "subway",
              "to": "Khu Khot",
              "type": "route",
              "website": "https://www.bts.co.th/service/timetable.html",
              "wikidata": "Q4921598",
              "wikipedia": "th:รถไฟฟ้าบีทีเอส สายสุขุมวิท"
            }
          }
        ]
      },
      "geometry": {
        "type": "Point",
        "coordinates": [
          100.5619431,
          13.8167252
        ]
      },
      "id": "node/6681609031"
    },
    {
      "type": "Feature",
      "properties": {
        "@id": "node/12885877879",
        "@relations": [
          {
            "role": "stop",
            "rel": 7989376,
            "reltags": {
              "colour": "#65B724",
              "from": "Kheha",
              "name": "รถไฟฟ้าบีทีเอส สายสุขุมวิท (เคหะ → คูคต)",
              "name:en": "BTS Sukhumvit Line (Kheha → Khu Khot)",
              "name:ja": "BTSスクムウィット線（クーコット→ケーハー）",
              "name:th": "รถไฟฟ้าบีทีเอส สายสุขุมวิท (เคหะ → คูคต)",
              "network": "รถไฟฟ้าบีทีเอส",
              "network:en": "BTS Skytrain",
              "network:short": "BTS",
              "network:th": "รถไฟฟ้าบีทีเอส",
              "network:wikidata": "Q806501",
              "note": "I didn't include \"Last train route\" and \"Peak-only route\" into this \"Main route\".",
              "opening_hours": "Mo-Su 05:15-23:43",
              "operator": "ระบบขนส่งมวลชนกรุงเทพ",
              "operator:en": "Bangkok Mass Transit System;BTSC",
              "public_transport:version": "2",
              "ref": "สุขุมวิท",
              "route": "subway",
              "to": "Khu Khot",
              "type": "route",
              "website": "https://www.bts.co.th/service/timetable.html",
              "wikidata": "Q4921598",
              "wikipedia": "th:รถไฟฟ้าบีทีเอส สายสุขุมวิท"
            }
          }
        ]
      },
      "geometry": {
        "type": "Point",
        "coordinates": [
          100.5664091,
          13.8241276
        ]
      },
      "id": "node/12885877879"
    },
    {
      "type": "Feature",
      "properties": {
        "@id": "node/12885877902",
        "@relations": [
          {
            "role": "stop",
            "rel": 7989376,
            "reltags": {
              "colour": "#65B724",
              "from": "Kheha",
              "name": "รถไฟฟ้าบีทีเอส สายสุขุมวิท (เคหะ → คูคต)",
              "name:en": "BTS Sukhumvit Line (Kheha → Khu Khot)",
              "name:ja": "BTSスクムウィット線（クーコット→ケーハー）",
              "name:th": "รถไฟฟ้าบีทีเอส สายสุขุมวิท (เคหะ → คูคต)",
              "network": "รถไฟฟ้าบีทีเอส",
              "network:en": "BTS Skytrain",
              "network:short": "BTS",
              "network:th": "รถไฟฟ้าบีทีเอส",
              "network:wikidata": "Q806501",
              "note": "I didn't include \"Last train route\" and \"Peak-only route\" into this \"Main route\".",
              "opening_hours": "Mo-Su 05:15-23:43",
              "operator": "ระบบขนส่งมวลชนกรุงเทพ",
              "operator:en": "Bangkok Mass Transit System;BTSC",
              "public_transport:version": "2",
              "ref": "สุขุมวิท",
              "route": "subway",
              "to": "Khu Khot",
              "type": "route",
              "website": "https://www.bts.co.th/service/timetable.html",
              "wikidata": "Q4921598",
              "wikipedia": "th:รถไฟฟ้าบีทีเอส สายสุขุมวิท"
            }
          }
        ]
      },
      "geometry": {
        "type": "Point",
        "coordinates": [
          100.5697043,
          13.8297575
        ]
      },
      "id": "node/12885877902"
    },
    {
      "type": "Feature",
      "properties": {
        "@id": "node/12885877921",
        "@relations": [
          {
            "role": "stop",
            "rel": 7989376,
            "reltags": {
              "colour": "#65B724",
              "from": "Kheha",
              "name": "รถไฟฟ้าบีทีเอส สายสุขุมวิท (เคหะ → คูคต)",
              "name:en": "BTS Sukhumvit Line (Kheha → Khu Khot)",
              "name:ja": "BTSスクムウィット線（クーコット→ケーハー）",
              "name:th": "รถไฟฟ้าบีทีเอส สายสุขุมวิท (เคหะ → คูคต)",
              "network": "รถไฟฟ้าบีทีเอส",
              "network:en": "BTS Skytrain",
              "network:short": "BTS",
              "network:th": "รถไฟฟ้าบีทีเอส",
              "network:wikidata": "Q806501",
              "note": "I didn't include \"Last train route\" and \"Peak-only route\" into this \"Main route\".",
              "opening_hours": "Mo-Su 05:15-23:43",
              "operator": "ระบบขนส่งมวลชนกรุงเทพ",
              "operator:en": "Bangkok Mass Transit System;BTSC",
              "public_transport:version": "2",
              "ref": "สุขุมวิท",
              "route": "subway",
              "to": "Khu Khot",
              "type": "route",
              "website": "https://www.bts.co.th/service/timetable.html",
              "wikidata": "Q4921598",
              "wikipedia": "th:รถไฟฟ้าบีทีเอส สายสุขุมวิท"
            }
          }
        ]
      },
      "geometry": {
        "type": "Point",
        "coordinates": [
          100.5736088,
          13.8364194
        ]
      },
      "id": "node/12885877921"
    },
    {
      "type": "Feature",
      "properties": {
        "@id": "node/12885877969",
        "@relations": [
          {
            "role": "stop",
            "rel": 7989376,
            "reltags": {
              "colour": "#65B724",
              "from": "Kheha",
              "name": "รถไฟฟ้าบีทีเอส สายสุขุมวิท (เคหะ → คูคต)",
              "name:en": "BTS Sukhumvit Line (Kheha → Khu Khot)",
              "name:ja": "BTSスクムウィット線（クーコット→ケーハー）",
              "name:th": "รถไฟฟ้าบีทีเอส สายสุขุมวิท (เคหะ → คูคต)",
              "network": "รถไฟฟ้าบีทีเอส",
              "network:en": "BTS Skytrain",
              "network:short": "BTS",
              "network:th": "รถไฟฟ้าบีทีเอส",
              "network:wikidata": "Q806501",
              "note": "I didn't include \"Last train route\" and \"Peak-only route\" into this \"Main route\".",
              "opening_hours": "Mo-Su 05:15-23:43",
              "operator": "ระบบขนส่งมวลชนกรุงเทพ",
              "operator:en": "Bangkok Mass Transit System;BTSC",
              "public_transport:version": "2",
              "ref": "สุขุมวิท",
              "route": "subway",
              "to": "Khu Khot",
              "type": "route",
              "website": "https://www.bts.co.th/service/timetable.html",
              "wikidata": "Q4921598",
              "wikipedia": "th:รถไฟฟ้าบีทีเอส สายสุขุมวิท"
            }
          }
        ]
      },
      "geometry": {
        "type": "Point",
        "coordinates": [
          100.577087,
          13.8423258
        ]
      },
      "id": "node/12885877969"
    },
    {
      "type": "Feature",
      "properties": {
        "@id": "node/12885877972",
        "@relations": [
          {
            "role": "stop",
            "rel": 7989376,
            "reltags": {
              "colour": "#65B724",
              "from": "Kheha",
              "name": "รถไฟฟ้าบีทีเอส สายสุขุมวิท (เคหะ → คูคต)",
              "name:en": "BTS Sukhumvit Line (Kheha → Khu Khot)",
              "name:ja": "BTSスクムウィット線（クーコット→ケーハー）",
              "name:th": "รถไฟฟ้าบีทีเอส สายสุขุมวิท (เคหะ → คูคต)",
              "network": "รถไฟฟ้าบีทีเอส",
              "network:en": "BTS Skytrain",
              "network:short": "BTS",
              "network:th": "รถไฟฟ้าบีทีเอส",
              "network:wikidata": "Q806501",
              "note": "I didn't include \"Last train route\" and \"Peak-only route\" into this \"Main route\".",
              "opening_hours": "Mo-Su 05:15-23:43",
              "operator": "ระบบขนส่งมวลชนกรุงเทพ",
              "operator:en": "Bangkok Mass Transit System;BTSC",
              "public_transport:version": "2",
              "ref": "สุขุมวิท",
              "route": "subway",
              "to": "Khu Khot",
              "type": "route",
              "website": "https://www.bts.co.th/service/timetable.html",
              "wikidata": "Q4921598",
              "wikipedia": "th:รถไฟฟ้าบีทีเอส สายสุขุมวิท"
            }
          }
        ]
      },
      "geometry": {
        "type": "Point",
        "coordinates": [
          100.5817968,
          13.8503348
        ]
      },
      "id": "node/12885877972"
    },
    {
      "type": "Feature",
      "properties": {
        "@id": "node/12885877999",
        "@relations": [
          {
            "role": "stop",
            "rel": 7989376,
            "reltags": {
              "colour": "#65B724",
              "from": "Kheha",
              "name": "รถไฟฟ้าบีทีเอส สายสุขุมวิท (เคหะ → คูคต)",
              "name:en": "BTS Sukhumvit Line (Kheha → Khu Khot)",
              "name:ja": "BTSスクムウィット線（クーコット→ケーハー）",
              "name:th": "รถไฟฟ้าบีทีเอส สายสุขุมวิท (เคหะ → คูคต)",
              "network": "รถไฟฟ้าบีทีเอส",
              "network:en": "BTS Skytrain",
              "network:short": "BTS",
              "network:th": "รถไฟฟ้าบีทีเอส",
              "network:wikidata": "Q806501",
              "note": "I didn't include \"Last train route\" and \"Peak-only route\" into this \"Main route\".",
              "opening_hours": "Mo-Su 05:15-23:43",
              "operator": "ระบบขนส่งมวลชนกรุงเทพ",
              "operator:en": "Bangkok Mass Transit System;BTSC",
              "public_transport:version": "2",
              "ref": "สุขุมวิท",
              "route": "subway",
              "to": "Khu Khot",
              "type": "route",
              "website": "https://www.bts.co.th/service/timetable.html",
              "wikidata": "Q4921598",
              "wikipedia": "th:รถไฟฟ้าบีทีเอส สายสุขุมวิท"
            }
          }
        ]
      },
      "geometry": {
        "type": "Point",
        "coordinates": [
          100.5851586,
          13.8560609
        ]
      },
      "id": "node/12885877999"
    },
    {
      "type": "Feature",
      "properties": {
        "@id": "node/12885893603",
        "@relations": [
          {
            "role": "stop",
            "rel": 7989376,
            "reltags": {
              "colour": "#65B724",
              "from": "Kheha",
              "name": "รถไฟฟ้าบีทีเอส สายสุขุมวิท (เคหะ → คูคต)",
              "name:en": "BTS Sukhumvit Line (Kheha → Khu Khot)",
              "name:ja": "BTSスクムウィット線（クーコット→ケーハー）",
              "name:th": "รถไฟฟ้าบีทีเอส สายสุขุมวิท (เคหะ → คูคต)",
              "network": "รถไฟฟ้าบีทีเอส",
              "network:en": "BTS Skytrain",
              "network:short": "BTS",
              "network:th": "รถไฟฟ้าบีทีเอส",
              "network:wikidata": "Q806501",
              "note": "I didn't include \"Last train route\" and \"Peak-only route\" into this \"Main route\".",
              "opening_hours": "Mo-Su 05:15-23:43",
              "operator": "ระบบขนส่งมวลชนกรุงเทพ",
              "operator:en": "Bangkok Mass Transit System;BTSC",
              "public_transport:version": "2",
              "ref": "สุขุมวิท",
              "route": "subway",
              "to": "Khu Khot",
              "type": "route",
              "website": "https://www.bts.co.th/service/timetable.html",
              "wikidata": "Q4921598",
              "wikipedia": "th:รถไฟฟ้าบีทีเอส สายสุขุมวิท"
            }
          }
        ]
      },
      "geometry": {
        "type": "Point",
        "coordinates": [
          100.5919528,
          13.8675861
        ]
      },
      "id": "node/12885893603"
    },
    {
      "type": "Feature",
      "properties": {
        "@id": "node/7613336661",
        "@relations": [
          {
            "role": "stop",
            "rel": 7989376,
            "reltags": {
              "colour": "#65B724",
              "from": "Kheha",
              "name": "รถไฟฟ้าบีทีเอส สายสุขุมวิท (เคหะ → คูคต)",
              "name:en": "BTS Sukhumvit Line (Kheha → Khu Khot)",
              "name:ja": "BTSスクムウィット線（クーコット→ケーハー）",
              "name:th": "รถไฟฟ้าบีทีเอส สายสุขุมวิท (เคหะ → คูคต)",
              "network": "รถไฟฟ้าบีทีเอส",
              "network:en": "BTS Skytrain",
              "network:short": "BTS",
              "network:th": "รถไฟฟ้าบีทีเอส",
              "network:wikidata": "Q806501",
              "note": "I didn't include \"Last train route\" and \"Peak-only route\" into this \"Main route\".",
              "opening_hours": "Mo-Su 05:15-23:43",
              "operator": "ระบบขนส่งมวลชนกรุงเทพ",
              "operator:en": "Bangkok Mass Transit System;BTSC",
              "public_transport:version": "2",
              "ref": "สุขุมวิท",
              "route": "subway",
              "to": "Khu Khot",
              "type": "route",
              "website": "https://www.bts.co.th/service/timetable.html",
              "wikidata": "Q4921598",
              "wikipedia": "th:รถไฟฟ้าบีทีเอส สายสุขุมวิท"
            }
          }
        ]
      },
      "geometry": {
        "type": "Point",
        "coordinates": [
          100.5966803,
          13.8753392
        ]
      },
      "id": "node/7613336661"
    },
    {
      "type": "Feature",
      "properties": {
        "@id": "node/12885893662",
        "@relations": [
          {
            "role": "stop",
            "rel": 7989376,
            "reltags": {
              "colour": "#65B724",
              "from": "Kheha",
              "name": "รถไฟฟ้าบีทีเอส สายสุขุมวิท (เคหะ → คูคต)",
              "name:en": "BTS Sukhumvit Line (Kheha → Khu Khot)",
              "name:ja": "BTSスクムウィット線（クーコット→ケーハー）",
              "name:th": "รถไฟฟ้าบีทีเอส สายสุขุมวิท (เคหะ → คูคต)",
              "network": "รถไฟฟ้าบีทีเอส",
              "network:en": "BTS Skytrain",
              "network:short": "BTS",
              "network:th": "รถไฟฟ้าบีทีเอส",
              "network:wikidata": "Q806501",
              "note": "I didn't include \"Last train route\" and \"Peak-only route\" into this \"Main route\".",
              "opening_hours": "Mo-Su 05:15-23:43",
              "operator": "ระบบขนส่งมวลชนกรุงเทพ",
              "operator:en": "Bangkok Mass Transit System;BTSC",
              "public_transport:version": "2",
              "ref": "สุขุมวิท",
              "route": "subway",
              "to": "Khu Khot",
              "type": "route",
              "website": "https://www.bts.co.th/service/timetable.html",
              "wikidata": "Q4921598",
              "wikipedia": "th:รถไฟฟ้าบีทีเอส สายสุขุมวิท"
            }
          }
        ]
      },
      "geometry": {
        "type": "Point",
        "coordinates": [
          100.6007124,
          13.8824579
        ]
      },
      "id": "node/12885893662"
    },
    {
      "type": "Feature",
      "properties": {
        "@id": "node/12885893670",
        "@relations": [
          {
            "role": "stop",
            "rel": 7989376,
            "reltags": {
              "colour": "#65B724",
              "from": "Kheha",
              "name": "รถไฟฟ้าบีทีเอส สายสุขุมวิท (เคหะ → คูคต)",
              "name:en": "BTS Sukhumvit Line (Kheha → Khu Khot)",
              "name:ja": "BTSスクムウィット線（クーコット→ケーハー）",
              "name:th": "รถไฟฟ้าบีทีเอส สายสุขุมวิท (เคหะ → คูคต)",
              "network": "รถไฟฟ้าบีทีเอส",
              "network:en": "BTS Skytrain",
              "network:short": "BTS",
              "network:th": "รถไฟฟ้าบีทีเอส",
              "network:wikidata": "Q806501",
              "note": "I didn't include \"Last train route\" and \"Peak-only route\" into this \"Main route\".",
              "opening_hours": "Mo-Su 05:15-23:43",
              "operator": "ระบบขนส่งมวลชนกรุงเทพ",
              "operator:en": "Bangkok Mass Transit System;BTSC",
              "public_transport:version": "2",
              "ref": "สุขุมวิท",
              "route": "subway",
              "to": "Khu Khot",
              "type": "route",
              "website": "https://www.bts.co.th/service/timetable.html",
              "wikidata": "Q4921598",
              "wikipedia": "th:รถไฟฟ้าบีทีเอส สายสุขุมวิท"
            }
          }
        ]
      },
      "geometry": {
        "type": "Point",
        "coordinates": [
          100.6042492,
          13.8884606
        ]
      },
      "id": "node/12885893670"
    },
    {
      "type": "Feature",
      "properties": {
        "@id": "node/12885902271",
        "@relations": [
          {
            "role": "stop",
            "rel": 7989376,
            "reltags": {
              "colour": "#65B724",
              "from": "Kheha",
              "name": "รถไฟฟ้าบีทีเอส สายสุขุมวิท (เคหะ → คูคต)",
              "name:en": "BTS Sukhumvit Line (Kheha → Khu Khot)",
              "name:ja": "BTSスクムウィット線（クーコット→ケーハー）",
              "name:th": "รถไฟฟ้าบีทีเอส สายสุขุมวิท (เคหะ → คูคต)",
              "network": "รถไฟฟ้าบีทีเอส",
              "network:en": "BTS Skytrain",
              "network:short": "BTS",
              "network:th": "รถไฟฟ้าบีทีเอส",
              "network:wikidata": "Q806501",
              "note": "I didn't include \"Last train route\" and \"Peak-only route\" into this \"Main route\".",
              "opening_hours": "Mo-Su 05:15-23:43",
              "operator": "ระบบขนส่งมวลชนกรุงเทพ",
              "operator:en": "Bangkok Mass Transit System;BTSC",
              "public_transport:version": "2",
              "ref": "สุขุมวิท",
              "route": "subway",
              "to": "Khu Khot",
              "type": "route",
              "website": "https://www.bts.co.th/service/timetable.html",
              "wikidata": "Q4921598",
              "wikipedia": "th:รถไฟฟ้าบีทีเอส สายสุขุมวิท"
            }
          }
        ]
      },
      "geometry": {
        "type": "Point",
        "coordinates": [
          100.6090569,
          13.8966218
        ]
      },
      "id": "node/12885902271"
    },
    {
      "type": "Feature",
      "properties": {
        "@id": "node/12885902275",
        "@relations": [
          {
            "role": "stop",
            "rel": 7989376,
            "reltags": {
              "colour": "#65B724",
              "from": "Kheha",
              "name": "รถไฟฟ้าบีทีเอส สายสุขุมวิท (เคหะ → คูคต)",
              "name:en": "BTS Sukhumvit Line (Kheha → Khu Khot)",
              "name:ja": "BTSスクムウィット線（クーコット→ケーハー）",
              "name:th": "รถไฟฟ้าบีทีเอส สายสุขุมวิท (เคหะ → คูคต)",
              "network": "รถไฟฟ้าบีทีเอส",
              "network:en": "BTS Skytrain",
              "network:short": "BTS",
              "network:th": "รถไฟฟ้าบีทีเอส",
              "network:wikidata": "Q806501",
              "note": "I didn't include \"Last train route\" and \"Peak-only route\" into this \"Main route\".",
              "opening_hours": "Mo-Su 05:15-23:43",
              "operator": "ระบบขนส่งมวลชนกรุงเทพ",
              "operator:en": "Bangkok Mass Transit System;BTSC",
              "public_transport:version": "2",
              "ref": "สุขุมวิท",
              "route": "subway",
              "to": "Khu Khot",
              "type": "route",
              "website": "https://www.bts.co.th/service/timetable.html",
              "wikidata": "Q4921598",
              "wikipedia": "th:รถไฟฟ้าบีทีเอส สายสุขุมวิท"
            }
          }
        ]
      },
      "geometry": {
        "type": "Point",
        "coordinates": [
          100.6173751,
          13.9107226
        ]
      },
      "id": "node/12885902275"
    },
    {
      "type": "Feature",
      "properties": {
        "@id": "node/12885902286",
        "@relations": [
          {
            "role": "stop",
            "rel": 7989376,
            "reltags": {
              "colour": "#65B724",
              "from": "Kheha",
              "name": "รถไฟฟ้าบีทีเอส สายสุขุมวิท (เคหะ → คูคต)",
              "name:en": "BTS Sukhumvit Line (Kheha → Khu Khot)",
              "name:ja": "BTSスクムウィット線（クーコット→ケーハー）",
              "name:th": "รถไฟฟ้าบีทีเอส สายสุขุมวิท (เคหะ → คูคต)",
              "network": "รถไฟฟ้าบีทีเอส",
              "network:en": "BTS Skytrain",
              "network:short": "BTS",
              "network:th": "รถไฟฟ้าบีทีเอส",
              "network:wikidata": "Q806501",
              "note": "I didn't include \"Last train route\" and \"Peak-only route\" into this \"Main route\".",
              "opening_hours": "Mo-Su 05:15-23:43",
              "operator": "ระบบขนส่งมวลชนกรุงเทพ",
              "operator:en": "Bangkok Mass Transit System;BTSC",
              "public_transport:version": "2",
              "ref": "สุขุมวิท",
              "route": "subway",
              "to": "Khu Khot",
              "type": "route",
              "website": "https://www.bts.co.th/service/timetable.html",
              "wikidata": "Q4921598",
              "wikipedia": "th:รถไฟฟ้าบีทีเอส สายสุขุมวิท"
            }
          }
        ]
      },
      "geometry": {
        "type": "Point",
        "coordinates": [
          100.6216679,
          13.9179808
        ]
      },
      "id": "node/12885902286"
    },
    {
      "type": "Feature",
      "properties": {
        "@id": "node/12885876727",
        "@relations": [
          {
            "role": "stop",
            "rel": 7989376,
            "reltags": {
              "colour": "#65B724",
              "from": "Kheha",
              "name": "รถไฟฟ้าบีทีเอส สายสุขุมวิท (เคหะ → คูคต)",
              "name:en": "BTS Sukhumvit Line (Kheha → Khu Khot)",
              "name:ja": "BTSスクムウィット線（クーコット→ケーハー）",
              "name:th": "รถไฟฟ้าบีทีเอส สายสุขุมวิท (เคหะ → คูคต)",
              "network": "รถไฟฟ้าบีทีเอส",
              "network:en": "BTS Skytrain",
              "network:short": "BTS",
              "network:th": "รถไฟฟ้าบีทีเอส",
              "network:wikidata": "Q806501",
              "note": "I didn't include \"Last train route\" and \"Peak-only route\" into this \"Main route\".",
              "opening_hours": "Mo-Su 05:15-23:43",
              "operator": "ระบบขนส่งมวลชนกรุงเทพ",
              "operator:en": "Bangkok Mass Transit System;BTSC",
              "public_transport:version": "2",
              "ref": "สุขุมวิท",
              "route": "subway",
              "to": "Khu Khot",
              "type": "route",
              "website": "https://www.bts.co.th/service/timetable.html",
              "wikidata": "Q4921598",
              "wikipedia": "th:รถไฟฟ้าบีทีเอส สายสุขุมวิท"
            }
          }
        ]
      },
      "geometry": {
        "type": "Point",
        "coordinates": [
          100.6258199,
          13.9250239
        ]
      },
      "id": "node/12885876727"
    },
    {
      "type": "Feature",
      "properties": {
        "@id": "node/12886086388",
        "@relations": [
          {
            "role": "stop",
            "rel": 7989376,
            "reltags": {
              "colour": "#65B724",
              "from": "Kheha",
              "name": "รถไฟฟ้าบีทีเอส สายสุขุมวิท (เคหะ → คูคต)",
              "name:en": "BTS Sukhumvit Line (Kheha → Khu Khot)",
              "name:ja": "BTSスクムウィット線（クーコット→ケーハー）",
              "name:th": "รถไฟฟ้าบีทีเอส สายสุขุมวิท (เคหะ → คูคต)",
              "network": "รถไฟฟ้าบีทีเอส",
              "network:en": "BTS Skytrain",
              "network:short": "BTS",
              "network:th": "รถไฟฟ้าบีทีเอส",
              "network:wikidata": "Q806501",
              "note": "I didn't include \"Last train route\" and \"Peak-only route\" into this \"Main route\".",
              "opening_hours": "Mo-Su 05:15-23:43",
              "operator": "ระบบขนส่งมวลชนกรุงเทพ",
              "operator:en": "Bangkok Mass Transit System;BTSC",
              "public_transport:version": "2",
              "ref": "สุขุมวิท",
              "route": "subway",
              "to": "Khu Khot",
              "type": "route",
              "website": "https://www.bts.co.th/service/timetable.html",
              "wikidata": "Q4921598",
              "wikipedia": "th:รถไฟฟ้าบีทีเอส สายสุขุมวิท"
            }
          }
        ]
      },
      "geometry": {
        "type": "Point",
        "coordinates": [
          100.6465226,
          13.9323836
        ]
      },
      "id": "node/12886086388"
    },
    {
      "type": "Feature",
      "properties": {
        "@id": "node/12885483139",
        "@relations": [
          {
            "role": "stop",
            "rel": 7989385,
            "reltags": {
              "colour": "#02817D",
              "name": "รถไฟฟ้าบีทีเอส สายสีลม (บางหว้า → สนามกีฬาแห่งชาติ)",
              "name:en": "BTS Silom Line (Bang Wa → National Stadium)",
              "name:th": "รถไฟฟ้าบีทีเอส สายสีลม (บางหว้า → สนามกีฬาแห่งชาติ)",
              "network": "รถไฟฟ้าบีทีเอส",
              "network:en": "BTS Skytrain",
              "network:short": "BTS",
              "network:th": "รถไฟฟ้าบีทีเอส",
              "network:wikidata": "Q806501",
              "operator": "ระบบขนส่งมวลชนกรุงเทพ",
              "operator:en": "Bangkok Mass Transit System;BTSC",
              "public_transport:version": "2",
              "ref": "สีลม",
              "route": "subway",
              "type": "route",
              "wikidata": "Q2634702",
              "wikipedia": "th:รถไฟฟ้าบีทีเอส สายสีลม"
            }
          },
          {
            "role": "stop",
            "rel": 19407241,
            "reltags": {
              "colour": "#02817D",
              "from": "กรุงธนบุรี",
              "name": "ขบวนเสริม รถไฟฟ้าบีทีเอส สายสีลม (กรุงธนบุรี → บางหว้า)",
              "name:en": "BTS Silom Line Supplementary Route (Krung Thon Buri → Bang Wa)",
              "name:th": "ขบวนเสริม รถไฟฟ้าบีทีเอส สายสีลม (กรุงธนบุรี → บางหว้า)",
              "network": "รถไฟฟ้าบีทีเอส",
              "network:en": "BTS Skytrain",
              "network:short": "BTS",
              "network:th": "รถไฟฟ้าบีทีเอส",
              "network:wikidata": "Q806501",
              "operator": "ระบบขนส่งมวลชนกรุงเทพ",
              "operator:en": "Bangkok Mass Transit System;BTSC",
              "public_transport:version": "2",
              "ref": "สีลม",
              "route": "subway",
              "to": "บางหว้า",
              "type": "route",
              "wikidata": "Q2634702",
              "wikipedia": "th:รถไฟฟ้าบีทีเอส สายสีลม"
            }
          }
        ]
      },
      "geometry": {
        "type": "Point",
        "coordinates": [
          100.4577634,
          13.7207873
        ]
      },
      "id": "node/12885483139"
    },
    {
      "type": "Feature",
      "properties": {
        "@id": "node/11505460639",
        "@relations": [
          {
            "role": "stop",
            "rel": 7989385,
            "reltags": {
              "colour": "#02817D",
              "name": "รถไฟฟ้าบีทีเอส สายสีลม (บางหว้า → สนามกีฬาแห่งชาติ)",
              "name:en": "BTS Silom Line (Bang Wa → National Stadium)",
              "name:th": "รถไฟฟ้าบีทีเอส สายสีลม (บางหว้า → สนามกีฬาแห่งชาติ)",
              "network": "รถไฟฟ้าบีทีเอส",
              "network:en": "BTS Skytrain",
              "network:short": "BTS",
              "network:th": "รถไฟฟ้าบีทีเอส",
              "network:wikidata": "Q806501",
              "operator": "ระบบขนส่งมวลชนกรุงเทพ",
              "operator:en": "Bangkok Mass Transit System;BTSC",
              "public_transport:version": "2",
              "ref": "สีลม",
              "route": "subway",
              "type": "route",
              "wikidata": "Q2634702",
              "wikipedia": "th:รถไฟฟ้าบีทีเอส สายสีลม"
            }
          }
        ]
      },
      "geometry": {
        "type": "Point",
        "coordinates": [
          100.5290823,
          13.7464933
        ]
      },
      "id": "node/11505460639"
    },
    {
      "type": "Feature",
      "properties": {
        "@id": "node/7781133227",
        "@relations": [
          {
            "role": "stop_entry_only",
            "rel": 11681439,
            "reltags": {
              "colour": "#A58704",
              "from": "Krung Thon Buri",
              "name": "รถไฟฟ้าสายสีทอง (กรุงธนบุรี → คลองสาน)",
              "name:en": "Gold Line (Krung Thon Buri → Khlong San)",
              "name:th": "รถไฟฟ้าสายสีทอง (กรุงธนบุรี → คลองสาน)",
              "network": "BTS",
              "operator": "กรุงเทพธนาคม",
              "public_transport:version": "2",
              "ref": "APM Gold Line",
              "route": "subway",
              "to": "Khlong San",
              "type": "route",
              "wikidata": "Q25540775",
              "wikipedia": "en:Gold Line (Bangkok)"
            }
          },
          {
            "role": "stop_exit_only",
            "rel": 11681440,
            "reltags": {
              "colour": "#A58704",
              "from": "Khlong San",
              "name": "รถไฟฟ้าสายสีทอง (คลองสาน → กรุงธนบุรี)",
              "name:en": "Gold Line (Khlong San → Krung Thon Buri)",
              "name:th": "รถไฟฟ้าสายสีทอง (คลองสาน → กรุงธนบุรี)",
              "network": "BTS",
              "operator": "กรุงเทพธนาคม",
              "public_transport:version": "2",
              "ref": "APM Gold Line",
              "route": "subway",
              "to": "Krung Thon Buri",
              "type": "route",
              "wikidata": "Q25540775",
              "wikipedia": "en:Gold Line (Bangkok)"
            }
          }
        ]
      },
      "geometry": {
        "type": "Point",
        "coordinates": [
          100.5037139,
          13.7211681
        ]
      },
      "id": "node/7781133227"
    },
    {
      "type": "Feature",
      "properties": {
        "@id": "node/11012357573",
        "@relations": [
          {
            "role": "stop",
            "rel": 11681439,
            "reltags": {
              "colour": "#A58704",
              "from": "Krung Thon Buri",
              "name": "รถไฟฟ้าสายสีทอง (กรุงธนบุรี → คลองสาน)",
              "name:en": "Gold Line (Krung Thon Buri → Khlong San)",
              "name:th": "รถไฟฟ้าสายสีทอง (กรุงธนบุรี → คลองสาน)",
              "network": "BTS",
              "operator": "กรุงเทพธนาคม",
              "public_transport:version": "2",
              "ref": "APM Gold Line",
              "route": "subway",
              "to": "Khlong San",
              "type": "route",
              "wikidata": "Q25540775",
              "wikipedia": "en:Gold Line (Bangkok)"
            }
          }
        ]
      },
      "geometry": {
        "type": "Point",
        "coordinates": [
          100.5090516,
          13.7264623
        ]
      },
      "id": "node/11012357573"
    },
    {
      "type": "Feature",
      "properties": {
        "@id": "node/11012357562",
        "@relations": [
          {
            "role": "stop_exit_only",
            "rel": 11681439,
            "reltags": {
              "colour": "#A58704",
              "from": "Krung Thon Buri",
              "name": "รถไฟฟ้าสายสีทอง (กรุงธนบุรี → คลองสาน)",
              "name:en": "Gold Line (Krung Thon Buri → Khlong San)",
              "name:th": "รถไฟฟ้าสายสีทอง (กรุงธนบุรี → คลองสาน)",
              "network": "BTS",
              "operator": "กรุงเทพธนาคม",
              "public_transport:version": "2",
              "ref": "APM Gold Line",
              "route": "subway",
              "to": "Khlong San",
              "type": "route",
              "wikidata": "Q25540775",
              "wikipedia": "en:Gold Line (Bangkok)"
            }
          },
          {
            "role": "stop_entry_only",
            "rel": 11681440,
            "reltags": {
              "colour": "#A58704",
              "from": "Khlong San",
              "name": "รถไฟฟ้าสายสีทอง (คลองสาน → กรุงธนบุรี)",
              "name:en": "Gold Line (Khlong San → Krung Thon Buri)",
              "name:th": "รถไฟฟ้าสายสีทอง (คลองสาน → กรุงธนบุรี)",
              "network": "BTS",
              "operator": "กรุงเทพธนาคม",
              "public_transport:version": "2",
              "ref": "APM Gold Line",
              "route": "subway",
              "to": "Krung Thon Buri",
              "type": "route",
              "wikidata": "Q25540775",
              "wikipedia": "en:Gold Line (Bangkok)"
            }
          }
        ]
      },
      "geometry": {
        "type": "Point",
        "coordinates": [
          100.5077277,
          13.7303253
        ]
      },
      "id": "node/11012357562"
    },
    {
      "type": "Feature",
      "properties": {
        "@id": "node/11012357560",
        "@relations": [
          {
            "role": "stop",
            "rel": 11681440,
            "reltags": {
              "colour": "#A58704",
              "from": "Khlong San",
              "name": "รถไฟฟ้าสายสีทอง (คลองสาน → กรุงธนบุรี)",
              "name:en": "Gold Line (Khlong San → Krung Thon Buri)",
              "name:th": "รถไฟฟ้าสายสีทอง (คลองสาน → กรุงธนบุรี)",
              "network": "BTS",
              "operator": "กรุงเทพธนาคม",
              "public_transport:version": "2",
              "ref": "APM Gold Line",
              "route": "subway",
              "to": "Krung Thon Buri",
              "type": "route",
              "wikidata": "Q25540775",
              "wikipedia": "en:Gold Line (Bangkok)"
            }
          }
        ]
      },
      "geometry": {
        "type": "Point",
        "coordinates": [
          100.5090929,
          13.7264656
        ]
      },
      "id": "node/11012357560"
    },
    {
      "type": "Feature",
      "properties": {
        "@id": "node/8717933837",
        "@relations": [
          {
            "role": "stop_entry_only",
            "rel": 15806897,
            "reltags": {
              "colour": "#FFD400",
              "from": "Lat Phrao",
              "name": "รถไฟฟ้าสายสีเหลือง (ลาดพร้าว - สำโรง)",
              "name:en": "Yellow Line (Lat Phrao - Samrong)",
              "name:th": "รถไฟฟ้าสายสีเหลือง (ลาดพร้าว - สำโรง)",
              "network": "Metropolitan Rapid Transit",
              "network:short": "MRT",
              "network:wikidata": "Q806485",
              "operator": "อีสเทิร์นบางกอกโมโนเรล",
              "operator:en": "Eastern Bangkok Monorail",
              "operator:th": "อีสเทิร์นบางกอกโมโนเรล",
              "ref": "MRT Yellow",
              "route": "monorail",
              "start_date": "2023-06-03",
              "to": "Samrong",
              "type": "route",
              "wikidata": "Q14784897",
              "wikipedia": "th:รถไฟฟ้ามหานคร สายสีเหลือง"
            }
          },
          {
            "role": "stop_exit_only",
            "rel": 15806898,
            "reltags": {
              "colour": "#FFD400",
              "from": "Samrong",
              "name": "รถไฟฟ้าสายสีเหลือง (สำโรง - ลาดพร้าว)",
              "name:en": "Yellow Line (Samrong - Lat Phrao)",
              "name:th": "รถไฟฟ้าสายสีเหลือง (สำโรง - ลาดพร้าว)",
              "network": "Metropolitan Rapid Transit",
              "network:short": "MRT",
              "network:wikidata": "Q806485",
              "operator": "อีสเทิร์นบางกอกโมโนเรล",
              "operator:en": "Eastern Bangkok Monorail",
              "operator:th": "อีสเทิร์นบางกอกโมโนเรล",
              "ref": "MRT Yellow",
              "route": "monorail",
              "start_date": "2023-06-03",
              "to": "Lat Phrao",
              "type": "route",
              "wikidata": "Q14784897",
              "wikipedia": "th:รถไฟฟ้ามหานคร สายสีเหลือง"
            }
          }
        ]
      },
      "geometry": {
        "type": "Point",
        "coordinates": [
          100.5748076,
          13.8069911
        ]
      },
      "id": "node/8717933837"
    },
    {
      "type": "Feature",
      "properties": {
        "@id": "node/8717933835",
        "@relations": [
          {
            "role": "stop",
            "rel": 15806897,
            "reltags": {
              "colour": "#FFD400",
              "from": "Lat Phrao",
              "name": "รถไฟฟ้าสายสีเหลือง (ลาดพร้าว - สำโรง)",
              "name:en": "Yellow Line (Lat Phrao - Samrong)",
              "name:th": "รถไฟฟ้าสายสีเหลือง (ลาดพร้าว - สำโรง)",
              "network": "Metropolitan Rapid Transit",
              "network:short": "MRT",
              "network:wikidata": "Q806485",
              "operator": "อีสเทิร์นบางกอกโมโนเรล",
              "operator:en": "Eastern Bangkok Monorail",
              "operator:th": "อีสเทิร์นบางกอกโมโนเรล",
              "ref": "MRT Yellow",
              "route": "monorail",
              "start_date": "2023-06-03",
              "to": "Samrong",
              "type": "route",
              "wikidata": "Q14784897",
              "wikipedia": "th:รถไฟฟ้ามหานคร สายสีเหลือง"
            }
          },
          {
            "role": "stop",
            "rel": 15806898,
            "reltags": {
              "colour": "#FFD400",
              "from": "Samrong",
              "name": "รถไฟฟ้าสายสีเหลือง (สำโรง - ลาดพร้าว)",
              "name:en": "Yellow Line (Samrong - Lat Phrao)",
              "name:th": "รถไฟฟ้าสายสีเหลือง (สำโรง - ลาดพร้าว)",
              "network": "Metropolitan Rapid Transit",
              "network:short": "MRT",
              "network:wikidata": "Q806485",
              "operator": "อีสเทิร์นบางกอกโมโนเรล",
              "operator:en": "Eastern Bangkok Monorail",
              "operator:th": "อีสเทิร์นบางกอกโมโนเรล",
              "ref": "MRT Yellow",
              "route": "monorail",
              "start_date": "2023-06-03",
              "to": "Lat Phrao",
              "type": "route",
              "wikidata": "Q14784897",
              "wikipedia": "th:รถไฟฟ้ามหานคร สายสีเหลือง"
            }
          }
        ]
      },
      "geometry": {
        "type": "Point",
        "coordinates": [
          100.5842166,
          13.800171
        ]
      },
      "id": "node/8717933835"
    },
    {
      "type": "Feature",
      "properties": {
        "@id": "node/6695196338",
        "@relations": [
          {
            "role": "stop",
            "rel": 15806897,
            "reltags": {
              "colour": "#FFD400",
              "from": "Lat Phrao",
              "name": "รถไฟฟ้าสายสีเหลือง (ลาดพร้าว - สำโรง)",
              "name:en": "Yellow Line (Lat Phrao - Samrong)",
              "name:th": "รถไฟฟ้าสายสีเหลือง (ลาดพร้าว - สำโรง)",
              "network": "Metropolitan Rapid Transit",
              "network:short": "MRT",
              "network:wikidata": "Q806485",
              "operator": "อีสเทิร์นบางกอกโมโนเรล",
              "operator:en": "Eastern Bangkok Monorail",
              "operator:th": "อีสเทิร์นบางกอกโมโนเรล",
              "ref": "MRT Yellow",
              "route": "monorail",
              "start_date": "2023-06-03",
              "to": "Samrong",
              "type": "route",
              "wikidata": "Q14784897",
              "wikipedia": "th:รถไฟฟ้ามหานคร สายสีเหลือง"
            }
          },
          {
            "role": "stop",
            "rel": 15806898,
            "reltags": {
              "colour": "#FFD400",
              "from": "Samrong",
              "name": "รถไฟฟ้าสายสีเหลือง (สำโรง - ลาดพร้าว)",
              "name:en": "Yellow Line (Samrong - Lat Phrao)",
              "name:th": "รถไฟฟ้าสายสีเหลือง (สำโรง - ลาดพร้าว)",
              "network": "Metropolitan Rapid Transit",
              "network:short": "MRT",
              "network:wikidata": "Q806485",
              "operator": "อีสเทิร์นบางกอกโมโนเรล",
              "operator:en": "Eastern Bangkok Monorail",
              "operator:th": "อีสเทิร์นบางกอกโมโนเรล",
              "ref": "MRT Yellow",
              "route": "monorail",
              "start_date": "2023-06-03",
              "to": "Lat Phrao",
              "type": "route",
              "wikidata": "Q14784897",
              "wikipedia": "th:รถไฟฟ้ามหานคร สายสีเหลือง"
            }
          }
        ]
      },
      "geometry": {
        "type": "Point",
        "coordinates": [
          100.5944651,
          13.7944307
        ]
      },
      "id": "node/6695196338"
    },
    {
      "type": "Feature",
      "properties": {
        "@id": "node/8717933834",
        "@relations": [
          {
            "role": "stop",
            "rel": 15806897,
            "reltags": {
              "colour": "#FFD400",
              "from": "Lat Phrao",
              "name": "รถไฟฟ้าสายสีเหลือง (ลาดพร้าว - สำโรง)",
              "name:en": "Yellow Line (Lat Phrao - Samrong)",
              "name:th": "รถไฟฟ้าสายสีเหลือง (ลาดพร้าว - สำโรง)",
              "network": "Metropolitan Rapid Transit",
              "network:short": "MRT",
              "network:wikidata": "Q806485",
              "operator": "อีสเทิร์นบางกอกโมโนเรล",
              "operator:en": "Eastern Bangkok Monorail",
              "operator:th": "อีสเทิร์นบางกอกโมโนเรล",
              "ref": "MRT Yellow",
              "route": "monorail",
              "start_date": "2023-06-03",
              "to": "Samrong",
              "type": "route",
              "wikidata": "Q14784897",
              "wikipedia": "th:รถไฟฟ้ามหานคร สายสีเหลือง"
            }
          },
          {
            "role": "stop",
            "rel": 15806898,
            "reltags": {
              "colour": "#FFD400",
              "from": "Samrong",
              "name": "รถไฟฟ้าสายสีเหลือง (สำโรง - ลาดพร้าว)",
              "name:en": "Yellow Line (Samrong - Lat Phrao)",
              "name:th": "รถไฟฟ้าสายสีเหลือง (สำโรง - ลาดพร้าว)",
              "network": "Metropolitan Rapid Transit",
              "network:short": "MRT",
              "network:wikidata": "Q806485",
              "operator": "อีสเทิร์นบางกอกโมโนเรล",
              "operator:en": "Eastern Bangkok Monorail",
              "operator:th": "อีสเทิร์นบางกอกโมโนเรล",
              "ref": "MRT Yellow",
              "route": "monorail",
              "start_date": "2023-06-03",
              "to": "Lat Phrao",
              "type": "route",
              "wikidata": "Q14784897",
              "wikipedia": "th:รถไฟฟ้ามหานคร สายสีเหลือง"
            }
          }
        ]
      },
      "geometry": {
        "type": "Point",
        "coordinates": [
          100.6075898,
          13.7871028
        ]
      },
      "id": "node/8717933834"
    },
    {
      "type": "Feature",
      "properties": {
        "@id": "node/8717933833",
        "@relations": [
          {
            "role": "stop",
            "rel": 15806897,
            "reltags": {
              "colour": "#FFD400",
              "from": "Lat Phrao",
              "name": "รถไฟฟ้าสายสีเหลือง (ลาดพร้าว - สำโรง)",
              "name:en": "Yellow Line (Lat Phrao - Samrong)",
              "name:th": "รถไฟฟ้าสายสีเหลือง (ลาดพร้าว - สำโรง)",
              "network": "Metropolitan Rapid Transit",
              "network:short": "MRT",
              "network:wikidata": "Q806485",
              "operator": "อีสเทิร์นบางกอกโมโนเรล",
              "operator:en": "Eastern Bangkok Monorail",
              "operator:th": "อีสเทิร์นบางกอกโมโนเรล",
              "ref": "MRT Yellow",
              "route": "monorail",
              "start_date": "2023-06-03",
              "to": "Samrong",
              "type": "route",
              "wikidata": "Q14784897",
              "wikipedia": "th:รถไฟฟ้ามหานคร สายสีเหลือง"
            }
          },
          {
            "role": "stop",
            "rel": 15806898,
            "reltags": {
              "colour": "#FFD400",
              "from": "Samrong",
              "name": "รถไฟฟ้าสายสีเหลือง (สำโรง - ลาดพร้าว)",
              "name:en": "Yellow Line (Samrong - Lat Phrao)",
              "name:th": "รถไฟฟ้าสายสีเหลือง (สำโรง - ลาดพร้าว)",
              "network": "Metropolitan Rapid Transit",
              "network:short": "MRT",
              "network:wikidata": "Q806485",
              "operator": "อีสเทิร์นบางกอกโมโนเรล",
              "operator:en": "Eastern Bangkok Monorail",
              "operator:th": "อีสเทิร์นบางกอกโมโนเรล",
              "ref": "MRT Yellow",
              "route": "monorail",
              "start_date": "2023-06-03",
              "to": "Lat Phrao",
              "type": "route",
              "wikidata": "Q14784897",
              "wikipedia": "th:รถไฟฟ้ามหานคร สายสีเหลือง"
            }
          }
        ]
      },
      "geometry": {
        "type": "Point",
        "coordinates": [
          100.6136046,
          13.7837527
        ]
      },
      "id": "node/8717933833"
    },
    {
      "type": "Feature",
      "properties": {
        "@id": "node/6695196331",
        "@relations": [
          {
            "role": "stop",
            "rel": 15806897,
            "reltags": {
              "colour": "#FFD400",
              "from": "Lat Phrao",
              "name": "รถไฟฟ้าสายสีเหลือง (ลาดพร้าว - สำโรง)",
              "name:en": "Yellow Line (Lat Phrao - Samrong)",
              "name:th": "รถไฟฟ้าสายสีเหลือง (ลาดพร้าว - สำโรง)",
              "network": "Metropolitan Rapid Transit",
              "network:short": "MRT",
              "network:wikidata": "Q806485",
              "operator": "อีสเทิร์นบางกอกโมโนเรล",
              "operator:en": "Eastern Bangkok Monorail",
              "operator:th": "อีสเทิร์นบางกอกโมโนเรล",
              "ref": "MRT Yellow",
              "route": "monorail",
              "start_date": "2023-06-03",
              "to": "Samrong",
              "type": "route",
              "wikidata": "Q14784897",
              "wikipedia": "th:รถไฟฟ้ามหานคร สายสีเหลือง"
            }
          },
          {
            "role": "stop",
            "rel": 15806898,
            "reltags": {
              "colour": "#FFD400",
              "from": "Samrong",
              "name": "รถไฟฟ้าสายสีเหลือง (สำโรง - ลาดพร้าว)",
              "name:en": "Yellow Line (Samrong - Lat Phrao)",
              "name:th": "รถไฟฟ้าสายสีเหลือง (สำโรง - ลาดพร้าว)",
              "network": "Metropolitan Rapid Transit",
              "network:short": "MRT",
              "network:wikidata": "Q806485",
              "operator": "อีสเทิร์นบางกอกโมโนเรล",
              "operator:en": "Eastern Bangkok Monorail",
              "operator:th": "อีสเทิร์นบางกอกโมโนเรล",
              "ref": "MRT Yellow",
              "route": "monorail",
              "start_date": "2023-06-03",
              "to": "Lat Phrao",
              "type": "route",
              "wikidata": "Q14784897",
              "wikipedia": "th:รถไฟฟ้ามหานคร สายสีเหลือง"
            }
          }
        ]
      },
      "geometry": {
        "type": "Point",
        "coordinates": [
          100.6231873,
          13.7783773
        ]
      },
      "id": "node/6695196331"
    },
    {
      "type": "Feature",
      "properties": {
        "@id": "node/8717933832",
        "@relations": [
          {
            "role": "stop",
            "rel": 15806897,
            "reltags": {
              "colour": "#FFD400",
              "from": "Lat Phrao",
              "name": "รถไฟฟ้าสายสีเหลือง (ลาดพร้าว - สำโรง)",
              "name:en": "Yellow Line (Lat Phrao - Samrong)",
              "name:th": "รถไฟฟ้าสายสีเหลือง (ลาดพร้าว - สำโรง)",
              "network": "Metropolitan Rapid Transit",
              "network:short": "MRT",
              "network:wikidata": "Q806485",
              "operator": "อีสเทิร์นบางกอกโมโนเรล",
              "operator:en": "Eastern Bangkok Monorail",
              "operator:th": "อีสเทิร์นบางกอกโมโนเรล",
              "ref": "MRT Yellow",
              "route": "monorail",
              "start_date": "2023-06-03",
              "to": "Samrong",
              "type": "route",
              "wikidata": "Q14784897",
              "wikipedia": "th:รถไฟฟ้ามหานคร สายสีเหลือง"
            }
          },
          {
            "role": "stop",
            "rel": 15806898,
            "reltags": {
              "colour": "#FFD400",
              "from": "Samrong",
              "name": "รถไฟฟ้าสายสีเหลือง (สำโรง - ลาดพร้าว)",
              "name:en": "Yellow Line (Samrong - Lat Phrao)",
              "name:th": "รถไฟฟ้าสายสีเหลือง (สำโรง - ลาดพร้าว)",
              "network": "Metropolitan Rapid Transit",
              "network:short": "MRT",
              "network:wikidata": "Q806485",
              "operator": "อีสเทิร์นบางกอกโมโนเรล",
              "operator:en": "Eastern Bangkok Monorail",
              "operator:th": "อีสเทิร์นบางกอกโมโนเรล",
              "ref": "MRT Yellow",
              "route": "monorail",
              "start_date": "2023-06-03",
              "to": "Lat Phrao",
              "type": "route",
              "wikidata": "Q14784897",
              "wikipedia": "th:รถไฟฟ้ามหานคร สายสีเหลือง"
            }
          }
        ]
      },
      "geometry": {
        "type": "Point",
        "coordinates": [
          100.6298034,
          13.7746782
        ]
      },
      "id": "node/8717933832"
    },
    {
      "type": "Feature",
      "properties": {
        "@id": "node/8717933831",
        "@relations": [
          {
            "role": "stop",
            "rel": 15806897,
            "reltags": {
              "colour": "#FFD400",
              "from": "Lat Phrao",
              "name": "รถไฟฟ้าสายสีเหลือง (ลาดพร้าว - สำโรง)",
              "name:en": "Yellow Line (Lat Phrao - Samrong)",
              "name:th": "รถไฟฟ้าสายสีเหลือง (ลาดพร้าว - สำโรง)",
              "network": "Metropolitan Rapid Transit",
              "network:short": "MRT",
              "network:wikidata": "Q806485",
              "operator": "อีสเทิร์นบางกอกโมโนเรล",
              "operator:en": "Eastern Bangkok Monorail",
              "operator:th": "อีสเทิร์นบางกอกโมโนเรล",
              "ref": "MRT Yellow",
              "route": "monorail",
              "start_date": "2023-06-03",
              "to": "Samrong",
              "type": "route",
              "wikidata": "Q14784897",
              "wikipedia": "th:รถไฟฟ้ามหานคร สายสีเหลือง"
            }
          },
          {
            "role": "stop",
            "rel": 15806898,
            "reltags": {
              "colour": "#FFD400",
              "from": "Samrong",
              "name": "รถไฟฟ้าสายสีเหลือง (สำโรง - ลาดพร้าว)",
              "name:en": "Yellow Line (Samrong - Lat Phrao)",
              "name:th": "รถไฟฟ้าสายสีเหลือง (สำโรง - ลาดพร้าว)",
              "network": "Metropolitan Rapid Transit",
              "network:short": "MRT",
              "network:wikidata": "Q806485",
              "operator": "อีสเทิร์นบางกอกโมโนเรล",
              "operator:en": "Eastern Bangkok Monorail",
              "operator:th": "อีสเทิร์นบางกอกโมโนเรล",
              "ref": "MRT Yellow",
              "route": "monorail",
              "start_date": "2023-06-03",
              "to": "Lat Phrao",
              "type": "route",
              "wikidata": "Q14784897",
              "wikipedia": "th:รถไฟฟ้ามหานคร สายสีเหลือง"
            }
          }
        ]
      },
      "geometry": {
        "type": "Point",
        "coordinates": [
          100.6397564,
          13.7690978
        ]
      },
      "id": "node/8717933831"
    },
    {
      "type": "Feature",
      "properties": {
        "@id": "node/8717933829",
        "@relations": [
          {
            "role": "stop",
            "rel": 15806897,
            "reltags": {
              "colour": "#FFD400",
              "from": "Lat Phrao",
              "name": "รถไฟฟ้าสายสีเหลือง (ลาดพร้าว - สำโรง)",
              "name:en": "Yellow Line (Lat Phrao - Samrong)",
              "name:th": "รถไฟฟ้าสายสีเหลือง (ลาดพร้าว - สำโรง)",
              "network": "Metropolitan Rapid Transit",
              "network:short": "MRT",
              "network:wikidata": "Q806485",
              "operator": "อีสเทิร์นบางกอกโมโนเรล",
              "operator:en": "Eastern Bangkok Monorail",
              "operator:th": "อีสเทิร์นบางกอกโมโนเรล",
              "ref": "MRT Yellow",
              "route": "monorail",
              "start_date": "2023-06-03",
              "to": "Samrong",
              "type": "route",
              "wikidata": "Q14784897",
              "wikipedia": "th:รถไฟฟ้ามหานคร สายสีเหลือง"
            }
          },
          {
            "role": "stop",
            "rel": 15806898,
            "reltags": {
              "colour": "#FFD400",
              "from": "Samrong",
              "name": "รถไฟฟ้าสายสีเหลือง (สำโรง - ลาดพร้าว)",
              "name:en": "Yellow Line (Samrong - Lat Phrao)",
              "name:th": "รถไฟฟ้าสายสีเหลือง (สำโรง - ลาดพร้าว)",
              "network": "Metropolitan Rapid Transit",
              "network:short": "MRT",
              "network:wikidata": "Q806485",
              "operator": "อีสเทิร์นบางกอกโมโนเรล",
              "operator:en": "Eastern Bangkok Monorail",
              "operator:th": "อีสเทิร์นบางกอกโมโนเรล",
              "ref": "MRT Yellow",
              "route": "monorail",
              "start_date": "2023-06-03",
              "to": "Lat Phrao",
              "type": "route",
              "wikidata": "Q14784897",
              "wikipedia": "th:รถไฟฟ้ามหานคร สายสีเหลือง"
            }
          }
        ]
      },
      "geometry": {
        "type": "Point",
        "coordinates": [
          100.6455516,
          13.7618442
        ]
      },
      "id": "node/8717933829"
    },
    {
      "type": "Feature",
      "properties": {
        "@id": "node/7271108084",
        "@relations": [
          {
            "role": "stop",
            "rel": 15806897,
            "reltags": {
              "colour": "#FFD400",
              "from": "Lat Phrao",
              "name": "รถไฟฟ้าสายสีเหลือง (ลาดพร้าว - สำโรง)",
              "name:en": "Yellow Line (Lat Phrao - Samrong)",
              "name:th": "รถไฟฟ้าสายสีเหลือง (ลาดพร้าว - สำโรง)",
              "network": "Metropolitan Rapid Transit",
              "network:short": "MRT",
              "network:wikidata": "Q806485",
              "operator": "อีสเทิร์นบางกอกโมโนเรล",
              "operator:en": "Eastern Bangkok Monorail",
              "operator:th": "อีสเทิร์นบางกอกโมโนเรล",
              "ref": "MRT Yellow",
              "route": "monorail",
              "start_date": "2023-06-03",
              "to": "Samrong",
              "type": "route",
              "wikidata": "Q14784897",
              "wikipedia": "th:รถไฟฟ้ามหานคร สายสีเหลือง"
            }
          },
          {
            "role": "stop",
            "rel": 15806898,
            "reltags": {
              "colour": "#FFD400",
              "from": "Samrong",
              "name": "รถไฟฟ้าสายสีเหลือง (สำโรง - ลาดพร้าว)",
              "name:en": "Yellow Line (Samrong - Lat Phrao)",
              "name:th": "รถไฟฟ้าสายสีเหลือง (สำโรง - ลาดพร้าว)",
              "network": "Metropolitan Rapid Transit",
              "network:short": "MRT",
              "network:wikidata": "Q806485",
              "operator": "อีสเทิร์นบางกอกโมโนเรล",
              "operator:en": "Eastern Bangkok Monorail",
              "operator:th": "อีสเทิร์นบางกอกโมโนเรล",
              "ref": "MRT Yellow",
              "route": "monorail",
              "start_date": "2023-06-03",
              "to": "Lat Phrao",
              "type": "route",
              "wikidata": "Q14784897",
              "wikipedia": "th:รถไฟฟ้ามหานคร สายสีเหลือง"
            }
          }
        ]
      },
      "geometry": {
        "type": "Point",
        "coordinates": [
          100.6448116,
          13.7504328
        ]
      },
      "id": "node/7271108084"
    },
    {
      "type": "Feature",
      "properties": {
        "@id": "node/10867419324",
        "@relations": [
          {
            "role": "",
            "rel": 15806897,
            "reltags": {
              "colour": "#FFD400",
              "from": "Lat Phrao",
              "name": "รถไฟฟ้าสายสีเหลือง (ลาดพร้าว - สำโรง)",
              "name:en": "Yellow Line (Lat Phrao - Samrong)",
              "name:th": "รถไฟฟ้าสายสีเหลือง (ลาดพร้าว - สำโรง)",
              "network": "Metropolitan Rapid Transit",
              "network:short": "MRT",
              "network:wikidata": "Q806485",
              "operator": "อีสเทิร์นบางกอกโมโนเรล",
              "operator:en": "Eastern Bangkok Monorail",
              "operator:th": "อีสเทิร์นบางกอกโมโนเรล",
              "ref": "MRT Yellow",
              "route": "monorail",
              "start_date": "2023-06-03",
              "to": "Samrong",
              "type": "route",
              "wikidata": "Q14784897",
              "wikipedia": "th:รถไฟฟ้ามหานคร สายสีเหลือง"
            }
          },
          {
            "role": "",
            "rel": 15806898,
            "reltags": {
              "colour": "#FFD400",
              "from": "Samrong",
              "name": "รถไฟฟ้าสายสีเหลือง (สำโรง - ลาดพร้าว)",
              "name:en": "Yellow Line (Samrong - Lat Phrao)",
              "name:th": "รถไฟฟ้าสายสีเหลือง (สำโรง - ลาดพร้าว)",
              "network": "Metropolitan Rapid Transit",
              "network:short": "MRT",
              "network:wikidata": "Q806485",
              "operator": "อีสเทิร์นบางกอกโมโนเรล",
              "operator:en": "Eastern Bangkok Monorail",
              "operator:th": "อีสเทิร์นบางกอกโมโนเรล",
              "ref": "MRT Yellow",
              "route": "monorail",
              "start_date": "2023-06-03",
              "to": "Lat Phrao",
              "type": "route",
              "wikidata": "Q14784897",
              "wikipedia": "th:รถไฟฟ้ามหานคร สายสีเหลือง"
            }
          }
        ]
      },
      "geometry": {
        "type": "Point",
        "coordinates": [
          100.6411384,
          13.7361482
        ]
      },
      "id": "node/10867419324"
    },
    {
      "type": "Feature",
      "properties": {
        "@id": "node/8717841725",
        "@relations": [
          {
            "role": "stop",
            "rel": 15806897,
            "reltags": {
              "colour": "#FFD400",
              "from": "Lat Phrao",
              "name": "รถไฟฟ้าสายสีเหลือง (ลาดพร้าว - สำโรง)",
              "name:en": "Yellow Line (Lat Phrao - Samrong)",
              "name:th": "รถไฟฟ้าสายสีเหลือง (ลาดพร้าว - สำโรง)",
              "network": "Metropolitan Rapid Transit",
              "network:short": "MRT",
              "network:wikidata": "Q806485",
              "operator": "อีสเทิร์นบางกอกโมโนเรล",
              "operator:en": "Eastern Bangkok Monorail",
              "operator:th": "อีสเทิร์นบางกอกโมโนเรล",
              "ref": "MRT Yellow",
              "route": "monorail",
              "start_date": "2023-06-03",
              "to": "Samrong",
              "type": "route",
              "wikidata": "Q14784897",
              "wikipedia": "th:รถไฟฟ้ามหานคร สายสีเหลือง"
            }
          },
          {
            "role": "stop",
            "rel": 15806898,
            "reltags": {
              "colour": "#FFD400",
              "from": "Samrong",
              "name": "รถไฟฟ้าสายสีเหลือง (สำโรง - ลาดพร้าว)",
              "name:en": "Yellow Line (Samrong - Lat Phrao)",
              "name:th": "รถไฟฟ้าสายสีเหลือง (สำโรง - ลาดพร้าว)",
              "network": "Metropolitan Rapid Transit",
              "network:short": "MRT",
              "network:wikidata": "Q806485",
              "operator": "อีสเทิร์นบางกอกโมโนเรล",
              "operator:en": "Eastern Bangkok Monorail",
              "operator:th": "อีสเทิร์นบางกอกโมโนเรล",
              "ref": "MRT Yellow",
              "route": "monorail",
              "start_date": "2023-06-03",
              "to": "Lat Phrao",
              "type": "route",
              "wikidata": "Q14784897",
              "wikipedia": "th:รถไฟฟ้ามหานคร สายสีเหลือง"
            }
          }
        ]
      },
      "geometry": {
        "type": "Point",
        "coordinates": [
          100.6417964,
          13.7253425
        ]
      },
      "id": "node/8717841725"
    },
    {
      "type": "Feature",
      "properties": {
        "@id": "node/6563254035",
        "@relations": [
          {
            "role": "stop",
            "rel": 15806897,
            "reltags": {
              "colour": "#FFD400",
              "from": "Lat Phrao",
              "name": "รถไฟฟ้าสายสีเหลือง (ลาดพร้าว - สำโรง)",
              "name:en": "Yellow Line (Lat Phrao - Samrong)",
              "name:th": "รถไฟฟ้าสายสีเหลือง (ลาดพร้าว - สำโรง)",
              "network": "Metropolitan Rapid Transit",
              "network:short": "MRT",
              "network:wikidata": "Q806485",
              "operator": "อีสเทิร์นบางกอกโมโนเรล",
              "operator:en": "Eastern Bangkok Monorail",
              "operator:th": "อีสเทิร์นบางกอกโมโนเรล",
              "ref": "MRT Yellow",
              "route": "monorail",
              "start_date": "2023-06-03",
              "to": "Samrong",
              "type": "route",
              "wikidata": "Q14784897",
              "wikipedia": "th:รถไฟฟ้ามหานคร สายสีเหลือง"
            }
          },
          {
            "role": "stop",
            "rel": 15806898,
            "reltags": {
              "colour": "#FFD400",
              "from": "Samrong",
              "name": "รถไฟฟ้าสายสีเหลือง (สำโรง - ลาดพร้าว)",
              "name:en": "Yellow Line (Samrong - Lat Phrao)",
              "name:th": "รถไฟฟ้าสายสีเหลือง (สำโรง - ลาดพร้าว)",
              "network": "Metropolitan Rapid Transit",
              "network:short": "MRT",
              "network:wikidata": "Q806485",
              "operator": "อีสเทิร์นบางกอกโมโนเรล",
              "operator:en": "Eastern Bangkok Monorail",
              "operator:th": "อีสเทิร์นบางกอกโมโนเรล",
              "ref": "MRT Yellow",
              "route": "monorail",
              "start_date": "2023-06-03",
              "to": "Lat Phrao",
              "type": "route",
              "wikidata": "Q14784897",
              "wikipedia": "th:รถไฟฟ้ามหานคร สายสีเหลือง"
            }
          }
        ]
      },
      "geometry": {
        "type": "Point",
        "coordinates": [
          100.6441576,
          13.7111444
        ]
      },
      "id": "node/6563254035"
    },
    {
      "type": "Feature",
      "properties": {
        "@id": "node/8717841716",
        "@relations": [
          {
            "role": "stop",
            "rel": 15806897,
            "reltags": {
              "colour": "#FFD400",
              "from": "Lat Phrao",
              "name": "รถไฟฟ้าสายสีเหลือง (ลาดพร้าว - สำโรง)",
              "name:en": "Yellow Line (Lat Phrao - Samrong)",
              "name:th": "รถไฟฟ้าสายสีเหลือง (ลาดพร้าว - สำโรง)",
              "network": "Metropolitan Rapid Transit",
              "network:short": "MRT",
              "network:wikidata": "Q806485",
              "operator": "อีสเทิร์นบางกอกโมโนเรล",
              "operator:en": "Eastern Bangkok Monorail",
              "operator:th": "อีสเทิร์นบางกอกโมโนเรล",
              "ref": "MRT Yellow",
              "route": "monorail",
              "start_date": "2023-06-03",
              "to": "Samrong",
              "type": "route",
              "wikidata": "Q14784897",
              "wikipedia": "th:รถไฟฟ้ามหานคร สายสีเหลือง"
            }
          },
          {
            "role": "stop",
            "rel": 15806898,
            "reltags": {
              "colour": "#FFD400",
              "from": "Samrong",
              "name": "รถไฟฟ้าสายสีเหลือง (สำโรง - ลาดพร้าว)",
              "name:en": "Yellow Line (Samrong - Lat Phrao)",
              "name:th": "รถไฟฟ้าสายสีเหลือง (สำโรง - ลาดพร้าว)",
              "network": "Metropolitan Rapid Transit",
              "network:short": "MRT",
              "network:wikidata": "Q806485",
              "operator": "อีสเทิร์นบางกอกโมโนเรล",
              "operator:en": "Eastern Bangkok Monorail",
              "operator:th": "อีสเทิร์นบางกอกโมโนเรล",
              "ref": "MRT Yellow",
              "route": "monorail",
              "start_date": "2023-06-03",
              "to": "Lat Phrao",
              "type": "route",
              "wikidata": "Q14784897",
              "wikipedia": "th:รถไฟฟ้ามหานคร สายสีเหลือง"
            }
          }
        ]
      },
      "geometry": {
        "type": "Point",
        "coordinates": [
          100.6464837,
          13.7011148
        ]
      },
      "id": "node/8717841716"
    },
    {
      "type": "Feature",
      "properties": {
        "@id": "node/10867419320",
        "@relations": [
          {
            "role": "",
            "rel": 15806897,
            "reltags": {
              "colour": "#FFD400",
              "from": "Lat Phrao",
              "name": "รถไฟฟ้าสายสีเหลือง (ลาดพร้าว - สำโรง)",
              "name:en": "Yellow Line (Lat Phrao - Samrong)",
              "name:th": "รถไฟฟ้าสายสีเหลือง (ลาดพร้าว - สำโรง)",
              "network": "Metropolitan Rapid Transit",
              "network:short": "MRT",
              "network:wikidata": "Q806485",
              "operator": "อีสเทิร์นบางกอกโมโนเรล",
              "operator:en": "Eastern Bangkok Monorail",
              "operator:th": "อีสเทิร์นบางกอกโมโนเรล",
              "ref": "MRT Yellow",
              "route": "monorail",
              "start_date": "2023-06-03",
              "to": "Samrong",
              "type": "route",
              "wikidata": "Q14784897",
              "wikipedia": "th:รถไฟฟ้ามหานคร สายสีเหลือง"
            }
          },
          {
            "role": "",
            "rel": 15806898,
            "reltags": {
              "colour": "#FFD400",
              "from": "Samrong",
              "name": "รถไฟฟ้าสายสีเหลือง (สำโรง - ลาดพร้าว)",
              "name:en": "Yellow Line (Samrong - Lat Phrao)",
              "name:th": "รถไฟฟ้าสายสีเหลือง (สำโรง - ลาดพร้าว)",
              "network": "Metropolitan Rapid Transit",
              "network:short": "MRT",
              "network:wikidata": "Q806485",
              "operator": "อีสเทิร์นบางกอกโมโนเรล",
              "operator:en": "Eastern Bangkok Monorail",
              "operator:th": "อีสเทิร์นบางกอกโมโนเรล",
              "ref": "MRT Yellow",
              "route": "monorail",
              "start_date": "2023-06-03",
              "to": "Lat Phrao",
              "type": "route",
              "wikidata": "Q14784897",
              "wikipedia": "th:รถไฟฟ้ามหานคร สายสีเหลือง"
            }
          }
        ]
      },
      "geometry": {
        "type": "Point",
        "coordinates": [
          100.6471028,
          13.6908637
        ]
      },
      "id": "node/10867419320"
    },
    {
      "type": "Feature",
      "properties": {
        "@id": "node/10867419319",
        "@relations": [
          {
            "role": "",
            "rel": 15806897,
            "reltags": {
              "colour": "#FFD400",
              "from": "Lat Phrao",
              "name": "รถไฟฟ้าสายสีเหลือง (ลาดพร้าว - สำโรง)",
              "name:en": "Yellow Line (Lat Phrao - Samrong)",
              "name:th": "รถไฟฟ้าสายสีเหลือง (ลาดพร้าว - สำโรง)",
              "network": "Metropolitan Rapid Transit",
              "network:short": "MRT",
              "network:wikidata": "Q806485",
              "operator": "อีสเทิร์นบางกอกโมโนเรล",
              "operator:en": "Eastern Bangkok Monorail",
              "operator:th": "อีสเทิร์นบางกอกโมโนเรล",
              "ref": "MRT Yellow",
              "route": "monorail",
              "start_date": "2023-06-03",
              "to": "Samrong",
              "type": "route",
              "wikidata": "Q14784897",
              "wikipedia": "th:รถไฟฟ้ามหานคร สายสีเหลือง"
            }
          },
          {
            "role": "",
            "rel": 15806898,
            "reltags": {
              "colour": "#FFD400",
              "from": "Samrong",
              "name": "รถไฟฟ้าสายสีเหลือง (สำโรง - ลาดพร้าว)",
              "name:en": "Yellow Line (Samrong - Lat Phrao)",
              "name:th": "รถไฟฟ้าสายสีเหลือง (สำโรง - ลาดพร้าว)",
              "network": "Metropolitan Rapid Transit",
              "network:short": "MRT",
              "network:wikidata": "Q806485",
              "operator": "อีสเทิร์นบางกอกโมโนเรล",
              "operator:en": "Eastern Bangkok Monorail",
              "operator:th": "อีสเทิร์นบางกอกโมโนเรล",
              "ref": "MRT Yellow",
              "route": "monorail",
              "start_date": "2023-06-03",
              "to": "Lat Phrao",
              "type": "route",
              "wikidata": "Q14784897",
              "wikipedia": "th:รถไฟฟ้ามหานคร สายสีเหลือง"
            }
          }
        ]
      },
      "geometry": {
        "type": "Point",
        "coordinates": [
          100.6461707,
          13.6766379
        ]
      },
      "id": "node/10867419319"
    },
    {
      "type": "Feature",
      "properties": {
        "@id": "node/8717828065",
        "@relations": [
          {
            "role": "stop",
            "rel": 15806897,
            "reltags": {
              "colour": "#FFD400",
              "from": "Lat Phrao",
              "name": "รถไฟฟ้าสายสีเหลือง (ลาดพร้าว - สำโรง)",
              "name:en": "Yellow Line (Lat Phrao - Samrong)",
              "name:th": "รถไฟฟ้าสายสีเหลือง (ลาดพร้าว - สำโรง)",
              "network": "Metropolitan Rapid Transit",
              "network:short": "MRT",
              "network:wikidata": "Q806485",
              "operator": "อีสเทิร์นบางกอกโมโนเรล",
              "operator:en": "Eastern Bangkok Monorail",
              "operator:th": "อีสเทิร์นบางกอกโมโนเรล",
              "ref": "MRT Yellow",
              "route": "monorail",
              "start_date": "2023-06-03",
              "to": "Samrong",
              "type": "route",
              "wikidata": "Q14784897",
              "wikipedia": "th:รถไฟฟ้ามหานคร สายสีเหลือง"
            }
          },
          {
            "role": "stop",
            "rel": 15806898,
            "reltags": {
              "colour": "#FFD400",
              "from": "Samrong",
              "name": "รถไฟฟ้าสายสีเหลือง (สำโรง - ลาดพร้าว)",
              "name:en": "Yellow Line (Samrong - Lat Phrao)",
              "name:th": "รถไฟฟ้าสายสีเหลือง (สำโรง - ลาดพร้าว)",
              "network": "Metropolitan Rapid Transit",
              "network:short": "MRT",
              "network:wikidata": "Q806485",
              "operator": "อีสเทิร์นบางกอกโมโนเรล",
              "operator:en": "Eastern Bangkok Monorail",
              "operator:th": "อีสเทิร์นบางกอกโมโนเรล",
              "ref": "MRT Yellow",
              "route": "monorail",
              "start_date": "2023-06-03",
              "to": "Lat Phrao",
              "type": "route",
              "wikidata": "Q14784897",
              "wikipedia": "th:รถไฟฟ้ามหานคร สายสีเหลือง"
            }
          }
        ]
      },
      "geometry": {
        "type": "Point",
        "coordinates": [
          100.6450811,
          13.6676635
        ]
      },
      "id": "node/8717828065"
    },
    {
      "type": "Feature",
      "properties": {
        "@id": "node/8717828067",
        "@relations": [
          {
            "role": "stop",
            "rel": 15806897,
            "reltags": {
              "colour": "#FFD400",
              "from": "Lat Phrao",
              "name": "รถไฟฟ้าสายสีเหลือง (ลาดพร้าว - สำโรง)",
              "name:en": "Yellow Line (Lat Phrao - Samrong)",
              "name:th": "รถไฟฟ้าสายสีเหลือง (ลาดพร้าว - สำโรง)",
              "network": "Metropolitan Rapid Transit",
              "network:short": "MRT",
              "network:wikidata": "Q806485",
              "operator": "อีสเทิร์นบางกอกโมโนเรล",
              "operator:en": "Eastern Bangkok Monorail",
              "operator:th": "อีสเทิร์นบางกอกโมโนเรล",
              "ref": "MRT Yellow",
              "route": "monorail",
              "start_date": "2023-06-03",
              "to": "Samrong",
              "type": "route",
              "wikidata": "Q14784897",
              "wikipedia": "th:รถไฟฟ้ามหานคร สายสีเหลือง"
            }
          },
          {
            "role": "stop",
            "rel": 15806898,
            "reltags": {
              "colour": "#FFD400",
              "from": "Samrong",
              "name": "รถไฟฟ้าสายสีเหลือง (สำโรง - ลาดพร้าว)",
              "name:en": "Yellow Line (Samrong - Lat Phrao)",
              "name:th": "รถไฟฟ้าสายสีเหลือง (สำโรง - ลาดพร้าว)",
              "network": "Metropolitan Rapid Transit",
              "network:short": "MRT",
              "network:wikidata": "Q806485",
              "operator": "อีสเทิร์นบางกอกโมโนเรล",
              "operator:en": "Eastern Bangkok Monorail",
              "operator:th": "อีสเทิร์นบางกอกโมโนเรล",
              "ref": "MRT Yellow",
              "route": "monorail",
              "start_date": "2023-06-03",
              "to": "Lat Phrao",
              "type": "route",
              "wikidata": "Q14784897",
              "wikipedia": "th:รถไฟฟ้ามหานคร สายสีเหลือง"
            }
          }
        ]
      },
      "geometry": {
        "type": "Point",
        "coordinates": [
          100.6421358,
          13.6549576
        ]
      },
      "id": "node/8717828067"
    },
    {
      "type": "Feature",
      "properties": {
        "@id": "node/6703032843",
        "@relations": [
          {
            "role": "stop",
            "rel": 15806897,
            "reltags": {
              "colour": "#FFD400",
              "from": "Lat Phrao",
              "name": "รถไฟฟ้าสายสีเหลือง (ลาดพร้าว - สำโรง)",
              "name:en": "Yellow Line (Lat Phrao - Samrong)",
              "name:th": "รถไฟฟ้าสายสีเหลือง (ลาดพร้าว - สำโรง)",
              "network": "Metropolitan Rapid Transit",
              "network:short": "MRT",
              "network:wikidata": "Q806485",
              "operator": "อีสเทิร์นบางกอกโมโนเรล",
              "operator:en": "Eastern Bangkok Monorail",
              "operator:th": "อีสเทิร์นบางกอกโมโนเรล",
              "ref": "MRT Yellow",
              "route": "monorail",
              "start_date": "2023-06-03",
              "to": "Samrong",
              "type": "route",
              "wikidata": "Q14784897",
              "wikipedia": "th:รถไฟฟ้ามหานคร สายสีเหลือง"
            }
          },
          {
            "role": "stop",
            "rel": 15806898,
            "reltags": {
              "colour": "#FFD400",
              "from": "Samrong",
              "name": "รถไฟฟ้าสายสีเหลือง (สำโรง - ลาดพร้าว)",
              "name:en": "Yellow Line (Samrong - Lat Phrao)",
              "name:th": "รถไฟฟ้าสายสีเหลือง (สำโรง - ลาดพร้าว)",
              "network": "Metropolitan Rapid Transit",
              "network:short": "MRT",
              "network:wikidata": "Q806485",
              "operator": "อีสเทิร์นบางกอกโมโนเรล",
              "operator:en": "Eastern Bangkok Monorail",
              "operator:th": "อีสเทิร์นบางกอกโมโนเรล",
              "ref": "MRT Yellow",
              "route": "monorail",
              "start_date": "2023-06-03",
              "to": "Lat Phrao",
              "type": "route",
              "wikidata": "Q14784897",
              "wikipedia": "th:รถไฟฟ้ามหานคร สายสีเหลือง"
            }
          }
        ]
      },
      "geometry": {
        "type": "Point",
        "coordinates": [
          100.6362413,
          13.6434708
        ]
      },
      "id": "node/6703032843"
    },
    {
      "type": "Feature",
      "properties": {
        "@id": "node/6703032848",
        "@relations": [
          {
            "role": "stop",
            "rel": 15806897,
            "reltags": {
              "colour": "#FFD400",
              "from": "Lat Phrao",
              "name": "รถไฟฟ้าสายสีเหลือง (ลาดพร้าว - สำโรง)",
              "name:en": "Yellow Line (Lat Phrao - Samrong)",
              "name:th": "รถไฟฟ้าสายสีเหลือง (ลาดพร้าว - สำโรง)",
              "network": "Metropolitan Rapid Transit",
              "network:short": "MRT",
              "network:wikidata": "Q806485",
              "operator": "อีสเทิร์นบางกอกโมโนเรล",
              "operator:en": "Eastern Bangkok Monorail",
              "operator:th": "อีสเทิร์นบางกอกโมโนเรล",
              "ref": "MRT Yellow",
              "route": "monorail",
              "start_date": "2023-06-03",
              "to": "Samrong",
              "type": "route",
              "wikidata": "Q14784897",
              "wikipedia": "th:รถไฟฟ้ามหานคร สายสีเหลือง"
            }
          },
          {
            "role": "stop",
            "rel": 15806898,
            "reltags": {
              "colour": "#FFD400",
              "from": "Samrong",
              "name": "รถไฟฟ้าสายสีเหลือง (สำโรง - ลาดพร้าว)",
              "name:en": "Yellow Line (Samrong - Lat Phrao)",
              "name:th": "รถไฟฟ้าสายสีเหลือง (สำโรง - ลาดพร้าว)",
              "network": "Metropolitan Rapid Transit",
              "network:short": "MRT",
              "network:wikidata": "Q806485",
              "operator": "อีสเทิร์นบางกอกโมโนเรล",
              "operator:en": "Eastern Bangkok Monorail",
              "operator:th": "อีสเทิร์นบางกอกโมโนเรล",
              "ref": "MRT Yellow",
              "route": "monorail",
              "start_date": "2023-06-03",
              "to": "Lat Phrao",
              "type": "route",
              "wikidata": "Q14784897",
              "wikipedia": "th:รถไฟฟ้ามหานคร สายสีเหลือง"
            }
          }
        ]
      },
      "geometry": {
        "type": "Point",
        "coordinates": [
          100.6301044,
          13.6331246
        ]
      },
      "id": "node/6703032848"
    },
    {
      "type": "Feature",
      "properties": {
        "@id": "node/6703032861",
        "@relations": [
          {
            "role": "stop",
            "rel": 15806897,
            "reltags": {
              "colour": "#FFD400",
              "from": "Lat Phrao",
              "name": "รถไฟฟ้าสายสีเหลือง (ลาดพร้าว - สำโรง)",
              "name:en": "Yellow Line (Lat Phrao - Samrong)",
              "name:th": "รถไฟฟ้าสายสีเหลือง (ลาดพร้าว - สำโรง)",
              "network": "Metropolitan Rapid Transit",
              "network:short": "MRT",
              "network:wikidata": "Q806485",
              "operator": "อีสเทิร์นบางกอกโมโนเรล",
              "operator:en": "Eastern Bangkok Monorail",
              "operator:th": "อีสเทิร์นบางกอกโมโนเรล",
              "ref": "MRT Yellow",
              "route": "monorail",
              "start_date": "2023-06-03",
              "to": "Samrong",
              "type": "route",
              "wikidata": "Q14784897",
              "wikipedia": "th:รถไฟฟ้ามหานคร สายสีเหลือง"
            }
          },
          {
            "role": "stop",
            "rel": 15806898,
            "reltags": {
              "colour": "#FFD400",
              "from": "Samrong",
              "name": "รถไฟฟ้าสายสีเหลือง (สำโรง - ลาดพร้าว)",
              "name:en": "Yellow Line (Samrong - Lat Phrao)",
              "name:th": "รถไฟฟ้าสายสีเหลือง (สำโรง - ลาดพร้าว)",
              "network": "Metropolitan Rapid Transit",
              "network:short": "MRT",
              "network:wikidata": "Q806485",
              "operator": "อีสเทิร์นบางกอกโมโนเรล",
              "operator:en": "Eastern Bangkok Monorail",
              "operator:th": "อีสเทิร์นบางกอกโมโนเรล",
              "ref": "MRT Yellow",
              "route": "monorail",
              "start_date": "2023-06-03",
              "to": "Lat Phrao",
              "type": "route",
              "wikidata": "Q14784897",
              "wikipedia": "th:รถไฟฟ้ามหานคร สายสีเหลือง"
            }
          }
        ]
      },
      "geometry": {
        "type": "Point",
        "coordinates": [
          100.622682,
          13.6298789
        ]
      },
      "id": "node/6703032861"
    },
    {
      "type": "Feature",
      "properties": {
        "@id": "node/7781234528",
        "@relations": [
          {
            "role": "stop",
            "rel": 15806897,
            "reltags": {
              "colour": "#FFD400",
              "from": "Lat Phrao",
              "name": "รถไฟฟ้าสายสีเหลือง (ลาดพร้าว - สำโรง)",
              "name:en": "Yellow Line (Lat Phrao - Samrong)",
              "name:th": "รถไฟฟ้าสายสีเหลือง (ลาดพร้าว - สำโรง)",
              "network": "Metropolitan Rapid Transit",
              "network:short": "MRT",
              "network:wikidata": "Q806485",
              "operator": "อีสเทิร์นบางกอกโมโนเรล",
              "operator:en": "Eastern Bangkok Monorail",
              "operator:th": "อีสเทิร์นบางกอกโมโนเรล",
              "ref": "MRT Yellow",
              "route": "monorail",
              "start_date": "2023-06-03",
              "to": "Samrong",
              "type": "route",
              "wikidata": "Q14784897",
              "wikipedia": "th:รถไฟฟ้ามหานคร สายสีเหลือง"
            }
          },
          {
            "role": "stop",
            "rel": 15806898,
            "reltags": {
              "colour": "#FFD400",
              "from": "Samrong",
              "name": "รถไฟฟ้าสายสีเหลือง (สำโรง - ลาดพร้าว)",
              "name:en": "Yellow Line (Samrong - Lat Phrao)",
              "name:th": "รถไฟฟ้าสายสีเหลือง (สำโรง - ลาดพร้าว)",
              "network": "Metropolitan Rapid Transit",
              "network:short": "MRT",
              "network:wikidata": "Q806485",
              "operator": "อีสเทิร์นบางกอกโมโนเรล",
              "operator:en": "Eastern Bangkok Monorail",
              "operator:th": "อีสเทิร์นบางกอกโมโนเรล",
              "ref": "MRT Yellow",
              "route": "monorail",
              "start_date": "2023-06-03",
              "to": "Lat Phrao",
              "type": "route",
              "wikidata": "Q14784897",
              "wikipedia": "th:รถไฟฟ้ามหานคร สายสีเหลือง"
            }
          }
        ]
      },
      "geometry": {
        "type": "Point",
        "coordinates": [
          100.6099158,
          13.636736
        ]
      },
      "id": "node/7781234528"
    },
    {
      "type": "Feature",
      "properties": {
        "@id": "node/6703032849",
        "@relations": [
          {
            "role": "stop_exit_only",
            "rel": 15806897,
            "reltags": {
              "colour": "#FFD400",
              "from": "Lat Phrao",
              "name": "รถไฟฟ้าสายสีเหลือง (ลาดพร้าว - สำโรง)",
              "name:en": "Yellow Line (Lat Phrao - Samrong)",
              "name:th": "รถไฟฟ้าสายสีเหลือง (ลาดพร้าว - สำโรง)",
              "network": "Metropolitan Rapid Transit",
              "network:short": "MRT",
              "network:wikidata": "Q806485",
              "operator": "อีสเทิร์นบางกอกโมโนเรล",
              "operator:en": "Eastern Bangkok Monorail",
              "operator:th": "อีสเทิร์นบางกอกโมโนเรล",
              "ref": "MRT Yellow",
              "route": "monorail",
              "start_date": "2023-06-03",
              "to": "Samrong",
              "type": "route",
              "wikidata": "Q14784897",
              "wikipedia": "th:รถไฟฟ้ามหานคร สายสีเหลือง"
            }
          },
          {
            "role": "stop_entry_only",
            "rel": 15806898,
            "reltags": {
              "colour": "#FFD400",
              "from": "Samrong",
              "name": "รถไฟฟ้าสายสีเหลือง (สำโรง - ลาดพร้าว)",
              "name:en": "Yellow Line (Samrong - Lat Phrao)",
              "name:th": "รถไฟฟ้าสายสีเหลือง (สำโรง - ลาดพร้าว)",
              "network": "Metropolitan Rapid Transit",
              "network:short": "MRT",
              "network:wikidata": "Q806485",
              "operator": "อีสเทิร์นบางกอกโมโนเรล",
              "operator:en": "Eastern Bangkok Monorail",
              "operator:th": "อีสเทิร์นบางกอกโมโนเรล",
              "ref": "MRT Yellow",
              "route": "monorail",
              "start_date": "2023-06-03",
              "to": "Lat Phrao",
              "type": "route",
              "wikidata": "Q14784897",
              "wikipedia": "th:รถไฟฟ้ามหานคร สายสีเหลือง"
            }
          }
        ]
      },
      "geometry": {
        "type": "Point",
        "coordinates": [
          100.5966162,
          13.6450441
        ]
      },
      "id": "node/6703032849"
    },
    {
      "type": "Feature",
      "properties": {
        "@id": "node/11364308558",
        "@relations": [
          {
            "role": "stop",
            "rel": 16740886,
            "reltags": {
              "colour": "#E76589",
              "from": "ศูนย์ราชการนนทบุรี",
              "name": "รถไฟฟ้ามหานคร สายสีชมพู (ศูนย์ราชการนนทบุรี → มีนบุรี)",
              "name:en": "MRT Pink Line (Nonthaburi Civic Center → Min Buri)",
              "name:th": "รถไฟฟ้ามหานคร สายสีชมพู (ศูนย์ราชการนนทบุรี → มีนบุรี)",
              "network": "Metropolitan Rapid Transit",
              "network:short": "MRT",
              "network:wikidata": "Q806485",
              "operator": "นอร์ทเทิร์นบางกอกโมโนเรล",
              "public_transport:version": "2",
              "ref": "MRT Pink",
              "route": "monorail",
              "to": "มีนบุรี",
              "type": "route",
              "wikidata": "Q6584557",
              "wikipedia": "en:Pink Line (Bangkok)"
            }
          },
          {
            "role": "stop",
            "rel": 16740887,
            "reltags": {
              "colour": "#E76589",
              "from": "มีนบุรี",
              "name": "รถไฟฟ้ามหานคร สายสีชมพู (มีนบุรี → ศูนย์ราชการนนทบุรี)",
              "name:en": "MRT Pink Line (Min Buri → Nonthaburi Civic Center)",
              "name:th": "รถไฟฟ้ามหานคร สายสีชมพู (มีนบุรี → ศูนย์ราชการนนทบุรี)",
              "network": "Metropolitan Rapid Transit",
              "network:short": "MRT",
              "network:wikidata": "Q806485",
              "operator": "นอร์ทเทิร์นบางกอกโมโนเรล",
              "public_transport:version": "2",
              "ref": "MRT Pink",
              "route": "monorail",
              "to": "ศูนย์ราชการนนทบุรี",
              "type": "route",
              "wikidata": "Q6584557",
              "wikipedia": "en:Pink Line (Bangkok)"
            }
          }
        ]
      },
      "geometry": {
        "type": "Point",
        "coordinates": [
          100.5181056,
          13.8596996
        ]
      },
      "id": "node/11364308558"
    },
    {
      "type": "Feature",
      "properties": {
        "@id": "node/11364361870",
        "@relations": [
          {
            "role": "stop",
            "rel": 16740886,
            "reltags": {
              "colour": "#E76589",
              "from": "ศูนย์ราชการนนทบุรี",
              "name": "รถไฟฟ้ามหานคร สายสีชมพู (ศูนย์ราชการนนทบุรี → มีนบุรี)",
              "name:en": "MRT Pink Line (Nonthaburi Civic Center → Min Buri)",
              "name:th": "รถไฟฟ้ามหานคร สายสีชมพู (ศูนย์ราชการนนทบุรี → มีนบุรี)",
              "network": "Metropolitan Rapid Transit",
              "network:short": "MRT",
              "network:wikidata": "Q806485",
              "operator": "นอร์ทเทิร์นบางกอกโมโนเรล",
              "public_transport:version": "2",
              "ref": "MRT Pink",
              "route": "monorail",
              "to": "มีนบุรี",
              "type": "route",
              "wikidata": "Q6584557",
              "wikipedia": "en:Pink Line (Bangkok)"
            }
          },
          {
            "role": "stop",
            "rel": 16740887,
            "reltags": {
              "colour": "#E76589",
              "from": "มีนบุรี",
              "name": "รถไฟฟ้ามหานคร สายสีชมพู (มีนบุรี → ศูนย์ราชการนนทบุรี)",
              "name:en": "MRT Pink Line (Min Buri → Nonthaburi Civic Center)",
              "name:th": "รถไฟฟ้ามหานคร สายสีชมพู (มีนบุรี → ศูนย์ราชการนนทบุรี)",
              "network": "Metropolitan Rapid Transit",
              "network:short": "MRT",
              "network:wikidata": "Q806485",
              "operator": "นอร์ทเทิร์นบางกอกโมโนเรล",
              "public_transport:version": "2",
              "ref": "MRT Pink",
              "route": "monorail",
              "to": "ศูนย์ราชการนนทบุรี",
              "type": "route",
              "wikidata": "Q6584557",
              "wikipedia": "en:Pink Line (Bangkok)"
            }
          }
        ]
      },
      "geometry": {
        "type": "Point",
        "coordinates": [
          100.5206417,
          13.8626398
        ]
      },
      "id": "node/11364361870"
    },
    {
      "type": "Feature",
      "properties": {
        "@id": "node/7647114250",
        "@relations": [
          {
            "role": "stop",
            "rel": 16740886,
            "reltags": {
              "colour": "#E76589",
              "from": "ศูนย์ราชการนนทบุรี",
              "name": "รถไฟฟ้ามหานคร สายสีชมพู (ศูนย์ราชการนนทบุรี → มีนบุรี)",
              "name:en": "MRT Pink Line (Nonthaburi Civic Center → Min Buri)",
              "name:th": "รถไฟฟ้ามหานคร สายสีชมพู (ศูนย์ราชการนนทบุรี → มีนบุรี)",
              "network": "Metropolitan Rapid Transit",
              "network:short": "MRT",
              "network:wikidata": "Q806485",
              "operator": "นอร์ทเทิร์นบางกอกโมโนเรล",
              "public_transport:version": "2",
              "ref": "MRT Pink",
              "route": "monorail",
              "to": "มีนบุรี",
              "type": "route",
              "wikidata": "Q6584557",
              "wikipedia": "en:Pink Line (Bangkok)"
            }
          },
          {
            "role": "stop",
            "rel": 16740887,
            "reltags": {
              "colour": "#E76589",
              "from": "มีนบุรี",
              "name": "รถไฟฟ้ามหานคร สายสีชมพู (มีนบุรี → ศูนย์ราชการนนทบุรี)",
              "name:en": "MRT Pink Line (Min Buri → Nonthaburi Civic Center)",
              "name:th": "รถไฟฟ้ามหานคร สายสีชมพู (มีนบุรี → ศูนย์ราชการนนทบุรี)",
              "network": "Metropolitan Rapid Transit",
              "network:short": "MRT",
              "network:wikidata": "Q806485",
              "operator": "นอร์ทเทิร์นบางกอกโมโนเรล",
              "public_transport:version": "2",
              "ref": "MRT Pink",
              "route": "monorail",
              "to": "ศูนย์ราชการนนทบุรี",
              "type": "route",
              "wikidata": "Q6584557",
              "wikipedia": "en:Pink Line (Bangkok)"
            }
          }
        ]
      },
      "geometry": {
        "type": "Point",
        "coordinates": [
          100.5163068,
          13.8741
        ]
      },
      "id": "node/7647114250"
    },
    {
      "type": "Feature",
      "properties": {
        "@id": "node/7647114249",
        "@relations": [
          {
            "role": "stop",
            "rel": 16740886,
            "reltags": {
              "colour": "#E76589",
              "from": "ศูนย์ราชการนนทบุรี",
              "name": "รถไฟฟ้ามหานคร สายสีชมพู (ศูนย์ราชการนนทบุรี → มีนบุรี)",
              "name:en": "MRT Pink Line (Nonthaburi Civic Center → Min Buri)",
              "name:th": "รถไฟฟ้ามหานคร สายสีชมพู (ศูนย์ราชการนนทบุรี → มีนบุรี)",
              "network": "Metropolitan Rapid Transit",
              "network:short": "MRT",
              "network:wikidata": "Q806485",
              "operator": "นอร์ทเทิร์นบางกอกโมโนเรล",
              "public_transport:version": "2",
              "ref": "MRT Pink",
              "route": "monorail",
              "to": "มีนบุรี",
              "type": "route",
              "wikidata": "Q6584557",
              "wikipedia": "en:Pink Line (Bangkok)"
            }
          },
          {
            "role": "stop",
            "rel": 16740887,
            "reltags": {
              "colour": "#E76589",
              "from": "มีนบุรี",
              "name": "รถไฟฟ้ามหานคร สายสีชมพู (มีนบุรี → ศูนย์ราชการนนทบุรี)",
              "name:en": "MRT Pink Line (Min Buri → Nonthaburi Civic Center)",
              "name:th": "รถไฟฟ้ามหานคร สายสีชมพู (มีนบุรี → ศูนย์ราชการนนทบุรี)",
              "network": "Metropolitan Rapid Transit",
              "network:short": "MRT",
              "network:wikidata": "Q806485",
              "operator": "นอร์ทเทิร์นบางกอกโมโนเรล",
              "public_transport:version": "2",
              "ref": "MRT Pink",
              "route": "monorail",
              "to": "ศูนย์ราชการนนทบุรี",
              "type": "route",
              "wikidata": "Q6584557",
              "wikipedia": "en:Pink Line (Bangkok)"
            }
          }
        ]
      },
      "geometry": {
        "type": "Point",
        "coordinates": [
          100.5105633,
          13.889258
        ]
      },
      "id": "node/7647114249"
    },
    {
      "type": "Feature",
      "properties": {
        "@id": "node/10147872913",
        "@relations": [
          {
            "role": "stop",
            "rel": 16740886,
            "reltags": {
              "colour": "#E76589",
              "from": "ศูนย์ราชการนนทบุรี",
              "name": "รถไฟฟ้ามหานคร สายสีชมพู (ศูนย์ราชการนนทบุรี → มีนบุรี)",
              "name:en": "MRT Pink Line (Nonthaburi Civic Center → Min Buri)",
              "name:th": "รถไฟฟ้ามหานคร สายสีชมพู (ศูนย์ราชการนนทบุรี → มีนบุรี)",
              "network": "Metropolitan Rapid Transit",
              "network:short": "MRT",
              "network:wikidata": "Q806485",
              "operator": "นอร์ทเทิร์นบางกอกโมโนเรล",
              "public_transport:version": "2",
              "ref": "MRT Pink",
              "route": "monorail",
              "to": "มีนบุรี",
              "type": "route",
              "wikidata": "Q6584557",
              "wikipedia": "en:Pink Line (Bangkok)"
            }
          },
          {
            "role": "stop",
            "rel": 16740887,
            "reltags": {
              "colour": "#E76589",
              "from": "มีนบุรี",
              "name": "รถไฟฟ้ามหานคร สายสีชมพู (มีนบุรี → ศูนย์ราชการนนทบุรี)",
              "name:en": "MRT Pink Line (Min Buri → Nonthaburi Civic Center)",
              "name:th": "รถไฟฟ้ามหานคร สายสีชมพู (มีนบุรี → ศูนย์ราชการนนทบุรี)",
              "network": "Metropolitan Rapid Transit",
              "network:short": "MRT",
              "network:wikidata": "Q806485",
              "operator": "นอร์ทเทิร์นบางกอกโมโนเรล",
              "public_transport:version": "2",
              "ref": "MRT Pink",
              "route": "monorail",
              "to": "ศูนย์ราชการนนทบุรี",
              "type": "route",
              "wikidata": "Q6584557",
              "wikipedia": "en:Pink Line (Bangkok)"
            }
          }
        ]
      },
      "geometry": {
        "type": "Point",
        "coordinates": [
          100.5070785,
          13.8985366
        ]
      },
      "id": "node/10147872913"
    },
    {
      "type": "Feature",
      "properties": {
        "@id": "node/10867419311",
        "@relations": [
          {
            "role": "stop",
            "rel": 16740886,
            "reltags": {
              "colour": "#E76589",
              "from": "ศูนย์ราชการนนทบุรี",
              "name": "รถไฟฟ้ามหานคร สายสีชมพู (ศูนย์ราชการนนทบุรี → มีนบุรี)",
              "name:en": "MRT Pink Line (Nonthaburi Civic Center → Min Buri)",
              "name:th": "รถไฟฟ้ามหานคร สายสีชมพู (ศูนย์ราชการนนทบุรี → มีนบุรี)",
              "network": "Metropolitan Rapid Transit",
              "network:short": "MRT",
              "network:wikidata": "Q806485",
              "operator": "นอร์ทเทิร์นบางกอกโมโนเรล",
              "public_transport:version": "2",
              "ref": "MRT Pink",
              "route": "monorail",
              "to": "มีนบุรี",
              "type": "route",
              "wikidata": "Q6584557",
              "wikipedia": "en:Pink Line (Bangkok)"
            }
          },
          {
            "role": "stop",
            "rel": 16740887,
            "reltags": {
              "colour": "#E76589",
              "from": "มีนบุรี",
              "name": "รถไฟฟ้ามหานคร สายสีชมพู (มีนบุรี → ศูนย์ราชการนนทบุรี)",
              "name:en": "MRT Pink Line (Min Buri → Nonthaburi Civic Center)",
              "name:th": "รถไฟฟ้ามหานคร สายสีชมพู (มีนบุรี → ศูนย์ราชการนนทบุรี)",
              "network": "Metropolitan Rapid Transit",
              "network:short": "MRT",
              "network:wikidata": "Q806485",
              "operator": "นอร์ทเทิร์นบางกอกโมโนเรล",
              "public_transport:version": "2",
              "ref": "MRT Pink",
              "route": "monorail",
              "to": "ศูนย์ราชการนนทบุรี",
              "type": "route",
              "wikidata": "Q6584557",
              "wikipedia": "en:Pink Line (Bangkok)"
            }
          }
        ]
      },
      "geometry": {
        "type": "Point",
        "coordinates": [
          100.5054,
          13.9061476
        ]
      },
      "id": "node/10867419311"
    },
    {
      "type": "Feature",
      "properties": {
        "@id": "node/10867419318",
        "@relations": [
          {
            "role": "stop",
            "rel": 16740886,
            "reltags": {
              "colour": "#E76589",
              "from": "ศูนย์ราชการนนทบุรี",
              "name": "รถไฟฟ้ามหานคร สายสีชมพู (ศูนย์ราชการนนทบุรี → มีนบุรี)",
              "name:en": "MRT Pink Line (Nonthaburi Civic Center → Min Buri)",
              "name:th": "รถไฟฟ้ามหานคร สายสีชมพู (ศูนย์ราชการนนทบุรี → มีนบุรี)",
              "network": "Metropolitan Rapid Transit",
              "network:short": "MRT",
              "network:wikidata": "Q806485",
              "operator": "นอร์ทเทิร์นบางกอกโมโนเรล",
              "public_transport:version": "2",
              "ref": "MRT Pink",
              "route": "monorail",
              "to": "มีนบุรี",
              "type": "route",
              "wikidata": "Q6584557",
              "wikipedia": "en:Pink Line (Bangkok)"
            }
          },
          {
            "role": "stop",
            "rel": 16740887,
            "reltags": {
              "colour": "#E76589",
              "from": "มีนบุรี",
              "name": "รถไฟฟ้ามหานคร สายสีชมพู (มีนบุรี → ศูนย์ราชการนนทบุรี)",
              "name:en": "MRT Pink Line (Min Buri → Nonthaburi Civic Center)",
              "name:th": "รถไฟฟ้ามหานคร สายสีชมพู (มีนบุรี → ศูนย์ราชการนนทบุรี)",
              "network": "Metropolitan Rapid Transit",
              "network:short": "MRT",
              "network:wikidata": "Q806485",
              "operator": "นอร์ทเทิร์นบางกอกโมโนเรล",
              "public_transport:version": "2",
              "ref": "MRT Pink",
              "route": "monorail",
              "to": "ศูนย์ราชการนนทบุรี",
              "type": "route",
              "wikidata": "Q6584557",
              "wikipedia": "en:Pink Line (Bangkok)"
            }
          }
        ]
      },
      "geometry": {
        "type": "Point",
        "coordinates": [
          100.5155582,
          13.9064767
        ]
      },
      "id": "node/10867419318"
    },
    {
      "type": "Feature",
      "properties": {
        "@id": "node/10867419312",
        "@relations": [
          {
            "role": "stop",
            "rel": 16740886,
            "reltags": {
              "colour": "#E76589",
              "from": "ศูนย์ราชการนนทบุรี",
              "name": "รถไฟฟ้ามหานคร สายสีชมพู (ศูนย์ราชการนนทบุรี → มีนบุรี)",
              "name:en": "MRT Pink Line (Nonthaburi Civic Center → Min Buri)",
              "name:th": "รถไฟฟ้ามหานคร สายสีชมพู (ศูนย์ราชการนนทบุรี → มีนบุรี)",
              "network": "Metropolitan Rapid Transit",
              "network:short": "MRT",
              "network:wikidata": "Q806485",
              "operator": "นอร์ทเทิร์นบางกอกโมโนเรล",
              "public_transport:version": "2",
              "ref": "MRT Pink",
              "route": "monorail",
              "to": "มีนบุรี",
              "type": "route",
              "wikidata": "Q6584557",
              "wikipedia": "en:Pink Line (Bangkok)"
            }
          },
          {
            "role": "stop",
            "rel": 16740887,
            "reltags": {
              "colour": "#E76589",
              "from": "มีนบุรี",
              "name": "รถไฟฟ้ามหานคร สายสีชมพู (มีนบุรี → ศูนย์ราชการนนทบุรี)",
              "name:en": "MRT Pink Line (Min Buri → Nonthaburi Civic Center)",
              "name:th": "รถไฟฟ้ามหานคร สายสีชมพู (มีนบุรี → ศูนย์ราชการนนทบุรี)",
              "network": "Metropolitan Rapid Transit",
              "network:short": "MRT",
              "network:wikidata": "Q806485",
              "operator": "นอร์ทเทิร์นบางกอกโมโนเรล",
              "public_transport:version": "2",
              "ref": "MRT Pink",
              "route": "monorail",
              "to": "ศูนย์ราชการนนทบุรี",
              "type": "route",
              "wikidata": "Q6584557",
              "wikipedia": "en:Pink Line (Bangkok)"
            }
          }
        ]
      },
      "geometry": {
        "type": "Point",
        "coordinates": [
          100.5292669,
          13.9041381
        ]
      },
      "id": "node/10867419312"
    },
    {
      "type": "Feature",
      "properties": {
        "@id": "node/11364361909",
        "@relations": [
          {
            "role": "stop",
            "rel": 16740886,
            "reltags": {
              "colour": "#E76589",
              "from": "ศูนย์ราชการนนทบุรี",
              "name": "รถไฟฟ้ามหานคร สายสีชมพู (ศูนย์ราชการนนทบุรี → มีนบุรี)",
              "name:en": "MRT Pink Line (Nonthaburi Civic Center → Min Buri)",
              "name:th": "รถไฟฟ้ามหานคร สายสีชมพู (ศูนย์ราชการนนทบุรี → มีนบุรี)",
              "network": "Metropolitan Rapid Transit",
              "network:short": "MRT",
              "network:wikidata": "Q806485",
              "operator": "นอร์ทเทิร์นบางกอกโมโนเรล",
              "public_transport:version": "2",
              "ref": "MRT Pink",
              "route": "monorail",
              "to": "มีนบุรี",
              "type": "route",
              "wikidata": "Q6584557",
              "wikipedia": "en:Pink Line (Bangkok)"
            }
          }
        ]
      },
      "geometry": {
        "type": "Point",
        "coordinates": [
          100.5400305,
          13.9006355
        ]
      },
      "id": "node/11364361909"
    },
    {
      "type": "Feature",
      "properties": {
        "@id": "node/11364361936",
        "@relations": [
          {
            "role": "stop",
            "rel": 16740886,
            "reltags": {
              "colour": "#E76589",
              "from": "ศูนย์ราชการนนทบุรี",
              "name": "รถไฟฟ้ามหานคร สายสีชมพู (ศูนย์ราชการนนทบุรี → มีนบุรี)",
              "name:en": "MRT Pink Line (Nonthaburi Civic Center → Min Buri)",
              "name:th": "รถไฟฟ้ามหานคร สายสีชมพู (ศูนย์ราชการนนทบุรี → มีนบุรี)",
              "network": "Metropolitan Rapid Transit",
              "network:short": "MRT",
              "network:wikidata": "Q806485",
              "operator": "นอร์ทเทิร์นบางกอกโมโนเรล",
              "public_transport:version": "2",
              "ref": "MRT Pink",
              "route": "monorail",
              "to": "มีนบุรี",
              "type": "route",
              "wikidata": "Q6584557",
              "wikipedia": "en:Pink Line (Bangkok)"
            }
          },
          {
            "role": "stop",
            "rel": 16740887,
            "reltags": {
              "colour": "#E76589",
              "from": "มีนบุรี",
              "name": "รถไฟฟ้ามหานคร สายสีชมพู (มีนบุรี → ศูนย์ราชการนนทบุรี)",
              "name:en": "MRT Pink Line (Min Buri → Nonthaburi Civic Center)",
              "name:th": "รถไฟฟ้ามหานคร สายสีชมพู (มีนบุรี → ศูนย์ราชการนนทบุรี)",
              "network": "Metropolitan Rapid Transit",
              "network:short": "MRT",
              "network:wikidata": "Q806485",
              "operator": "นอร์ทเทิร์นบางกอกโมโนเรล",
              "public_transport:version": "2",
              "ref": "MRT Pink",
              "route": "monorail",
              "to": "ศูนย์ราชการนนทบุรี",
              "type": "route",
              "wikidata": "Q6584557",
              "wikipedia": "en:Pink Line (Bangkok)"
            }
          }
        ]
      },
      "geometry": {
        "type": "Point",
        "coordinates": [
          100.5484363,
          13.8973975
        ]
      },
      "id": "node/11364361936"
    },
    {
      "type": "Feature",
      "properties": {
        "@id": "node/11364361948",
        "@relations": [
          {
            "role": "stop",
            "rel": 16740886,
            "reltags": {
              "colour": "#E76589",
              "from": "ศูนย์ราชการนนทบุรี",
              "name": "รถไฟฟ้ามหานคร สายสีชมพู (ศูนย์ราชการนนทบุรี → มีนบุรี)",
              "name:en": "MRT Pink Line (Nonthaburi Civic Center → Min Buri)",
              "name:th": "รถไฟฟ้ามหานคร สายสีชมพู (ศูนย์ราชการนนทบุรี → มีนบุรี)",
              "network": "Metropolitan Rapid Transit",
              "network:short": "MRT",
              "network:wikidata": "Q806485",
              "operator": "นอร์ทเทิร์นบางกอกโมโนเรล",
              "public_transport:version": "2",
              "ref": "MRT Pink",
              "route": "monorail",
              "to": "มีนบุรี",
              "type": "route",
              "wikidata": "Q6584557",
              "wikipedia": "en:Pink Line (Bangkok)"
            }
          },
          {
            "role": "stop",
            "rel": 16740887,
            "reltags": {
              "colour": "#E76589",
              "from": "มีนบุรี",
              "name": "รถไฟฟ้ามหานคร สายสีชมพู (มีนบุรี → ศูนย์ราชการนนทบุรี)",
              "name:en": "MRT Pink Line (Min Buri → Nonthaburi Civic Center)",
              "name:th": "รถไฟฟ้ามหานคร สายสีชมพู (มีนบุรี → ศูนย์ราชการนนทบุรี)",
              "network": "Metropolitan Rapid Transit",
              "network:short": "MRT",
              "network:wikidata": "Q806485",
              "operator": "นอร์ทเทิร์นบางกอกโมโนเรล",
              "public_transport:version": "2",
              "ref": "MRT Pink",
              "route": "monorail",
              "to": "ศูนย์ราชการนนทบุรี",
              "type": "route",
              "wikidata": "Q6584557",
              "wikipedia": "en:Pink Line (Bangkok)"
            }
          }
        ]
      },
      "geometry": {
        "type": "Point",
        "coordinates": [
          100.5601429,
          13.8932826
        ]
      },
      "id": "node/11364361948"
    },
    {
      "type": "Feature",
      "properties": {
        "@id": "node/11364465362",
        "@relations": [
          {
            "role": "stop",
            "rel": 16740886,
            "reltags": {
              "colour": "#E76589",
              "from": "ศูนย์ราชการนนทบุรี",
              "name": "รถไฟฟ้ามหานคร สายสีชมพู (ศูนย์ราชการนนทบุรี → มีนบุรี)",
              "name:en": "MRT Pink Line (Nonthaburi Civic Center → Min Buri)",
              "name:th": "รถไฟฟ้ามหานคร สายสีชมพู (ศูนย์ราชการนนทบุรี → มีนบุรี)",
              "network": "Metropolitan Rapid Transit",
              "network:short": "MRT",
              "network:wikidata": "Q806485",
              "operator": "นอร์ทเทิร์นบางกอกโมโนเรล",
              "public_transport:version": "2",
              "ref": "MRT Pink",
              "route": "monorail",
              "to": "มีนบุรี",
              "type": "route",
              "wikidata": "Q6584557",
              "wikipedia": "en:Pink Line (Bangkok)"
            }
          },
          {
            "role": "stop",
            "rel": 16740887,
            "reltags": {
              "colour": "#E76589",
              "from": "มีนบุรี",
              "name": "รถไฟฟ้ามหานคร สายสีชมพู (มีนบุรี → ศูนย์ราชการนนทบุรี)",
              "name:en": "MRT Pink Line (Min Buri → Nonthaburi Civic Center)",
              "name:th": "รถไฟฟ้ามหานคร สายสีชมพู (มีนบุรี → ศูนย์ราชการนนทบุรี)",
              "network": "Metropolitan Rapid Transit",
              "network:short": "MRT",
              "network:wikidata": "Q806485",
              "operator": "นอร์ทเทิร์นบางกอกโมโนเรล",
              "public_transport:version": "2",
              "ref": "MRT Pink",
              "route": "monorail",
              "to": "ศูนย์ราชการนนทบุรี",
              "type": "route",
              "wikidata": "Q6584557",
              "wikipedia": "en:Pink Line (Bangkok)"
            }
          }
        ]
      },
      "geometry": {
        "type": "Point",
        "coordinates": [
          100.5673425,
          13.8907528
        ]
      },
      "id": "node/11364465362"
    },
    {
      "type": "Feature",
      "properties": {
        "@id": "node/11364501869",
        "@relations": [
          {
            "role": "stop",
            "rel": 16740886,
            "reltags": {
              "colour": "#E76589",
              "from": "ศูนย์ราชการนนทบุรี",
              "name": "รถไฟฟ้ามหานคร สายสีชมพู (ศูนย์ราชการนนทบุรี → มีนบุรี)",
              "name:en": "MRT Pink Line (Nonthaburi Civic Center → Min Buri)",
              "name:th": "รถไฟฟ้ามหานคร สายสีชมพู (ศูนย์ราชการนนทบุรี → มีนบุรี)",
              "network": "Metropolitan Rapid Transit",
              "network:short": "MRT",
              "network:wikidata": "Q806485",
              "operator": "นอร์ทเทิร์นบางกอกโมโนเรล",
              "public_transport:version": "2",
              "ref": "MRT Pink",
              "route": "monorail",
              "to": "มีนบุรี",
              "type": "route",
              "wikidata": "Q6584557",
              "wikipedia": "en:Pink Line (Bangkok)"
            }
          },
          {
            "role": "stop",
            "rel": 16740887,
            "reltags": {
              "colour": "#E76589",
              "from": "มีนบุรี",
              "name": "รถไฟฟ้ามหานคร สายสีชมพู (มีนบุรี → ศูนย์ราชการนนทบุรี)",
              "name:en": "MRT Pink Line (Min Buri → Nonthaburi Civic Center)",
              "name:th": "รถไฟฟ้ามหานคร สายสีชมพู (มีนบุรี → ศูนย์ราชการนนทบุรี)",
              "network": "Metropolitan Rapid Transit",
              "network:short": "MRT",
              "network:wikidata": "Q806485",
              "operator": "นอร์ทเทิร์นบางกอกโมโนเรล",
              "public_transport:version": "2",
              "ref": "MRT Pink",
              "route": "monorail",
              "to": "ศูนย์ราชการนนทบุรี",
              "type": "route",
              "wikidata": "Q6584557",
              "wikipedia": "en:Pink Line (Bangkok)"
            }
          }
        ]
      },
      "geometry": {
        "type": "Point",
        "coordinates": [
          100.5757092,
          13.8875633
        ]
      },
      "id": "node/11364501869"
    },
    {
      "type": "Feature",
      "properties": {
        "@id": "node/9913078093",
        "@relations": [
          {
            "role": "stop",
            "rel": 16740886,
            "reltags": {
              "colour": "#E76589",
              "from": "ศูนย์ราชการนนทบุรี",
              "name": "รถไฟฟ้ามหานคร สายสีชมพู (ศูนย์ราชการนนทบุรี → มีนบุรี)",
              "name:en": "MRT Pink Line (Nonthaburi Civic Center → Min Buri)",
              "name:th": "รถไฟฟ้ามหานคร สายสีชมพู (ศูนย์ราชการนนทบุรี → มีนบุรี)",
              "network": "Metropolitan Rapid Transit",
              "network:short": "MRT",
              "network:wikidata": "Q806485",
              "operator": "นอร์ทเทิร์นบางกอกโมโนเรล",
              "public_transport:version": "2",
              "ref": "MRT Pink",
              "route": "monorail",
              "to": "มีนบุรี",
              "type": "route",
              "wikidata": "Q6584557",
              "wikipedia": "en:Pink Line (Bangkok)"
            }
          },
          {
            "role": "stop",
            "rel": 16740887,
            "reltags": {
              "colour": "#E76589",
              "from": "มีนบุรี",
              "name": "รถไฟฟ้ามหานคร สายสีชมพู (มีนบุรี → ศูนย์ราชการนนทบุรี)",
              "name:en": "MRT Pink Line (Min Buri → Nonthaburi Civic Center)",
              "name:th": "รถไฟฟ้ามหานคร สายสีชมพู (มีนบุรี → ศูนย์ราชการนนทบุรี)",
              "network": "Metropolitan Rapid Transit",
              "network:short": "MRT",
              "network:wikidata": "Q806485",
              "operator": "นอร์ทเทิร์นบางกอกโมโนเรล",
              "public_transport:version": "2",
              "ref": "MRT Pink",
              "route": "monorail",
              "to": "ศูนย์ราชการนนทบุรี",
              "type": "route",
              "wikidata": "Q6584557",
              "wikipedia": "en:Pink Line (Bangkok)"
            }
          }
        ]
      },
      "geometry": {
        "type": "Point",
        "coordinates": [
          100.582681,
          13.8840495
        ]
      },
      "id": "node/9913078093"
    },
    {
      "type": "Feature",
      "properties": {
        "@id": "node/9733987641",
        "@relations": [
          {
            "role": "stop",
            "rel": 16740886,
            "reltags": {
              "colour": "#E76589",
              "from": "ศูนย์ราชการนนทบุรี",
              "name": "รถไฟฟ้ามหานคร สายสีชมพู (ศูนย์ราชการนนทบุรี → มีนบุรี)",
              "name:en": "MRT Pink Line (Nonthaburi Civic Center → Min Buri)",
              "name:th": "รถไฟฟ้ามหานคร สายสีชมพู (ศูนย์ราชการนนทบุรี → มีนบุรี)",
              "network": "Metropolitan Rapid Transit",
              "network:short": "MRT",
              "network:wikidata": "Q806485",
              "operator": "นอร์ทเทิร์นบางกอกโมโนเรล",
              "public_transport:version": "2",
              "ref": "MRT Pink",
              "route": "monorail",
              "to": "มีนบุรี",
              "type": "route",
              "wikidata": "Q6584557",
              "wikipedia": "en:Pink Line (Bangkok)"
            }
          },
          {
            "role": "stop",
            "rel": 16740887,
            "reltags": {
              "colour": "#E76589",
              "from": "มีนบุรี",
              "name": "รถไฟฟ้ามหานคร สายสีชมพู (มีนบุรี → ศูนย์ราชการนนทบุรี)",
              "name:en": "MRT Pink Line (Min Buri → Nonthaburi Civic Center)",
              "name:th": "รถไฟฟ้ามหานคร สายสีชมพู (มีนบุรี → ศูนย์ราชการนนทบุรี)",
              "network": "Metropolitan Rapid Transit",
              "network:short": "MRT",
              "network:wikidata": "Q806485",
              "operator": "นอร์ทเทิร์นบางกอกโมโนเรล",
              "public_transport:version": "2",
              "ref": "MRT Pink",
              "route": "monorail",
              "to": "ศูนย์ราชการนนทบุรี",
              "type": "route",
              "wikidata": "Q6584557",
              "wikipedia": "en:Pink Line (Bangkok)"
            }
          }
        ]
      },
      "geometry": {
        "type": "Point",
        "coordinates": [
          100.5892826,
          13.8799282
        ]
      },
      "id": "node/9733987641"
    },
    {
      "type": "Feature",
      "properties": {
        "@id": "node/9733987646",
        "@relations": [
          {
            "role": "stop",
            "rel": 16740886,
            "reltags": {
              "colour": "#E76589",
              "from": "ศูนย์ราชการนนทบุรี",
              "name": "รถไฟฟ้ามหานคร สายสีชมพู (ศูนย์ราชการนนทบุรี → มีนบุรี)",
              "name:en": "MRT Pink Line (Nonthaburi Civic Center → Min Buri)",
              "name:th": "รถไฟฟ้ามหานคร สายสีชมพู (ศูนย์ราชการนนทบุรี → มีนบุรี)",
              "network": "Metropolitan Rapid Transit",
              "network:short": "MRT",
              "network:wikidata": "Q806485",
              "operator": "นอร์ทเทิร์นบางกอกโมโนเรล",
              "public_transport:version": "2",
              "ref": "MRT Pink",
              "route": "monorail",
              "to": "มีนบุรี",
              "type": "route",
              "wikidata": "Q6584557",
              "wikipedia": "en:Pink Line (Bangkok)"
            }
          }
        ]
      },
      "geometry": {
        "type": "Point",
        "coordinates": [
          100.5972681,
          13.8744608
        ]
      },
      "id": "node/9733987646"
    },
    {
      "type": "Feature",
      "properties": {
        "@id": "node/9734277455",
        "@relations": [
          {
            "role": "stop",
            "rel": 16740886,
            "reltags": {
              "colour": "#E76589",
              "from": "ศูนย์ราชการนนทบุรี",
              "name": "รถไฟฟ้ามหานคร สายสีชมพู (ศูนย์ราชการนนทบุรี → มีนบุรี)",
              "name:en": "MRT Pink Line (Nonthaburi Civic Center → Min Buri)",
              "name:th": "รถไฟฟ้ามหานคร สายสีชมพู (ศูนย์ราชการนนทบุรี → มีนบุรี)",
              "network": "Metropolitan Rapid Transit",
              "network:short": "MRT",
              "network:wikidata": "Q806485",
              "operator": "นอร์ทเทิร์นบางกอกโมโนเรล",
              "public_transport:version": "2",
              "ref": "MRT Pink",
              "route": "monorail",
              "to": "มีนบุรี",
              "type": "route",
              "wikidata": "Q6584557",
              "wikipedia": "en:Pink Line (Bangkok)"
            }
          },
          {
            "role": "stop",
            "rel": 16740887,
            "reltags": {
              "colour": "#E76589",
              "from": "มีนบุรี",
              "name": "รถไฟฟ้ามหานคร สายสีชมพู (มีนบุรี → ศูนย์ราชการนนทบุรี)",
              "name:en": "MRT Pink Line (Min Buri → Nonthaburi Civic Center)",
              "name:th": "รถไฟฟ้ามหานคร สายสีชมพู (มีนบุรี → ศูนย์ราชการนนทบุรี)",
              "network": "Metropolitan Rapid Transit",
              "network:short": "MRT",
              "network:wikidata": "Q806485",
              "operator": "นอร์ทเทิร์นบางกอกโมโนเรล",
              "public_transport:version": "2",
              "ref": "MRT Pink",
              "route": "monorail",
              "to": "ศูนย์ราชการนนทบุรี",
              "type": "route",
              "wikidata": "Q6584557",
              "wikipedia": "en:Pink Line (Bangkok)"
            }
          }
        ]
      },
      "geometry": {
        "type": "Point",
        "coordinates": [
          100.602604,
          13.8709386
        ]
      },
      "id": "node/9734277455"
    },
    {
      "type": "Feature",
      "properties": {
        "@id": "node/9734277456",
        "@relations": [
          {
            "role": "stop",
            "rel": 16740886,
            "reltags": {
              "colour": "#E76589",
              "from": "ศูนย์ราชการนนทบุรี",
              "name": "รถไฟฟ้ามหานคร สายสีชมพู (ศูนย์ราชการนนทบุรี → มีนบุรี)",
              "name:en": "MRT Pink Line (Nonthaburi Civic Center → Min Buri)",
              "name:th": "รถไฟฟ้ามหานคร สายสีชมพู (ศูนย์ราชการนนทบุรี → มีนบุรี)",
              "network": "Metropolitan Rapid Transit",
              "network:short": "MRT",
              "network:wikidata": "Q806485",
              "operator": "นอร์ทเทิร์นบางกอกโมโนเรล",
              "public_transport:version": "2",
              "ref": "MRT Pink",
              "route": "monorail",
              "to": "มีนบุรี",
              "type": "route",
              "wikidata": "Q6584557",
              "wikipedia": "en:Pink Line (Bangkok)"
            }
          },
          {
            "role": "stop",
            "rel": 16740887,
            "reltags": {
              "colour": "#E76589",
              "from": "มีนบุรี",
              "name": "รถไฟฟ้ามหานคร สายสีชมพู (มีนบุรี → ศูนย์ราชการนนทบุรี)",
              "name:en": "MRT Pink Line (Min Buri → Nonthaburi Civic Center)",
              "name:th": "รถไฟฟ้ามหานคร สายสีชมพู (มีนบุรี → ศูนย์ราชการนนทบุรี)",
              "network": "Metropolitan Rapid Transit",
              "network:short": "MRT",
              "network:wikidata": "Q806485",
              "operator": "นอร์ทเทิร์นบางกอกโมโนเรล",
              "public_transport:version": "2",
              "ref": "MRT Pink",
              "route": "monorail",
              "to": "ศูนย์ราชการนนทบุรี",
              "type": "route",
              "wikidata": "Q6584557",
              "wikipedia": "en:Pink Line (Bangkok)"
            }
          }
        ]
      },
      "geometry": {
        "type": "Point",
        "coordinates": [
          100.6178017,
          13.8627778
        ]
      },
      "id": "node/9734277456"
    },
    {
      "type": "Feature",
      "properties": {
        "@id": "node/9734277457",
        "@relations": [
          {
            "role": "stop",
            "rel": 16740886,
            "reltags": {
              "colour": "#E76589",
              "from": "ศูนย์ราชการนนทบุรี",
              "name": "รถไฟฟ้ามหานคร สายสีชมพู (ศูนย์ราชการนนทบุรี → มีนบุรี)",
              "name:en": "MRT Pink Line (Nonthaburi Civic Center → Min Buri)",
              "name:th": "รถไฟฟ้ามหานคร สายสีชมพู (ศูนย์ราชการนนทบุรี → มีนบุรี)",
              "network": "Metropolitan Rapid Transit",
              "network:short": "MRT",
              "network:wikidata": "Q806485",
              "operator": "นอร์ทเทิร์นบางกอกโมโนเรล",
              "public_transport:version": "2",
              "ref": "MRT Pink",
              "route": "monorail",
              "to": "มีนบุรี",
              "type": "route",
              "wikidata": "Q6584557",
              "wikipedia": "en:Pink Line (Bangkok)"
            }
          },
          {
            "role": "stop",
            "rel": 16740887,
            "reltags": {
              "colour": "#E76589",
              "from": "มีนบุรี",
              "name": "รถไฟฟ้ามหานคร สายสีชมพู (มีนบุรี → ศูนย์ราชการนนทบุรี)",
              "name:en": "MRT Pink Line (Min Buri → Nonthaburi Civic Center)",
              "name:th": "รถไฟฟ้ามหานคร สายสีชมพู (มีนบุรี → ศูนย์ราชการนนทบุรี)",
              "network": "Metropolitan Rapid Transit",
              "network:short": "MRT",
              "network:wikidata": "Q806485",
              "operator": "นอร์ทเทิร์นบางกอกโมโนเรล",
              "public_transport:version": "2",
              "ref": "MRT Pink",
              "route": "monorail",
              "to": "ศูนย์ราชการนนทบุรี",
              "type": "route",
              "wikidata": "Q6584557",
              "wikipedia": "en:Pink Line (Bangkok)"
            }
          }
        ]
      },
      "geometry": {
        "type": "Point",
        "coordinates": [
          100.6261191,
          13.8582913
        ]
      },
      "id": "node/9734277457"
    },
    {
      "type": "Feature",
      "properties": {
        "@id": "node/9734277458",
        "@relations": [
          {
            "role": "stop",
            "rel": 16740886,
            "reltags": {
              "colour": "#E76589",
              "from": "ศูนย์ราชการนนทบุรี",
              "name": "รถไฟฟ้ามหานคร สายสีชมพู (ศูนย์ราชการนนทบุรี → มีนบุรี)",
              "name:en": "MRT Pink Line (Nonthaburi Civic Center → Min Buri)",
              "name:th": "รถไฟฟ้ามหานคร สายสีชมพู (ศูนย์ราชการนนทบุรี → มีนบุรี)",
              "network": "Metropolitan Rapid Transit",
              "network:short": "MRT",
              "network:wikidata": "Q806485",
              "operator": "นอร์ทเทิร์นบางกอกโมโนเรล",
              "public_transport:version": "2",
              "ref": "MRT Pink",
              "route": "monorail",
              "to": "มีนบุรี",
              "type": "route",
              "wikidata": "Q6584557",
              "wikipedia": "en:Pink Line (Bangkok)"
            }
          },
          {
            "role": "stop",
            "rel": 16740887,
            "reltags": {
              "colour": "#E76589",
              "from": "มีนบุรี",
              "name": "รถไฟฟ้ามหานคร สายสีชมพู (มีนบุรี → ศูนย์ราชการนนทบุรี)",
              "name:en": "MRT Pink Line (Min Buri → Nonthaburi Civic Center)",
              "name:th": "รถไฟฟ้ามหานคร สายสีชมพู (มีนบุรี → ศูนย์ราชการนนทบุรี)",
              "network": "Metropolitan Rapid Transit",
              "network:short": "MRT",
              "network:wikidata": "Q806485",
              "operator": "นอร์ทเทิร์นบางกอกโมโนเรล",
              "public_transport:version": "2",
              "ref": "MRT Pink",
              "route": "monorail",
              "to": "ศูนย์ราชการนนทบุรี",
              "type": "route",
              "wikidata": "Q6584557",
              "wikipedia": "en:Pink Line (Bangkok)"
            }
          }
        ]
      },
      "geometry": {
        "type": "Point",
        "coordinates": [
          100.6322133,
          13.8550006
        ]
      },
      "id": "node/9734277458"
    },
    {
      "type": "Feature",
      "properties": {
        "@id": "node/9734277459",
        "@relations": [
          {
            "role": "stop",
            "rel": 16740886,
            "reltags": {
              "colour": "#E76589",
              "from": "ศูนย์ราชการนนทบุรี",
              "name": "รถไฟฟ้ามหานคร สายสีชมพู (ศูนย์ราชการนนทบุรี → มีนบุรี)",
              "name:en": "MRT Pink Line (Nonthaburi Civic Center → Min Buri)",
              "name:th": "รถไฟฟ้ามหานคร สายสีชมพู (ศูนย์ราชการนนทบุรี → มีนบุรี)",
              "network": "Metropolitan Rapid Transit",
              "network:short": "MRT",
              "network:wikidata": "Q806485",
              "operator": "นอร์ทเทิร์นบางกอกโมโนเรล",
              "public_transport:version": "2",
              "ref": "MRT Pink",
              "route": "monorail",
              "to": "มีนบุรี",
              "type": "route",
              "wikidata": "Q6584557",
              "wikipedia": "en:Pink Line (Bangkok)"
            }
          },
          {
            "role": "stop",
            "rel": 16740887,
            "reltags": {
              "colour": "#E76589",
              "from": "มีนบุรี",
              "name": "รถไฟฟ้ามหานคร สายสีชมพู (มีนบุรี → ศูนย์ราชการนนทบุรี)",
              "name:en": "MRT Pink Line (Min Buri → Nonthaburi Civic Center)",
              "name:th": "รถไฟฟ้ามหานคร สายสีชมพู (มีนบุรี → ศูนย์ราชการนนทบุรี)",
              "network": "Metropolitan Rapid Transit",
              "network:short": "MRT",
              "network:wikidata": "Q806485",
              "operator": "นอร์ทเทิร์นบางกอกโมโนเรล",
              "public_transport:version": "2",
              "ref": "MRT Pink",
              "route": "monorail",
              "to": "ศูนย์ราชการนนทบุรี",
              "type": "route",
              "wikidata": "Q6584557",
              "wikipedia": "en:Pink Line (Bangkok)"
            }
          }
        ]
      },
      "geometry": {
        "type": "Point",
        "coordinates": [
          100.6428691,
          13.8492496
        ]
      },
      "id": "node/9734277459"
    },
    {
      "type": "Feature",
      "properties": {
        "@id": "node/9734277460",
        "@relations": [
          {
            "role": "stop",
            "rel": 16740886,
            "reltags": {
              "colour": "#E76589",
              "from": "ศูนย์ราชการนนทบุรี",
              "name": "รถไฟฟ้ามหานคร สายสีชมพู (ศูนย์ราชการนนทบุรี → มีนบุรี)",
              "name:en": "MRT Pink Line (Nonthaburi Civic Center → Min Buri)",
              "name:th": "รถไฟฟ้ามหานคร สายสีชมพู (ศูนย์ราชการนนทบุรี → มีนบุรี)",
              "network": "Metropolitan Rapid Transit",
              "network:short": "MRT",
              "network:wikidata": "Q806485",
              "operator": "นอร์ทเทิร์นบางกอกโมโนเรล",
              "public_transport:version": "2",
              "ref": "MRT Pink",
              "route": "monorail",
              "to": "มีนบุรี",
              "type": "route",
              "wikidata": "Q6584557",
              "wikipedia": "en:Pink Line (Bangkok)"
            }
          },
          {
            "role": "stop",
            "rel": 16740887,
            "reltags": {
              "colour": "#E76589",
              "from": "มีนบุรี",
              "name": "รถไฟฟ้ามหานคร สายสีชมพู (มีนบุรี → ศูนย์ราชการนนทบุรี)",
              "name:en": "MRT Pink Line (Min Buri → Nonthaburi Civic Center)",
              "name:th": "รถไฟฟ้ามหานคร สายสีชมพู (มีนบุรี → ศูนย์ราชการนนทบุรี)",
              "network": "Metropolitan Rapid Transit",
              "network:short": "MRT",
              "network:wikidata": "Q806485",
              "operator": "นอร์ทเทิร์นบางกอกโมโนเรล",
              "public_transport:version": "2",
              "ref": "MRT Pink",
              "route": "monorail",
              "to": "ศูนย์ราชการนนทบุรี",
              "type": "route",
              "wikidata": "Q6584557",
              "wikipedia": "en:Pink Line (Bangkok)"
            }
          }
        ]
      },
      "geometry": {
        "type": "Point",
        "coordinates": [
          100.6502343,
          13.8452427
        ]
      },
      "id": "node/9734277460"
    },
    {
      "type": "Feature",
      "properties": {
        "@id": "node/9734277461",
        "@relations": [
          {
            "role": "stop",
            "rel": 16740886,
            "reltags": {
              "colour": "#E76589",
              "from": "ศูนย์ราชการนนทบุรี",
              "name": "รถไฟฟ้ามหานคร สายสีชมพู (ศูนย์ราชการนนทบุรี → มีนบุรี)",
              "name:en": "MRT Pink Line (Nonthaburi Civic Center → Min Buri)",
              "name:th": "รถไฟฟ้ามหานคร สายสีชมพู (ศูนย์ราชการนนทบุรี → มีนบุรี)",
              "network": "Metropolitan Rapid Transit",
              "network:short": "MRT",
              "network:wikidata": "Q806485",
              "operator": "นอร์ทเทิร์นบางกอกโมโนเรล",
              "public_transport:version": "2",
              "ref": "MRT Pink",
              "route": "monorail",
              "to": "มีนบุรี",
              "type": "route",
              "wikidata": "Q6584557",
              "wikipedia": "en:Pink Line (Bangkok)"
            }
          },
          {
            "role": "stop",
            "rel": 16740887,
            "reltags": {
              "colour": "#E76589",
              "from": "มีนบุรี",
              "name": "รถไฟฟ้ามหานคร สายสีชมพู (มีนบุรี → ศูนย์ราชการนนทบุรี)",
              "name:en": "MRT Pink Line (Min Buri → Nonthaburi Civic Center)",
              "name:th": "รถไฟฟ้ามหานคร สายสีชมพู (มีนบุรี → ศูนย์ราชการนนทบุรี)",
              "network": "Metropolitan Rapid Transit",
              "network:short": "MRT",
              "network:wikidata": "Q806485",
              "operator": "นอร์ทเทิร์นบางกอกโมโนเรล",
              "public_transport:version": "2",
              "ref": "MRT Pink",
              "route": "monorail",
              "to": "ศูนย์ราชการนนทบุรี",
              "type": "route",
              "wikidata": "Q6584557",
              "wikipedia": "en:Pink Line (Bangkok)"
            }
          }
        ]
      },
      "geometry": {
        "type": "Point",
        "coordinates": [
          100.6587805,
          13.8406089
        ]
      },
      "id": "node/9734277461"
    },
    {
      "type": "Feature",
      "properties": {
        "@id": "node/9697341538",
        "@relations": [
          {
            "role": "stop",
            "rel": 16740886,
            "reltags": {
              "colour": "#E76589",
              "from": "ศูนย์ราชการนนทบุรี",
              "name": "รถไฟฟ้ามหานคร สายสีชมพู (ศูนย์ราชการนนทบุรี → มีนบุรี)",
              "name:en": "MRT Pink Line (Nonthaburi Civic Center → Min Buri)",
              "name:th": "รถไฟฟ้ามหานคร สายสีชมพู (ศูนย์ราชการนนทบุรี → มีนบุรี)",
              "network": "Metropolitan Rapid Transit",
              "network:short": "MRT",
              "network:wikidata": "Q806485",
              "operator": "นอร์ทเทิร์นบางกอกโมโนเรล",
              "public_transport:version": "2",
              "ref": "MRT Pink",
              "route": "monorail",
              "to": "มีนบุรี",
              "type": "route",
              "wikidata": "Q6584557",
              "wikipedia": "en:Pink Line (Bangkok)"
            }
          },
          {
            "role": "stop",
            "rel": 16740887,
            "reltags": {
              "colour": "#E76589",
              "from": "มีนบุรี",
              "name": "รถไฟฟ้ามหานคร สายสีชมพู (มีนบุรี → ศูนย์ราชการนนทบุรี)",
              "name:en": "MRT Pink Line (Min Buri → Nonthaburi Civic Center)",
              "name:th": "รถไฟฟ้ามหานคร สายสีชมพู (มีนบุรี → ศูนย์ราชการนนทบุรี)",
              "network": "Metropolitan Rapid Transit",
              "network:short": "MRT",
              "network:wikidata": "Q806485",
              "operator": "นอร์ทเทิร์นบางกอกโมโนเรล",
              "public_transport:version": "2",
              "ref": "MRT Pink",
              "route": "monorail",
              "to": "ศูนย์ราชการนนทบุรี",
              "type": "route",
              "wikidata": "Q6584557",
              "wikipedia": "en:Pink Line (Bangkok)"
            }
          }
        ]
      },
      "geometry": {
        "type": "Point",
        "coordinates": [
          100.6675628,
          13.8337657
        ]
      },
      "id": "node/9697341538"
    },
    {
      "type": "Feature",
      "properties": {
        "@id": "node/9697341535",
        "@relations": [
          {
            "role": "stop",
            "rel": 16740886,
            "reltags": {
              "colour": "#E76589",
              "from": "ศูนย์ราชการนนทบุรี",
              "name": "รถไฟฟ้ามหานคร สายสีชมพู (ศูนย์ราชการนนทบุรี → มีนบุรี)",
              "name:en": "MRT Pink Line (Nonthaburi Civic Center → Min Buri)",
              "name:th": "รถไฟฟ้ามหานคร สายสีชมพู (ศูนย์ราชการนนทบุรี → มีนบุรี)",
              "network": "Metropolitan Rapid Transit",
              "network:short": "MRT",
              "network:wikidata": "Q806485",
              "operator": "นอร์ทเทิร์นบางกอกโมโนเรล",
              "public_transport:version": "2",
              "ref": "MRT Pink",
              "route": "monorail",
              "to": "มีนบุรี",
              "type": "route",
              "wikidata": "Q6584557",
              "wikipedia": "en:Pink Line (Bangkok)"
            }
          },
          {
            "role": "stop",
            "rel": 16740887,
            "reltags": {
              "colour": "#E76589",
              "from": "มีนบุรี",
              "name": "รถไฟฟ้ามหานคร สายสีชมพู (มีนบุรี → ศูนย์ราชการนนทบุรี)",
              "name:en": "MRT Pink Line (Min Buri → Nonthaburi Civic Center)",
              "name:th": "รถไฟฟ้ามหานคร สายสีชมพู (มีนบุรี → ศูนย์ราชการนนทบุรี)",
              "network": "Metropolitan Rapid Transit",
              "network:short": "MRT",
              "network:wikidata": "Q806485",
              "operator": "นอร์ทเทิร์นบางกอกโมโนเรล",
              "public_transport:version": "2",
              "ref": "MRT Pink",
              "route": "monorail",
              "to": "ศูนย์ราชการนนทบุรี",
              "type": "route",
              "wikidata": "Q6584557",
              "wikipedia": "en:Pink Line (Bangkok)"
            }
          }
        ]
      },
      "geometry": {
        "type": "Point",
        "coordinates": [
          100.6771946,
          13.8244404
        ]
      },
      "id": "node/9697341535"
    },
    {
      "type": "Feature",
      "properties": {
        "@id": "node/8730802246",
        "@relations": [
          {
            "role": "stop",
            "rel": 16740886,
            "reltags": {
              "colour": "#E76589",
              "from": "ศูนย์ราชการนนทบุรี",
              "name": "รถไฟฟ้ามหานคร สายสีชมพู (ศูนย์ราชการนนทบุรี → มีนบุรี)",
              "name:en": "MRT Pink Line (Nonthaburi Civic Center → Min Buri)",
              "name:th": "รถไฟฟ้ามหานคร สายสีชมพู (ศูนย์ราชการนนทบุรี → มีนบุรี)",
              "network": "Metropolitan Rapid Transit",
              "network:short": "MRT",
              "network:wikidata": "Q806485",
              "operator": "นอร์ทเทิร์นบางกอกโมโนเรล",
              "public_transport:version": "2",
              "ref": "MRT Pink",
              "route": "monorail",
              "to": "มีนบุรี",
              "type": "route",
              "wikidata": "Q6584557",
              "wikipedia": "en:Pink Line (Bangkok)"
            }
          },
          {
            "role": "stop",
            "rel": 16740887,
            "reltags": {
              "colour": "#E76589",
              "from": "มีนบุรี",
              "name": "รถไฟฟ้ามหานคร สายสีชมพู (มีนบุรี → ศูนย์ราชการนนทบุรี)",
              "name:en": "MRT Pink Line (Min Buri → Nonthaburi Civic Center)",
              "name:th": "รถไฟฟ้ามหานคร สายสีชมพู (มีนบุรี → ศูนย์ราชการนนทบุรี)",
              "network": "Metropolitan Rapid Transit",
              "network:short": "MRT",
              "network:wikidata": "Q806485",
              "operator": "นอร์ทเทิร์นบางกอกโมโนเรล",
              "public_transport:version": "2",
              "ref": "MRT Pink",
              "route": "monorail",
              "to": "ศูนย์ราชการนนทบุรี",
              "type": "route",
              "wikidata": "Q6584557",
              "wikipedia": "en:Pink Line (Bangkok)"
            }
          }
        ]
      },
      "geometry": {
        "type": "Point",
        "coordinates": [
          100.685641,
          13.8165197
        ]
      },
      "id": "node/8730802246"
    },
    {
      "type": "Feature",
      "properties": {
        "@id": "node/8730802242",
        "@relations": [
          {
            "role": "stop",
            "rel": 16740886,
            "reltags": {
              "colour": "#E76589",
              "from": "ศูนย์ราชการนนทบุรี",
              "name": "รถไฟฟ้ามหานคร สายสีชมพู (ศูนย์ราชการนนทบุรี → มีนบุรี)",
              "name:en": "MRT Pink Line (Nonthaburi Civic Center → Min Buri)",
              "name:th": "รถไฟฟ้ามหานคร สายสีชมพู (ศูนย์ราชการนนทบุรี → มีนบุรี)",
              "network": "Metropolitan Rapid Transit",
              "network:short": "MRT",
              "network:wikidata": "Q806485",
              "operator": "นอร์ทเทิร์นบางกอกโมโนเรล",
              "public_transport:version": "2",
              "ref": "MRT Pink",
              "route": "monorail",
              "to": "มีนบุรี",
              "type": "route",
              "wikidata": "Q6584557",
              "wikipedia": "en:Pink Line (Bangkok)"
            }
          },
          {
            "role": "stop",
            "rel": 16740887,
            "reltags": {
              "colour": "#E76589",
              "from": "มีนบุรี",
              "name": "รถไฟฟ้ามหานคร สายสีชมพู (มีนบุรี → ศูนย์ราชการนนทบุรี)",
              "name:en": "MRT Pink Line (Min Buri → Nonthaburi Civic Center)",
              "name:th": "รถไฟฟ้ามหานคร สายสีชมพู (มีนบุรี → ศูนย์ราชการนนทบุรี)",
              "network": "Metropolitan Rapid Transit",
              "network:short": "MRT",
              "network:wikidata": "Q806485",
              "operator": "นอร์ทเทิร์นบางกอกโมโนเรล",
              "public_transport:version": "2",
              "ref": "MRT Pink",
              "route": "monorail",
              "to": "ศูนย์ราชการนนทบุรี",
              "type": "route",
              "wikidata": "Q6584557",
              "wikipedia": "en:Pink Line (Bangkok)"
            }
          }
        ]
      },
      "geometry": {
        "type": "Point",
        "coordinates": [
          100.7029282,
          13.8127016
        ]
      },
      "id": "node/8730802242"
    },
    {
      "type": "Feature",
      "properties": {
        "@id": "node/8730802243",
        "@relations": [
          {
            "role": "stop",
            "rel": 16740886,
            "reltags": {
              "colour": "#E76589",
              "from": "ศูนย์ราชการนนทบุรี",
              "name": "รถไฟฟ้ามหานคร สายสีชมพู (ศูนย์ราชการนนทบุรี → มีนบุรี)",
              "name:en": "MRT Pink Line (Nonthaburi Civic Center → Min Buri)",
              "name:th": "รถไฟฟ้ามหานคร สายสีชมพู (ศูนย์ราชการนนทบุรี → มีนบุรี)",
              "network": "Metropolitan Rapid Transit",
              "network:short": "MRT",
              "network:wikidata": "Q806485",
              "operator": "นอร์ทเทิร์นบางกอกโมโนเรล",
              "public_transport:version": "2",
              "ref": "MRT Pink",
              "route": "monorail",
              "to": "มีนบุรี",
              "type": "route",
              "wikidata": "Q6584557",
              "wikipedia": "en:Pink Line (Bangkok)"
            }
          },
          {
            "role": "stop",
            "rel": 16740887,
            "reltags": {
              "colour": "#E76589",
              "from": "มีนบุรี",
              "name": "รถไฟฟ้ามหานคร สายสีชมพู (มีนบุรี → ศูนย์ราชการนนทบุรี)",
              "name:en": "MRT Pink Line (Min Buri → Nonthaburi Civic Center)",
              "name:th": "รถไฟฟ้ามหานคร สายสีชมพู (มีนบุรี → ศูนย์ราชการนนทบุรี)",
              "network": "Metropolitan Rapid Transit",
              "network:short": "MRT",
              "network:wikidata": "Q806485",
              "operator": "นอร์ทเทิร์นบางกอกโมโนเรล",
              "public_transport:version": "2",
              "ref": "MRT Pink",
              "route": "monorail",
              "to": "ศูนย์ราชการนนทบุรี",
              "type": "route",
              "wikidata": "Q6584557",
              "wikipedia": "en:Pink Line (Bangkok)"
            }
          }
        ]
      },
      "geometry": {
        "type": "Point",
        "coordinates": [
          100.712628,
          13.8126776
        ]
      },
      "id": "node/8730802243"
    },
    {
      "type": "Feature",
      "properties": {
        "@id": "node/8730802232",
        "@relations": [
          {
            "role": "stop",
            "rel": 16740886,
            "reltags": {
              "colour": "#E76589",
              "from": "ศูนย์ราชการนนทบุรี",
              "name": "รถไฟฟ้ามหานคร สายสีชมพู (ศูนย์ราชการนนทบุรี → มีนบุรี)",
              "name:en": "MRT Pink Line (Nonthaburi Civic Center → Min Buri)",
              "name:th": "รถไฟฟ้ามหานคร สายสีชมพู (ศูนย์ราชการนนทบุรี → มีนบุรี)",
              "network": "Metropolitan Rapid Transit",
              "network:short": "MRT",
              "network:wikidata": "Q806485",
              "operator": "นอร์ทเทิร์นบางกอกโมโนเรล",
              "public_transport:version": "2",
              "ref": "MRT Pink",
              "route": "monorail",
              "to": "มีนบุรี",
              "type": "route",
              "wikidata": "Q6584557",
              "wikipedia": "en:Pink Line (Bangkok)"
            }
          },
          {
            "role": "stop",
            "rel": 16740887,
            "reltags": {
              "colour": "#E76589",
              "from": "มีนบุรี",
              "name": "รถไฟฟ้ามหานคร สายสีชมพู (มีนบุรี → ศูนย์ราชการนนทบุรี)",
              "name:en": "MRT Pink Line (Min Buri → Nonthaburi Civic Center)",
              "name:th": "รถไฟฟ้ามหานคร สายสีชมพู (มีนบุรี → ศูนย์ราชการนนทบุรี)",
              "network": "Metropolitan Rapid Transit",
              "network:short": "MRT",
              "network:wikidata": "Q806485",
              "operator": "นอร์ทเทิร์นบางกอกโมโนเรล",
              "public_transport:version": "2",
              "ref": "MRT Pink",
              "route": "monorail",
              "to": "ศูนย์ราชการนนทบุรี",
              "type": "route",
              "wikidata": "Q6584557",
              "wikipedia": "en:Pink Line (Bangkok)"
            }
          }
        ]
      },
      "geometry": {
        "type": "Point",
        "coordinates": [
          100.7258333,
          13.8124926
        ]
      },
      "id": "node/8730802232"
    },
    {
      "type": "Feature",
      "properties": {
        "@id": "node/8730762308",
        "@relations": [
          {
            "role": "stop",
            "rel": 16740886,
            "reltags": {
              "colour": "#E76589",
              "from": "ศูนย์ราชการนนทบุรี",
              "name": "รถไฟฟ้ามหานคร สายสีชมพู (ศูนย์ราชการนนทบุรี → มีนบุรี)",
              "name:en": "MRT Pink Line (Nonthaburi Civic Center → Min Buri)",
              "name:th": "รถไฟฟ้ามหานคร สายสีชมพู (ศูนย์ราชการนนทบุรี → มีนบุรี)",
              "network": "Metropolitan Rapid Transit",
              "network:short": "MRT",
              "network:wikidata": "Q806485",
              "operator": "นอร์ทเทิร์นบางกอกโมโนเรล",
              "public_transport:version": "2",
              "ref": "MRT Pink",
              "route": "monorail",
              "to": "มีนบุรี",
              "type": "route",
              "wikidata": "Q6584557",
              "wikipedia": "en:Pink Line (Bangkok)"
            }
          },
          {
            "role": "stop",
            "rel": 16740887,
            "reltags": {
              "colour": "#E76589",
              "from": "มีนบุรี",
              "name": "รถไฟฟ้ามหานคร สายสีชมพู (มีนบุรี → ศูนย์ราชการนนทบุรี)",
              "name:en": "MRT Pink Line (Min Buri → Nonthaburi Civic Center)",
              "name:th": "รถไฟฟ้ามหานคร สายสีชมพู (มีนบุรี → ศูนย์ราชการนนทบุรี)",
              "network": "Metropolitan Rapid Transit",
              "network:short": "MRT",
              "network:wikidata": "Q806485",
              "operator": "นอร์ทเทิร์นบางกอกโมโนเรล",
              "public_transport:version": "2",
              "ref": "MRT Pink",
              "route": "monorail",
              "to": "ศูนย์ราชการนนทบุรี",
              "type": "route",
              "wikidata": "Q6584557",
              "wikipedia": "en:Pink Line (Bangkok)"
            }
          }
        ]
      },
      "geometry": {
        "type": "Point",
        "coordinates": [
          100.7326744,
          13.8084018
        ]
      },
      "id": "node/8730762308"
    },
    {
      "type": "Feature",
      "properties": {
        "@id": "node/11364501919",
        "@relations": [
          {
            "role": "platform",
            "rel": 16740886,
            "reltags": {
              "colour": "#E76589",
              "from": "ศูนย์ราชการนนทบุรี",
              "name": "รถไฟฟ้ามหานคร สายสีชมพู (ศูนย์ราชการนนทบุรี → มีนบุรี)",
              "name:en": "MRT Pink Line (Nonthaburi Civic Center → Min Buri)",
              "name:th": "รถไฟฟ้ามหานคร สายสีชมพู (ศูนย์ราชการนนทบุรี → มีนบุรี)",
              "network": "Metropolitan Rapid Transit",
              "network:short": "MRT",
              "network:wikidata": "Q806485",
              "operator": "นอร์ทเทิร์นบางกอกโมโนเรล",
              "public_transport:version": "2",
              "ref": "MRT Pink",
              "route": "monorail",
              "to": "มีนบุรี",
              "type": "route",
              "wikidata": "Q6584557",
              "wikipedia": "en:Pink Line (Bangkok)"
            }
          },
          {
            "role": "platform",
            "rel": 16740887,
            "reltags": {
              "colour": "#E76589",
              "from": "มีนบุรี",
              "name": "รถไฟฟ้ามหานคร สายสีชมพู (มีนบุรี → ศูนย์ราชการนนทบุรี)",
              "name:en": "MRT Pink Line (Min Buri → Nonthaburi Civic Center)",
              "name:th": "รถไฟฟ้ามหานคร สายสีชมพู (มีนบุรี → ศูนย์ราชการนนทบุรี)",
              "network": "Metropolitan Rapid Transit",
              "network:short": "MRT",
              "network:wikidata": "Q806485",
              "operator": "นอร์ทเทิร์นบางกอกโมโนเรล",
              "public_transport:version": "2",
              "ref": "MRT Pink",
              "route": "monorail",
              "to": "ศูนย์ราชการนนทบุรี",
              "type": "route",
              "wikidata": "Q6584557",
              "wikipedia": "en:Pink Line (Bangkok)"
            }
          }
        ]
      },
      "geometry": {
        "type": "Point",
        "coordinates": [
          100.6261305,
          13.8583122
        ]
      },
      "id": "node/11364501919"
    },
    {
      "type": "Feature",
      "properties": {
        "@id": "node/9733987626",
        "@relations": [
          {
            "role": "stop",
            "rel": 16740887,
            "reltags": {
              "colour": "#E76589",
              "from": "มีนบุรี",
              "name": "รถไฟฟ้ามหานคร สายสีชมพู (มีนบุรี → ศูนย์ราชการนนทบุรี)",
              "name:en": "MRT Pink Line (Min Buri → Nonthaburi Civic Center)",
              "name:th": "รถไฟฟ้ามหานคร สายสีชมพู (มีนบุรี → ศูนย์ราชการนนทบุรี)",
              "network": "Metropolitan Rapid Transit",
              "network:short": "MRT",
              "network:wikidata": "Q806485",
              "operator": "นอร์ทเทิร์นบางกอกโมโนเรล",
              "public_transport:version": "2",
              "ref": "MRT Pink",
              "route": "monorail",
              "to": "ศูนย์ราชการนนทบุรี",
              "type": "route",
              "wikidata": "Q6584557",
              "wikipedia": "en:Pink Line (Bangkok)"
            }
          }
        ]
      },
      "geometry": {
        "type": "Point",
        "coordinates": [
          100.5970783,
          13.8743502
        ]
      },
      "id": "node/9733987626"
    },
    {
      "type": "Feature",
      "properties": {
        "@id": "node/11364361915",
        "@relations": [
          {
            "role": "stop",
            "rel": 16740887,
            "reltags": {
              "colour": "#E76589",
              "from": "มีนบุรี",
              "name": "รถไฟฟ้ามหานคร สายสีชมพู (มีนบุรี → ศูนย์ราชการนนทบุรี)",
              "name:en": "MRT Pink Line (Min Buri → Nonthaburi Civic Center)",
              "name:th": "รถไฟฟ้ามหานคร สายสีชมพู (มีนบุรี → ศูนย์ราชการนนทบุรี)",
              "network": "Metropolitan Rapid Transit",
              "network:short": "MRT",
              "network:wikidata": "Q806485",
              "operator": "นอร์ทเทิร์นบางกอกโมโนเรล",
              "public_transport:version": "2",
              "ref": "MRT Pink",
              "route": "monorail",
              "to": "ศูนย์ราชการนนทบุรี",
              "type": "route",
              "wikidata": "Q6584557",
              "wikipedia": "en:Pink Line (Bangkok)"
            }
          }
        ]
      },
      "geometry": {
        "type": "Point",
        "coordinates": [
          100.539985,
          13.9005089
        ]
      },
      "id": "node/11364361915"
    },
    {
      "type": "Feature",
      "properties": {
        "@id": "node/12848732941",
        "@relations": [
          {
            "role": "stop_entry_only",
            "rel": 19149752,
            "reltags": {
              "colour": "#C4007B",
              "from": "เมืองทองธานี",
              "name": "รถไฟฟ้ามหานคร สายสีชมพู (เมืองทองธานี → ทะเลสาบเมืองทองธานี)",
              "name:en": "Pink Line MRT (Muang Thong Thani → Lake Muang Thong Thani)",
              "name:th": "รถไฟฟ้ามหานคร สายสีชมพู (เมืองทองธานี → ทะเลสาบเมืองทองธานี)",
              "network": "Metropolitan Rapid Transit",
              "network:short": "MRT",
              "network:wikidata": "Q806485",
              "operator": "นอร์ทเทิร์นบางกอกโมโนเรล",
              "public_transport:version": "2",
              "ref": "IMPACT Link",
              "route": "monorail",
              "to": "ทะเลสาบเมืองทองธานี",
              "type": "route",
              "wikidata": "Q134883230"
            }
          },
          {
            "role": "stop_exit_only",
            "rel": 19150155,
            "reltags": {
              "colour": "#C4007B",
              "from": "ทะเลสาบเมืองทองธานี",
              "name": "รถไฟฟ้ามหานคร สายสีชมพู (ทะเลสาบเมืองทองธานี → เมืองทองธานี)",
              "name:en": "Pink Line MRT (Lake Muang Thong Thani → Muang Thong Thani)",
              "name:th": "รถไฟฟ้ามหานคร สายสีชมพู (ทะเลสาบเมืองทองธานี → เมืองทองธานี)",
              "network": "Metropolitan Rapid Transit",
              "network:short": "MRT",
              "network:wikidata": "Q806485",
              "operator": "นอร์ทเทิร์นบางกอกโมโนเรล",
              "public_transport:version": "2",
              "ref": "IMPACT Link",
              "route": "monorail",
              "to": "เมืองทองธานี",
              "type": "route",
              "wikidata": "Q134883230"
            }
          }
        ]
      },
      "geometry": {
        "type": "Point",
        "coordinates": [
          100.5484874,
          13.8975407
        ]
      },
      "id": "node/12848732941"
    },
    {
      "type": "Feature",
      "properties": {
        "@id": "node/7156540353",
        "@relations": [
          {
            "role": "stop",
            "rel": 19149752,
            "reltags": {
              "colour": "#C4007B",
              "from": "เมืองทองธานี",
              "name": "รถไฟฟ้ามหานคร สายสีชมพู (เมืองทองธานี → ทะเลสาบเมืองทองธานี)",
              "name:en": "Pink Line MRT (Muang Thong Thani → Lake Muang Thong Thani)",
              "name:th": "รถไฟฟ้ามหานคร สายสีชมพู (เมืองทองธานี → ทะเลสาบเมืองทองธานี)",
              "network": "Metropolitan Rapid Transit",
              "network:short": "MRT",
              "network:wikidata": "Q806485",
              "operator": "นอร์ทเทิร์นบางกอกโมโนเรล",
              "public_transport:version": "2",
              "ref": "IMPACT Link",
              "route": "monorail",
              "to": "ทะเลสาบเมืองทองธานี",
              "type": "route",
              "wikidata": "Q134883230"
            }
          },
          {
            "role": "stop",
            "rel": 19150155,
            "reltags": {
              "colour": "#C4007B",
              "from": "ทะเลสาบเมืองทองธานี",
              "name": "รถไฟฟ้ามหานคร สายสีชมพู (ทะเลสาบเมืองทองธานี → เมืองทองธานี)",
              "name:en": "Pink Line MRT (Lake Muang Thong Thani → Muang Thong Thani)",
              "name:th": "รถไฟฟ้ามหานคร สายสีชมพู (ทะเลสาบเมืองทองธานี → เมืองทองธานี)",
              "network": "Metropolitan Rapid Transit",
              "network:short": "MRT",
              "network:wikidata": "Q806485",
              "operator": "นอร์ทเทิร์นบางกอกโมโนเรล",
              "public_transport:version": "2",
              "ref": "IMPACT Link",
              "route": "monorail",
              "to": "เมืองทองธานี",
              "type": "route",
              "wikidata": "Q134883230"
            }
          }
        ]
      },
      "geometry": {
        "type": "Point",
        "coordinates": [
          100.5442477,
          13.910445
        ]
      },
      "id": "node/7156540353"
    },
    {
      "type": "Feature",
      "properties": {
        "@id": "node/8067064024",
        "@relations": [
          {
            "role": "stop_exit_only",
            "rel": 19149752,
            "reltags": {
              "colour": "#C4007B",
              "from": "เมืองทองธานี",
              "name": "รถไฟฟ้ามหานคร สายสีชมพู (เมืองทองธานี → ทะเลสาบเมืองทองธานี)",
              "name:en": "Pink Line MRT (Muang Thong Thani → Lake Muang Thong Thani)",
              "name:th": "รถไฟฟ้ามหานคร สายสีชมพู (เมืองทองธานี → ทะเลสาบเมืองทองธานี)",
              "network": "Metropolitan Rapid Transit",
              "network:short": "MRT",
              "network:wikidata": "Q806485",
              "operator": "นอร์ทเทิร์นบางกอกโมโนเรล",
              "public_transport:version": "2",
              "ref": "IMPACT Link",
              "route": "monorail",
              "to": "ทะเลสาบเมืองทองธานี",
              "type": "route",
              "wikidata": "Q134883230"
            }
          },
          {
            "role": "stop_entry_only",
            "rel": 19150155,
            "reltags": {
              "colour": "#C4007B",
              "from": "ทะเลสาบเมืองทองธานี",
              "name": "รถไฟฟ้ามหานคร สายสีชมพู (ทะเลสาบเมืองทองธานี → เมืองทองธานี)",
              "name:en": "Pink Line MRT (Lake Muang Thong Thani → Muang Thong Thani)",
              "name:th": "รถไฟฟ้ามหานคร สายสีชมพู (ทะเลสาบเมืองทองธานี → เมืองทองธานี)",
              "network": "Metropolitan Rapid Transit",
              "network:short": "MRT",
              "network:wikidata": "Q806485",
              "operator": "นอร์ทเทิร์นบางกอกโมโนเรล",
              "public_transport:version": "2",
              "ref": "IMPACT Link",
              "route": "monorail",
              "to": "เมืองทองธานี",
              "type": "route",
              "wikidata": "Q134883230"
            }
          }
        ]
      },
      "geometry": {
        "type": "Point",
        "coordinates": [
          100.5456518,
          13.9183794
        ]
      },
      "id": "node/8067064024"
    },
    {
      "type": "Feature",
      "properties": {
        "@id": "node/12885438030",
        "@relations": [
          {
            "role": "stop",
            "rel": 19407241,
            "reltags": {
              "colour": "#02817D",
              "from": "กรุงธนบุรี",
              "name": "ขบวนเสริม รถไฟฟ้าบีทีเอส สายสีลม (กรุงธนบุรี → บางหว้า)",
              "name:en": "BTS Silom Line Supplementary Route (Krung Thon Buri → Bang Wa)",
              "name:th": "ขบวนเสริม รถไฟฟ้าบีทีเอส สายสีลม (กรุงธนบุรี → บางหว้า)",
              "network": "รถไฟฟ้าบีทีเอส",
              "network:en": "BTS Skytrain",
              "network:short": "BTS",
              "network:th": "รถไฟฟ้าบีทีเอส",
              "network:wikidata": "Q806501",
              "operator": "ระบบขนส่งมวลชนกรุงเทพ",
              "operator:en": "Bangkok Mass Transit System;BTSC",
              "public_transport:version": "2",
              "ref": "สีลม",
              "route": "subway",
              "to": "บางหว้า",
              "type": "route",
              "wikidata": "Q2634702",
              "wikipedia": "th:รถไฟฟ้าบีทีเอส สายสีลม"
            }
          }
        ]
      },
      "geometry": {
        "type": "Point",
        "coordinates": [
          100.5027183,
          13.7209129
        ]
      },
      "id": "node/12885438030"
    },
    {
      "type": "Feature",
      "properties": {
        "@id": "node/12885438053",
        "@relations": [
          {
            "role": "stop",
            "rel": 19407241,
            "reltags": {
              "colour": "#02817D",
              "from": "กรุงธนบุรี",
              "name": "ขบวนเสริม รถไฟฟ้าบีทีเอส สายสีลม (กรุงธนบุรี → บางหว้า)",
              "name:en": "BTS Silom Line Supplementary Route (Krung Thon Buri → Bang Wa)",
              "name:th": "ขบวนเสริม รถไฟฟ้าบีทีเอส สายสีลม (กรุงธนบุรี → บางหว้า)",
              "network": "รถไฟฟ้าบีทีเอส",
              "network:en": "BTS Skytrain",
              "network:short": "BTS",
              "network:th": "รถไฟฟ้าบีทีเอส",
              "network:wikidata": "Q806501",
              "operator": "ระบบขนส่งมวลชนกรุงเทพ",
              "operator:en": "Bangkok Mass Transit System;BTSC",
              "public_transport:version": "2",
              "ref": "สีลม",
              "route": "subway",
              "to": "บางหว้า",
              "type": "route",
              "wikidata": "Q2634702",
              "wikipedia": "th:รถไฟฟ้าบีทีเอส สายสีลม"
            }
          }
        ]
      },
      "geometry": {
        "type": "Point",
        "coordinates": [
          100.4951564,
          13.7210685
        ]
      },
      "id": "node/12885438053"
    },
    {
      "type": "Feature",
      "properties": {
        "@id": "node/12885438094",
        "@relations": [
          {
            "role": "stop",
            "rel": 19407241,
            "reltags": {
              "colour": "#02817D",
              "from": "กรุงธนบุรี",
              "name": "ขบวนเสริม รถไฟฟ้าบีทีเอส สายสีลม (กรุงธนบุรี → บางหว้า)",
              "name:en": "BTS Silom Line Supplementary Route (Krung Thon Buri → Bang Wa)",
              "name:th": "ขบวนเสริม รถไฟฟ้าบีทีเอส สายสีลม (กรุงธนบุรี → บางหว้า)",
              "network": "รถไฟฟ้าบีทีเอส",
              "network:en": "BTS Skytrain",
              "network:short": "BTS",
              "network:th": "รถไฟฟ้าบีทีเอส",
              "network:wikidata": "Q806501",
              "operator": "ระบบขนส่งมวลชนกรุงเทพ",
              "operator:en": "Bangkok Mass Transit System;BTSC",
              "public_transport:version": "2",
              "ref": "สีลม",
              "route": "subway",
              "to": "บางหว้า",
              "type": "route",
              "wikidata": "Q2634702",
              "wikipedia": "th:รถไฟฟ้าบีทีเอส สายสีลม"
            }
          }
        ]
      },
      "geometry": {
        "type": "Point",
        "coordinates": [
          100.4859751,
          13.7192286
        ]
      },
      "id": "node/12885438094"
    },
    {
      "type": "Feature",
      "properties": {
        "@id": "node/12885474280",
        "@relations": [
          {
            "role": "stop",
            "rel": 19407241,
            "reltags": {
              "colour": "#02817D",
              "from": "กรุงธนบุรี",
              "name": "ขบวนเสริม รถไฟฟ้าบีทีเอส สายสีลม (กรุงธนบุรี → บางหว้า)",
              "name:en": "BTS Silom Line Supplementary Route (Krung Thon Buri → Bang Wa)",
              "name:th": "ขบวนเสริม รถไฟฟ้าบีทีเอส สายสีลม (กรุงธนบุรี → บางหว้า)",
              "network": "รถไฟฟ้าบีทีเอส",
              "network:en": "BTS Skytrain",
              "network:short": "BTS",
              "network:th": "รถไฟฟ้าบีทีเอส",
              "network:wikidata": "Q806501",
              "operator": "ระบบขนส่งมวลชนกรุงเทพ",
              "operator:en": "Bangkok Mass Transit System;BTSC",
              "public_transport:version": "2",
              "ref": "สีลม",
              "route": "subway",
              "to": "บางหว้า",
              "type": "route",
              "wikidata": "Q2634702",
              "wikipedia": "th:รถไฟฟ้าบีทีเอส สายสีลม"
            }
          }
        ]
      },
      "geometry": {
        "type": "Point",
        "coordinates": [
          100.4766992,
          13.7142066
        ]
      },
      "id": "node/12885474280"
    },
    {
      "type": "Feature",
      "properties": {
        "@id": "node/12885483032",
        "@relations": [
          {
            "role": "stop",
            "rel": 19407241,
            "reltags": {
              "colour": "#02817D",
              "from": "กรุงธนบุรี",
              "name": "ขบวนเสริม รถไฟฟ้าบีทีเอส สายสีลม (กรุงธนบุรี → บางหว้า)",
              "name:en": "BTS Silom Line Supplementary Route (Krung Thon Buri → Bang Wa)",
              "name:th": "ขบวนเสริม รถไฟฟ้าบีทีเอส สายสีลม (กรุงธนบุรี → บางหว้า)",
              "network": "รถไฟฟ้าบีทีเอส",
              "network:en": "BTS Skytrain",
              "network:short": "BTS",
              "network:th": "รถไฟฟ้าบีทีเอส",
              "network:wikidata": "Q806501",
              "operator": "ระบบขนส่งมวลชนกรุงเทพ",
              "operator:en": "Bangkok Mass Transit System;BTSC",
              "public_transport:version": "2",
              "ref": "สีลม",
              "route": "subway",
              "to": "บางหว้า",
              "type": "route",
              "wikidata": "Q2634702",
              "wikipedia": "th:รถไฟฟ้าบีทีเอส สายสีลม"
            }
          }
        ]
      },
      "geometry": {
        "type": "Point",
        "coordinates": [
          100.4689006,
          13.7130133
        ]
      },
      "id": "node/12885483032"
    },
    {
      "type": "Feature",
      "properties": {
        "@id": "node/12885483033",
        "@relations": [
          {
            "role": "stop",
            "rel": 19407242,
            "reltags": {
              "colour": "#02817D",
              "from": "บางหว้า",
              "name": "ขบวนเสริม รถไฟฟ้าบีทีเอส สายสีลม (บางหว้า → กรุงธนบุรี)",
              "name:en": "BTS Silom Line Supplementary Route (Bang Wa → Krung Thon Buri)",
              "name:th": "ขบวนเสริม รถไฟฟ้าบีทีเอส สายสีลม (บางหว้า → กรุงธนบุรี)",
              "network": "รถไฟฟ้าบีทีเอส",
              "network:en": "BTS Skytrain",
              "network:short": "BTS",
              "network:th": "รถไฟฟ้าบีทีเอส",
              "network:wikidata": "Q806501",
              "operator": "ระบบขนส่งมวลชนกรุงเทพ",
              "operator:en": "Bangkok Mass Transit System;BTSC",
              "public_transport:version": "2",
              "ref": "สีลม",
              "route": "subway",
              "to": "กรุงธนบุรี",
              "type": "route",
              "wikidata": "Q2634702",
              "wikipedia": "th:รถไฟฟ้าบีทีเอส สายสีลม"
            }
          }
        ]
      },
      "geometry": {
        "type": "Point",
        "coordinates": [
          100.4689201,
          13.7130504
        ]
      },
      "id": "node/12885483033"
    },
    {
      "type": "Feature",
      "properties": {
        "@id": "node/12885474281",
        "@relations": [
          {
            "role": "stop",
            "rel": 19407242,
            "reltags": {
              "colour": "#02817D",
              "from": "บางหว้า",
              "name": "ขบวนเสริม รถไฟฟ้าบีทีเอส สายสีลม (บางหว้า → กรุงธนบุรี)",
              "name:en": "BTS Silom Line Supplementary Route (Bang Wa → Krung Thon Buri)",
              "name:th": "ขบวนเสริม รถไฟฟ้าบีทีเอส สายสีลม (บางหว้า → กรุงธนบุรี)",
              "network": "รถไฟฟ้าบีทีเอส",
              "network:en": "BTS Skytrain",
              "network:short": "BTS",
              "network:th": "รถไฟฟ้าบีทีเอส",
              "network:wikidata": "Q806501",
              "operator": "ระบบขนส่งมวลชนกรุงเทพ",
              "operator:en": "Bangkok Mass Transit System;BTSC",
              "public_transport:version": "2",
              "ref": "สีลม",
              "route": "subway",
              "to": "กรุงธนบุรี",
              "type": "route",
              "wikidata": "Q2634702",
              "wikipedia": "th:รถไฟฟ้าบีทีเอส สายสีลม"
            }
          }
        ]
      },
      "geometry": {
        "type": "Point",
        "coordinates": [
          100.4766775,
          13.7142443
        ]
      },
      "id": "node/12885474281"
    },
    {
      "type": "Feature",
      "properties": {
        "@id": "node/12885438093",
        "@relations": [
          {
            "role": "stop",
            "rel": 19407242,
            "reltags": {
              "colour": "#02817D",
              "from": "บางหว้า",
              "name": "ขบวนเสริม รถไฟฟ้าบีทีเอส สายสีลม (บางหว้า → กรุงธนบุรี)",
              "name:en": "BTS Silom Line Supplementary Route (Bang Wa → Krung Thon Buri)",
              "name:th": "ขบวนเสริม รถไฟฟ้าบีทีเอส สายสีลม (บางหว้า → กรุงธนบุรี)",
              "network": "รถไฟฟ้าบีทีเอส",
              "network:en": "BTS Skytrain",
              "network:short": "BTS",
              "network:th": "รถไฟฟ้าบีทีเอส",
              "network:wikidata": "Q806501",
              "operator": "ระบบขนส่งมวลชนกรุงเทพ",
              "operator:en": "Bangkok Mass Transit System;BTSC",
              "public_transport:version": "2",
              "ref": "สีลม",
              "route": "subway",
              "to": "กรุงธนบุรี",
              "type": "route",
              "wikidata": "Q2634702",
              "wikipedia": "th:รถไฟฟ้าบีทีเอส สายสีลม"
            }
          }
        ]
      },
      "geometry": {
        "type": "Point",
        "coordinates": [
          100.4859652,
          13.7192674
        ]
      },
      "id": "node/12885438093"
    },
    {
      "type": "Feature",
      "properties": {
        "@id": "node/12885438052",
        "@relations": [
          {
            "role": "stop",
            "rel": 19407242,
            "reltags": {
              "colour": "#02817D",
              "from": "บางหว้า",
              "name": "ขบวนเสริม รถไฟฟ้าบีทีเอส สายสีลม (บางหว้า → กรุงธนบุรี)",
              "name:en": "BTS Silom Line Supplementary Route (Bang Wa → Krung Thon Buri)",
              "name:th": "ขบวนเสริม รถไฟฟ้าบีทีเอส สายสีลม (บางหว้า → กรุงธนบุรี)",
              "network": "รถไฟฟ้าบีทีเอส",
              "network:en": "BTS Skytrain",
              "network:short": "BTS",
              "network:th": "รถไฟฟ้าบีทีเอส",
              "network:wikidata": "Q806501",
              "operator": "ระบบขนส่งมวลชนกรุงเทพ",
              "operator:en": "Bangkok Mass Transit System;BTSC",
              "public_transport:version": "2",
              "ref": "สีลม",
              "route": "subway",
              "to": "กรุงธนบุรี",
              "type": "route",
              "wikidata": "Q2634702",
              "wikipedia": "th:รถไฟฟ้าบีทีเอส สายสีลม"
            }
          }
        ]
      },
      "geometry": {
        "type": "Point",
        "coordinates": [
          100.4951556,
          13.7211086
        ]
      },
      "id": "node/12885438052"
    },
    {
      "type": "Feature",
      "properties": {
        "@id": "node/12885438029",
        "@relations": [
          {
            "role": "stop",
            "rel": 19407242,
            "reltags": {
              "colour": "#02817D",
              "from": "บางหว้า",
              "name": "ขบวนเสริม รถไฟฟ้าบีทีเอส สายสีลม (บางหว้า → กรุงธนบุรี)",
              "name:en": "BTS Silom Line Supplementary Route (Bang Wa → Krung Thon Buri)",
              "name:th": "ขบวนเสริม รถไฟฟ้าบีทีเอส สายสีลม (บางหว้า → กรุงธนบุรี)",
              "network": "รถไฟฟ้าบีทีเอส",
              "network:en": "BTS Skytrain",
              "network:short": "BTS",
              "network:th": "รถไฟฟ้าบีทีเอส",
              "network:wikidata": "Q806501",
              "operator": "ระบบขนส่งมวลชนกรุงเทพ",
              "operator:en": "Bangkok Mass Transit System;BTSC",
              "public_transport:version": "2",
              "ref": "สีลม",
              "route": "subway",
              "to": "กรุงธนบุรี",
              "type": "route",
              "wikidata": "Q2634702",
              "wikipedia": "th:รถไฟฟ้าบีทีเอส สายสีลม"
            }
          }
        ]
      },
      "geometry": {
        "type": "Point",
        "coordinates": [
          100.5027177,
          13.7209558
        ]
      },
      "id": "node/12885438029"
    },
    {
      "type": "Feature",
      "properties": {
        "@id": "node/13373875189",
        "@relations": [
          {
            "role": "",
            "rel": 19955655,
            "reltags": {
              "name": "ระบบขนส่งผู้โดยสารอัตโนมัติ ท่าอากาศยานสุวรรณภูมิ",
              "name:en": "Suvarnabhumi Airport Automated People Move",
              "name:th": "ระบบขนส่งผู้โดยสารอัตโนมัติ ท่าอากาศยานสุวรรณภูมิ",
              "route": "light_rail",
              "type": "route",
              "wikidata": "Q123569532",
              "wikipedia": "th:ระบบขนส่งผู้โดยสารอัตโนมัติ ท่าอากาศยานสุวรรณภูมิ"
            }
          }
        ]
      },
      "geometry": {
        "type": "Point",
        "coordinates": [
          100.7504793,
          13.6914254
        ]
      },
      "id": "node/13373875189"
    },
    {
      "type": "Feature",
      "properties": {
        "@id": "node/13373875190",
        "@relations": [
          {
            "role": "",
            "rel": 19955655,
            "reltags": {
              "name": "ระบบขนส่งผู้โดยสารอัตโนมัติ ท่าอากาศยานสุวรรณภูมิ",
              "name:en": "Suvarnabhumi Airport Automated People Move",
              "name:th": "ระบบขนส่งผู้โดยสารอัตโนมัติ ท่าอากาศยานสุวรรณภูมิ",
              "route": "light_rail",
              "type": "route",
              "wikidata": "Q123569532",
              "wikipedia": "th:ระบบขนส่งผู้โดยสารอัตโนมัติ ท่าอากาศยานสุวรรณภูมิ"
            }
          }
        ]
      },
      "geometry": {
        "type": "Point",
        "coordinates": [
          100.7482188,
          13.6824933
        ]
      },
      "id": "node/13373875190"
    }
  ]
}